TrainingArguments(
_n_gpu=1,
accelerator_config={'split_batches': False, 'dispatch_batches': None, 'even_batches': True, 'use_seedable_sampler': True, 'non_blocking': False, 'gradient_accumulation_kwargs': None, 'use_configured_state': False},
adafactor=False,
adam_beta1=0.9,
adam_beta2=0.999,
adam_epsilon=1e-08,
auto_find_batch_size=False,
batch_eval_metrics=False,
bf16=False,
bf16_full_eval=False,
data_seed=None,
dataloader_drop_last=False,
dataloader_num_workers=0,
dataloader_persistent_workers=False,
dataloader_pin_memory=True,
dataloader_prefetch_factor=None,
ddp_backend=None,
ddp_broadcast_buffers=None,
ddp_bucket_cap_mb=None,
ddp_find_unused_parameters=None,
ddp_timeout=1800,
debug=[],
deepspeed=None,
disable_tqdm=False,
dispatch_batches=None,
do_eval=False,
do_predict=False,
do_train=True,
eval_accumulation_steps=None,
eval_delay=0,
eval_do_concat_batches=True,
eval_on_start=False,
eval_steps=None,
eval_strategy=IntervalStrategy.NO,
eval_use_gather_object=False,
evaluation_strategy=None,
fp16=False,
fp16_backend=auto,
fp16_full_eval=False,
fp16_opt_level=O1,
fsdp=[],
fsdp_config={'min_num_params': 0, 'xla': False, 'xla_fsdp_v2': False, 'xla_fsdp_grad_ckpt': False},
fsdp_min_num_params=0,
fsdp_transformer_layer_cls_to_wrap=None,
full_determinism=False,
gradient_accumulation_steps=1,
gradient_checkpointing=True,
gradient_checkpointing_kwargs={'use_reentrant': False},
greater_is_better=None,
group_by_length=False,
half_precision_backend=auto,
hub_always_push=False,
hub_model_id=None,
hub_private_repo=False,
hub_strategy=HubStrategy.EVERY_SAVE,
hub_token=<HUB_TOKEN>,
ignore_data_skip=False,
include_inputs_for_metrics=False,
include_num_input_tokens_seen=False,
include_tokens_per_second=False,
jit_mode_eval=False,
label_names=None,
label_smoothing_factor=0.0,
learning_rate=0.0002,
length_column_name=length,
load_best_model_at_end=False,
local_rank=0,
log_level=passive,
log_level_replica=warning,
log_on_each_node=True,
logging_dir=outputs/crds_step500_failure/AmazonMix-6/crds_no_transition/runs/Jul04_21-09-19_ubuntu-4U-GPU-Server,
logging_first_step=False,
logging_nan_inf_filter=True,
logging_steps=1,
logging_strategy=IntervalStrategy.STEPS,
lr_scheduler_kwargs={},
lr_scheduler_type=SchedulerType.LINEAR,
max_grad_norm=1.0,
max_steps=-1,
metric_for_best_model=None,
mp_parameters=,
neftune_noise_alpha=None,
no_cuda=False,
num_train_epochs=5,
optim=OptimizerNames.ADAMW_TORCH,
optim_args=None,
optim_target_modules=None,
output_dir=outputs/crds_step500_failure/AmazonMix-6/crds_no_transition,
overwrite_output_dir=False,
past_index=-1,
per_device_eval_batch_size=256,
per_device_train_batch_size=256,
prediction_loss_only=False,
push_to_hub=False,
push_to_hub_model_id=None,
push_to_hub_organization=None,
push_to_hub_token=<PUSH_TO_HUB_TOKEN>,
ray_scope=last,
remove_unused_columns=False,
report_to=[],
restore_callback_states_from_checkpoint=False,
resume_from_checkpoint=output/iem_stage2_crds/Qwen2-0.5B-AmazonMix6-CSFT/checkpoint-100,
run_name=outputs/crds_step500_failure/AmazonMix-6/crds_no_transition,
save_on_each_node=False,
save_only_model=False,
save_safetensors=True,
save_steps=100,
save_strategy=IntervalStrategy.STEPS,
save_total_limit=None,
seed=42,
skip_memory_metrics=True,
split_batches=None,
tf32=None,
torch_compile=False,
torch_compile_backend=None,
torch_compile_mode=None,
torch_empty_cache_steps=None,
torchdynamo=None,
tpu_metrics_debug=False,
tpu_num_cores=None,
use_cpu=False,
use_ipex=False,
use_legacy_prediction_loop=False,
use_mps_device=False,
warmup_ratio=0.0,
warmup_steps=300,
weight_decay=0.0,
)
{'loss': 0.0302, 'grad_norm': 0.09033203125, 'learning_rate': 6.733333333333333e-05, 'loss_simcse': 0.02880859375, 'loss_crds': 0.027731098234653473, 'loss_total': 0.030195148661732674, 'avg_crds_neg_weight': 0.09573023021221161, 'avg_crds_reliability': 0.44415247440338135, 'avg_crds_semantic_similarity': 0.4730958640575409, 'avg_crds_cf_distance': 0.20439374446868896, 'num_valid_crds_neg': 202.0, 'epoch': 0.24}
{'loss': 0.0308, 'grad_norm': 0.1826171875, 'learning_rate': 6.800000000000001e-05, 'loss_simcse': 0.02978515625, 'loss_crds': 0.019578052684664726, 'loss_total': 0.030764058232307434, 'avg_crds_neg_weight': 0.0993766263127327, 'avg_crds_reliability': 0.44072040915489197, 'avg_crds_semantic_similarity': 0.4520914852619171, 'avg_crds_cf_distance': 0.2032601684331894, 'num_valid_crds_neg': 195.0, 'epoch': 0.24}
{'loss': 0.0382, 'grad_norm': 1.203125, 'learning_rate': 6.866666666666666e-05, 'loss_simcse': 0.036865234375, 'loss_crds': 0.027362653985619545, 'loss_total': 0.03823336586356163, 'avg_crds_neg_weight': 0.09527232497930527, 'avg_crds_reliability': 0.4492243230342865, 'avg_crds_semantic_similarity': 0.4730290472507477, 'avg_crds_cf_distance': 0.1960519254207611, 'num_valid_crds_neg': 177.0, 'epoch': 0.24}
{'loss': 0.0277, 'grad_norm': 0.0693359375, 'learning_rate': 6.933333333333334e-05, 'loss_simcse': 0.0263671875, 'loss_crds': 0.027502059936523438, 'loss_total': 0.0277422908693552, 'avg_crds_neg_weight': 0.10123216360807419, 'avg_crds_reliability': 0.4566844403743744, 'avg_crds_semantic_similarity': 0.47093766927719116, 'avg_crds_cf_distance': 0.20826202630996704, 'num_valid_crds_neg': 170.0, 'epoch': 0.24}
{'loss': 0.03, 'grad_norm': 0.10302734375, 'learning_rate': 7e-05, 'loss_simcse': 0.0289306640625, 'loss_crds': 0.021072611212730408, 'loss_total': 0.02998429536819458, 'avg_crds_neg_weight': 0.09209850430488586, 'avg_crds_reliability': 0.43628913164138794, 'avg_crds_semantic_similarity': 0.4631856083869934, 'avg_crds_cf_distance': 0.20625300705432892, 'num_valid_crds_neg': 183.0, 'epoch': 0.25}
{'loss': 0.0293, 'grad_norm': 0.0986328125, 'learning_rate': 7.066666666666667e-05, 'loss_simcse': 0.0283203125, 'loss_crds': 0.019129274412989616, 'loss_total': 0.029276777058839798, 'avg_crds_neg_weight': 0.09290926903486252, 'avg_crds_reliability': 0.444329172372818, 'avg_crds_semantic_similarity': 0.4683755934238434, 'avg_crds_cf_distance': 0.2191554605960846, 'num_valid_crds_neg': 165.0, 'epoch': 0.25}
{'loss': 0.0314, 'grad_norm': 0.130859375, 'learning_rate': 7.133333333333334e-05, 'loss_simcse': 0.02978515625, 'loss_crds': 0.0327489972114563, 'loss_total': 0.031422607600688934, 'avg_crds_neg_weight': 0.09194458276033401, 'avg_crds_reliability': 0.45089083909988403, 'avg_crds_semantic_similarity': 0.5095938444137573, 'avg_crds_cf_distance': 0.20935103297233582, 'num_valid_crds_neg': 139.0, 'epoch': 0.25}
{'loss': 0.0278, 'grad_norm': 0.1201171875, 'learning_rate': 7.2e-05, 'loss_simcse': 0.027099609375, 'loss_crds': 0.014450253918766975, 'loss_total': 0.02782212197780609, 'avg_crds_neg_weight': 0.09215668588876724, 'avg_crds_reliability': 0.4342093765735626, 'avg_crds_semantic_similarity': 0.4453645944595337, 'avg_crds_cf_distance': 0.1960732340812683, 'num_valid_crds_neg': 147.0, 'epoch': 0.25}
{'loss': 0.0289, 'grad_norm': 0.09326171875, 'learning_rate': 7.266666666666667e-05, 'loss_simcse': 0.027587890625, 'loss_crds': 0.02708306536078453, 'loss_total': 0.0289420448243618, 'avg_crds_neg_weight': 0.09912136197090149, 'avg_crds_reliability': 0.4827001988887787, 'avg_crds_semantic_similarity': 0.4730084538459778, 'avg_crds_cf_distance': 0.22113429009914398, 'num_valid_crds_neg': 146.0, 'epoch': 0.26}
{'loss': 0.0336, 'grad_norm': 0.107421875, 'learning_rate': 7.333333333333333e-05, 'loss_simcse': 0.031982421875, 'loss_crds': 0.03200526908040047, 'loss_total': 0.03358268365263939, 'avg_crds_neg_weight': 0.10358373820781708, 'avg_crds_reliability': 0.4647642970085144, 'avg_crds_semantic_similarity': 0.4831835925579071, 'avg_crds_cf_distance': 0.21234452724456787, 'num_valid_crds_neg': 163.0, 'epoch': 0.26}
{'loss': 0.029, 'grad_norm': 0.0888671875, 'learning_rate': 7.4e-05, 'loss_simcse': 0.027099609375, 'loss_crds': 0.037954121828079224, 'loss_total': 0.02899731509387493, 'avg_crds_neg_weight': 0.09468832612037659, 'avg_crds_reliability': 0.4684997498989105, 'avg_crds_semantic_similarity': 0.4786756932735443, 'avg_crds_cf_distance': 0.22075481712818146, 'num_valid_crds_neg': 179.0, 'epoch': 0.26}
{'loss': 0.0345, 'grad_norm': 0.1328125, 'learning_rate': 7.466666666666667e-05, 'loss_simcse': 0.032958984375, 'loss_crds': 0.031626585870981216, 'loss_total': 0.034540314227342606, 'avg_crds_neg_weight': 0.10354163497686386, 'avg_crds_reliability': 0.4772840142250061, 'avg_crds_semantic_similarity': 0.4757625162601471, 'avg_crds_cf_distance': 0.22919142246246338, 'num_valid_crds_neg': 183.0, 'epoch': 0.26}
{'loss': 0.0326, 'grad_norm': 0.0869140625, 'learning_rate': 7.533333333333334e-05, 'loss_simcse': 0.03173828125, 'loss_crds': 0.01752518303692341, 'loss_total': 0.03261454030871391, 'avg_crds_neg_weight': 0.08398309350013733, 'avg_crds_reliability': 0.403337687253952, 'avg_crds_semantic_similarity': 0.45931434631347656, 'avg_crds_cf_distance': 0.19856223464012146, 'num_valid_crds_neg': 160.0, 'epoch': 0.27}
{'loss': 0.0274, 'grad_norm': 0.07421875, 'learning_rate': 7.6e-05, 'loss_simcse': 0.0262451171875, 'loss_crds': 0.02248205803334713, 'loss_total': 0.027369219809770584, 'avg_crds_neg_weight': 0.101572185754776, 'avg_crds_reliability': 0.4572475254535675, 'avg_crds_semantic_similarity': 0.4642462730407715, 'avg_crds_cf_distance': 0.2078951597213745, 'num_valid_crds_neg': 184.0, 'epoch': 0.27}
{'loss': 0.0372, 'grad_norm': 1.03125, 'learning_rate': 7.666666666666667e-05, 'loss_simcse': 0.0361328125, 'loss_crds': 0.02169499546289444, 'loss_total': 0.03721756115555763, 'avg_crds_neg_weight': 0.08801471441984177, 'avg_crds_reliability': 0.42409664392471313, 'avg_crds_semantic_similarity': 0.45955437421798706, 'avg_crds_cf_distance': 0.21764403581619263, 'num_valid_crds_neg': 181.0, 'epoch': 0.27}
{'loss': 0.0277, 'grad_norm': 0.0888671875, 'learning_rate': 7.733333333333333e-05, 'loss_simcse': 0.02685546875, 'loss_crds': 0.0164754968136549, 'loss_total': 0.027679244056344032, 'avg_crds_neg_weight': 0.08958480507135391, 'avg_crds_reliability': 0.4225340783596039, 'avg_crds_semantic_similarity': 0.4596790671348572, 'avg_crds_cf_distance': 0.19660399854183197, 'num_valid_crds_neg': 141.0, 'epoch': 0.27}
{'loss': 0.0291, 'grad_norm': 0.09814453125, 'learning_rate': 7.800000000000001e-05, 'loss_simcse': 0.0279541015625, 'loss_crds': 0.022017663344740868, 'loss_total': 0.02905498445034027, 'avg_crds_neg_weight': 0.09962241351604462, 'avg_crds_reliability': 0.458448588848114, 'avg_crds_semantic_similarity': 0.4827825129032135, 'avg_crds_cf_distance': 0.2045939415693283, 'num_valid_crds_neg': 177.0, 'epoch': 0.28}
{'loss': 0.0274, 'grad_norm': 0.09912109375, 'learning_rate': 7.866666666666666e-05, 'loss_simcse': 0.0262451171875, 'loss_crds': 0.02392003871500492, 'loss_total': 0.02744111977517605, 'avg_crds_neg_weight': 0.0914626270532608, 'avg_crds_reliability': 0.433061420917511, 'avg_crds_semantic_similarity': 0.467438280582428, 'avg_crds_cf_distance': 0.21040278673171997, 'num_valid_crds_neg': 165.0, 'epoch': 0.28}
{'loss': 0.0287, 'grad_norm': 0.103515625, 'learning_rate': 7.933333333333334e-05, 'loss_simcse': 0.027587890625, 'loss_crds': 0.02274852991104126, 'loss_total': 0.028725316748023033, 'avg_crds_neg_weight': 0.09742601960897446, 'avg_crds_reliability': 0.44481030106544495, 'avg_crds_semantic_similarity': 0.4589812457561493, 'avg_crds_cf_distance': 0.20802098512649536, 'num_valid_crds_neg': 184.0, 'epoch': 0.28}
{'loss': 0.0262, 'grad_norm': 0.08984375, 'learning_rate': 8e-05, 'loss_simcse': 0.025146484375, 'loss_crds': 0.021662507206201553, 'loss_total': 0.026229608803987503, 'avg_crds_neg_weight': 0.09895745664834976, 'avg_crds_reliability': 0.47194138169288635, 'avg_crds_semantic_similarity': 0.4630986750125885, 'avg_crds_cf_distance': 0.2153221219778061, 'num_valid_crds_neg': 160.0, 'epoch': 0.28}
{'loss': 0.0286, 'grad_norm': 0.208984375, 'learning_rate': 8.066666666666667e-05, 'loss_simcse': 0.0274658203125, 'loss_crds': 0.02230999991297722, 'loss_total': 0.028581321239471436, 'avg_crds_neg_weight': 0.09782101213932037, 'avg_crds_reliability': 0.45059332251548767, 'avg_crds_semantic_similarity': 0.45744752883911133, 'avg_crds_cf_distance': 0.20846585929393768, 'num_valid_crds_neg': 188.0, 'epoch': 0.28}
{'loss': 0.0319, 'grad_norm': 0.103515625, 'learning_rate': 8.133333333333334e-05, 'loss_simcse': 0.0306396484375, 'loss_crds': 0.025747835636138916, 'loss_total': 0.031927041709423065, 'avg_crds_neg_weight': 0.09977701306343079, 'avg_crds_reliability': 0.4392489492893219, 'avg_crds_semantic_similarity': 0.471876859664917, 'avg_crds_cf_distance': 0.2117122858762741, 'num_valid_crds_neg': 181.0, 'epoch': 0.29}
{'loss': 0.027, 'grad_norm': 0.09521484375, 'learning_rate': 8.2e-05, 'loss_simcse': 0.0260009765625, 'loss_crds': 0.019595185294747353, 'loss_total': 0.02698073536157608, 'avg_crds_neg_weight': 0.09978410601615906, 'avg_crds_reliability': 0.4573008120059967, 'avg_crds_semantic_similarity': 0.45927590131759644, 'avg_crds_cf_distance': 0.20153792202472687, 'num_valid_crds_neg': 147.0, 'epoch': 0.29}
{'loss': 0.0273, 'grad_norm': 0.0947265625, 'learning_rate': 8.266666666666667e-05, 'loss_simcse': 0.0262451171875, 'loss_crds': 0.02128724940121174, 'loss_total': 0.0273094791918993, 'avg_crds_neg_weight': 0.10060569643974304, 'avg_crds_reliability': 0.44969692826271057, 'avg_crds_semantic_similarity': 0.4586402475833893, 'avg_crds_cf_distance': 0.20652104914188385, 'num_valid_crds_neg': 183.0, 'epoch': 0.29}
{'loss': 0.0361, 'grad_norm': 0.12060546875, 'learning_rate': 8.333333333333334e-05, 'loss_simcse': 0.034912109375, 'loss_crds': 0.022995010018348694, 'loss_total': 0.036061860620975494, 'avg_crds_neg_weight': 0.08929023146629333, 'avg_crds_reliability': 0.4308037757873535, 'avg_crds_semantic_similarity': 0.4657389223575592, 'avg_crds_cf_distance': 0.1862105429172516, 'num_valid_crds_neg': 177.0, 'epoch': 0.29}
{'loss': 0.0268, 'grad_norm': 0.09326171875, 'learning_rate': 8.4e-05, 'loss_simcse': 0.0257568359375, 'loss_crds': 0.021771984174847603, 'loss_total': 0.026845434680581093, 'avg_crds_neg_weight': 0.08770105242729187, 'avg_crds_reliability': 0.4420645833015442, 'avg_crds_semantic_similarity': 0.4569949805736542, 'avg_crds_cf_distance': 0.20788952708244324, 'num_valid_crds_neg': 165.0, 'epoch': 0.3}
{'loss': 0.0269, 'grad_norm': 0.08837890625, 'learning_rate': 8.466666666666667e-05, 'loss_simcse': 0.025634765625, 'loss_crds': 0.0243452787399292, 'loss_total': 0.02685203030705452, 'avg_crds_neg_weight': 0.0939662903547287, 'avg_crds_reliability': 0.4533805549144745, 'avg_crds_semantic_similarity': 0.4748223125934601, 'avg_crds_cf_distance': 0.20570407807826996, 'num_valid_crds_neg': 184.0, 'epoch': 0.3}
{'loss': 0.0273, 'grad_norm': 0.10009765625, 'learning_rate': 8.533333333333334e-05, 'loss_simcse': 0.0260009765625, 'loss_crds': 0.025088490918278694, 'loss_total': 0.027255401015281677, 'avg_crds_neg_weight': 0.0985141471028328, 'avg_crds_reliability': 0.461184024810791, 'avg_crds_semantic_similarity': 0.47935590147972107, 'avg_crds_cf_distance': 0.22134767472743988, 'num_valid_crds_neg': 212.0, 'epoch': 0.3}
{'loss': 0.0262, 'grad_norm': 0.10498046875, 'learning_rate': 8.6e-05, 'loss_simcse': 0.0252685546875, 'loss_crds': 0.01822175458073616, 'loss_total': 0.026179641485214233, 'avg_crds_neg_weight': 0.08736423403024673, 'avg_crds_reliability': 0.43976107239723206, 'avg_crds_semantic_similarity': 0.4692733585834503, 'avg_crds_cf_distance': 0.2090320587158203, 'num_valid_crds_neg': 197.0, 'epoch': 0.3}
{'loss': 0.0275, 'grad_norm': 0.13671875, 'learning_rate': 8.666666666666667e-05, 'loss_simcse': 0.0264892578125, 'loss_crds': 0.019983867183327675, 'loss_total': 0.027488451451063156, 'avg_crds_neg_weight': 0.08482582122087479, 'avg_crds_reliability': 0.43899866938591003, 'avg_crds_semantic_similarity': 0.4809179902076721, 'avg_crds_cf_distance': 0.20892922580242157, 'num_valid_crds_neg': 150.0, 'epoch': 0.31}
{'loss': 0.0276, 'grad_norm': 0.14453125, 'learning_rate': 8.733333333333333e-05, 'loss_simcse': 0.026611328125, 'loss_crds': 0.019764816388487816, 'loss_total': 0.027599569410085678, 'avg_crds_neg_weight': 0.09408552199602127, 'avg_crds_reliability': 0.44484150409698486, 'avg_crds_semantic_similarity': 0.4593510329723358, 'avg_crds_cf_distance': 0.22283536195755005, 'num_valid_crds_neg': 202.0, 'epoch': 0.31}
{'loss': 0.0269, 'grad_norm': 0.10107421875, 'learning_rate': 8.800000000000001e-05, 'loss_simcse': 0.0257568359375, 'loss_crds': 0.022622672840952873, 'loss_total': 0.02688797004520893, 'avg_crds_neg_weight': 0.09536154568195343, 'avg_crds_reliability': 0.43937596678733826, 'avg_crds_semantic_similarity': 0.4755783677101135, 'avg_crds_cf_distance': 0.20388060808181763, 'num_valid_crds_neg': 158.0, 'epoch': 0.31}
{'loss': 0.0278, 'grad_norm': 0.1064453125, 'learning_rate': 8.866666666666668e-05, 'loss_simcse': 0.026123046875, 'loss_crds': 0.03320696949958801, 'loss_total': 0.02778339572250843, 'avg_crds_neg_weight': 0.10628999024629593, 'avg_crds_reliability': 0.4757952392101288, 'avg_crds_semantic_similarity': 0.48480576276779175, 'avg_crds_cf_distance': 0.21362994611263275, 'num_valid_crds_neg': 179.0, 'epoch': 0.31}
{'loss': 0.0259, 'grad_norm': 0.1025390625, 'learning_rate': 8.933333333333334e-05, 'loss_simcse': 0.02490234375, 'loss_crds': 0.020739905536174774, 'loss_total': 0.0259393397718668, 'avg_crds_neg_weight': 0.09928353875875473, 'avg_crds_reliability': 0.4574960470199585, 'avg_crds_semantic_similarity': 0.47326958179473877, 'avg_crds_cf_distance': 0.21993033587932587, 'num_valid_crds_neg': 227.0, 'epoch': 0.32}
{'loss': 0.0267, 'grad_norm': 0.12255859375, 'learning_rate': 9e-05, 'loss_simcse': 0.0255126953125, 'loss_crds': 0.02320459485054016, 'loss_total': 0.026672925800085068, 'avg_crds_neg_weight': 0.10380285233259201, 'avg_crds_reliability': 0.47388413548469543, 'avg_crds_semantic_similarity': 0.4683956801891327, 'avg_crds_cf_distance': 0.20641422271728516, 'num_valid_crds_neg': 207.0, 'epoch': 0.32}
{'loss': 0.029, 'grad_norm': 0.232421875, 'learning_rate': 9.066666666666667e-05, 'loss_simcse': 0.0272216796875, 'loss_crds': 0.036389898508787155, 'loss_total': 0.029041174799203873, 'avg_crds_neg_weight': 0.10265634208917618, 'avg_crds_reliability': 0.46584898233413696, 'avg_crds_semantic_similarity': 0.483889639377594, 'avg_crds_cf_distance': 0.2019195854663849, 'num_valid_crds_neg': 199.0, 'epoch': 0.32}
{'loss': 0.025, 'grad_norm': 0.0888671875, 'learning_rate': 9.133333333333334e-05, 'loss_simcse': 0.024169921875, 'loss_crds': 0.016206465661525726, 'loss_total': 0.024980245158076286, 'avg_crds_neg_weight': 0.09398196637630463, 'avg_crds_reliability': 0.4422509968280792, 'avg_crds_semantic_similarity': 0.45375797152519226, 'avg_crds_cf_distance': 0.21246817708015442, 'num_valid_crds_neg': 188.0, 'epoch': 0.32}
{'loss': 0.0258, 'grad_norm': 0.08447265625, 'learning_rate': 9.200000000000001e-05, 'loss_simcse': 0.0247802734375, 'loss_crds': 0.020328618586063385, 'loss_total': 0.02579670399427414, 'avg_crds_neg_weight': 0.09638866037130356, 'avg_crds_reliability': 0.44583895802497864, 'avg_crds_semantic_similarity': 0.4718952775001526, 'avg_crds_cf_distance': 0.20206572115421295, 'num_valid_crds_neg': 186.0, 'epoch': 0.32}
{'loss': 0.0289, 'grad_norm': 0.11572265625, 'learning_rate': 9.266666666666666e-05, 'loss_simcse': 0.028076171875, 'loss_crds': 0.017013080418109894, 'loss_total': 0.028926825150847435, 'avg_crds_neg_weight': 0.09341355413198471, 'avg_crds_reliability': 0.4338817894458771, 'avg_crds_semantic_similarity': 0.45432257652282715, 'avg_crds_cf_distance': 0.20726220309734344, 'num_valid_crds_neg': 165.0, 'epoch': 0.33}
{'loss': 0.0259, 'grad_norm': 0.0966796875, 'learning_rate': 9.333333333333334e-05, 'loss_simcse': 0.02490234375, 'loss_crds': 0.020540501922369003, 'loss_total': 0.025929369032382965, 'avg_crds_neg_weight': 0.09922008216381073, 'avg_crds_reliability': 0.4686489999294281, 'avg_crds_semantic_similarity': 0.4676976501941681, 'avg_crds_cf_distance': 0.21510525047779083, 'num_valid_crds_neg': 147.0, 'epoch': 0.33}
{'loss': 0.026, 'grad_norm': 0.08349609375, 'learning_rate': 9.4e-05, 'loss_simcse': 0.02490234375, 'loss_crds': 0.021946147084236145, 'loss_total': 0.025999650359153748, 'avg_crds_neg_weight': 0.09865830093622208, 'avg_crds_reliability': 0.46421054005622864, 'avg_crds_semantic_similarity': 0.46140095591545105, 'avg_crds_cf_distance': 0.21933148801326752, 'num_valid_crds_neg': 179.0, 'epoch': 0.33}
{'loss': 0.0266, 'grad_norm': 0.09619140625, 'learning_rate': 9.466666666666667e-05, 'loss_simcse': 0.0257568359375, 'loss_crds': 0.016584523022174835, 'loss_total': 0.026586061343550682, 'avg_crds_neg_weight': 0.09291908144950867, 'avg_crds_reliability': 0.42605292797088623, 'avg_crds_semantic_similarity': 0.45169395208358765, 'avg_crds_cf_distance': 0.2144254893064499, 'num_valid_crds_neg': 172.0, 'epoch': 0.33}
{'loss': 0.0325, 'grad_norm': 0.10205078125, 'learning_rate': 9.533333333333334e-05, 'loss_simcse': 0.0311279296875, 'loss_crds': 0.027487020939588547, 'loss_total': 0.03250228241086006, 'avg_crds_neg_weight': 0.10577810555696487, 'avg_crds_reliability': 0.487083375453949, 'avg_crds_semantic_similarity': 0.4722747206687927, 'avg_crds_cf_distance': 0.2100955843925476, 'num_valid_crds_neg': 151.0, 'epoch': 0.34}
{'loss': 0.0254, 'grad_norm': 0.1005859375, 'learning_rate': 9.6e-05, 'loss_simcse': 0.0245361328125, 'loss_crds': 0.01701192371547222, 'loss_total': 0.02538672834634781, 'avg_crds_neg_weight': 0.09217694401741028, 'avg_crds_reliability': 0.42596399784088135, 'avg_crds_semantic_similarity': 0.4570428133010864, 'avg_crds_cf_distance': 0.2040611207485199, 'num_valid_crds_neg': 196.0, 'epoch': 0.34}
{'loss': 0.0276, 'grad_norm': 0.11328125, 'learning_rate': 9.666666666666667e-05, 'loss_simcse': 0.0267333984375, 'loss_crds': 0.01717064157128334, 'loss_total': 0.027591930702328682, 'avg_crds_neg_weight': 0.08950288593769073, 'avg_crds_reliability': 0.41403377056121826, 'avg_crds_semantic_similarity': 0.4742896854877472, 'avg_crds_cf_distance': 0.2094806432723999, 'num_valid_crds_neg': 145.0, 'epoch': 0.34}
{'loss': 0.0341, 'grad_norm': 1.5859375, 'learning_rate': 9.733333333333335e-05, 'loss_simcse': 0.03271484375, 'loss_crds': 0.028129808604717255, 'loss_total': 0.03412133455276489, 'avg_crds_neg_weight': 0.10587495565414429, 'avg_crds_reliability': 0.4857836365699768, 'avg_crds_semantic_similarity': 0.47047170996665955, 'avg_crds_cf_distance': 0.21375437080860138, 'num_valid_crds_neg': 157.0, 'epoch': 0.34}
{'loss': 0.0299, 'grad_norm': 0.1279296875, 'learning_rate': 9.8e-05, 'loss_simcse': 0.0289306640625, 'loss_crds': 0.019789941608905792, 'loss_total': 0.02992016077041626, 'avg_crds_neg_weight': 0.10017428547143936, 'avg_crds_reliability': 0.47667762637138367, 'avg_crds_semantic_similarity': 0.47763627767562866, 'avg_crds_cf_distance': 0.19890516996383667, 'num_valid_crds_neg': 138.0, 'epoch': 0.35}
{'loss': 0.0291, 'grad_norm': 0.0947265625, 'learning_rate': 9.866666666666668e-05, 'loss_simcse': 0.0279541015625, 'loss_crds': 0.022155676037073135, 'loss_total': 0.02906188555061817, 'avg_crds_neg_weight': 0.09347344189882278, 'avg_crds_reliability': 0.437200665473938, 'avg_crds_semantic_similarity': 0.47629430890083313, 'avg_crds_cf_distance': 0.2054751217365265, 'num_valid_crds_neg': 194.0, 'epoch': 0.35}
{'loss': 0.0246, 'grad_norm': 0.0908203125, 'learning_rate': 9.933333333333334e-05, 'loss_simcse': 0.023681640625, 'loss_crds': 0.017496518790721893, 'loss_total': 0.024556467309594154, 'avg_crds_neg_weight': 0.09619907289743423, 'avg_crds_reliability': 0.43514135479927063, 'avg_crds_semantic_similarity': 0.4781917631626129, 'avg_crds_cf_distance': 0.22209672629833221, 'num_valid_crds_neg': 147.0, 'epoch': 0.35}
{'loss': 0.0307, 'grad_norm': 0.11083984375, 'learning_rate': 0.0001, 'loss_simcse': 0.029541015625, 'loss_crds': 0.02387199178338051, 'loss_total': 0.03073461540043354, 'avg_crds_neg_weight': 0.1007169857621193, 'avg_crds_reliability': 0.4502725899219513, 'avg_crds_semantic_similarity': 0.45349785685539246, 'avg_crds_cf_distance': 0.209507018327713, 'num_valid_crds_neg': 189.0, 'epoch': 0.35}
{'loss': 0.0256, 'grad_norm': 0.142578125, 'learning_rate': 0.00010066666666666667, 'loss_simcse': 0.0245361328125, 'loss_crds': 0.020552679896354675, 'loss_total': 0.025563767179846764, 'avg_crds_neg_weight': 0.09593945741653442, 'avg_crds_reliability': 0.43884775042533875, 'avg_crds_semantic_similarity': 0.47284701466560364, 'avg_crds_cf_distance': 0.2034226655960083, 'num_valid_crds_neg': 193.0, 'epoch': 0.36}
{'loss': 0.0293, 'grad_norm': 0.255859375, 'learning_rate': 0.00010133333333333335, 'loss_simcse': 0.0283203125, 'loss_crds': 0.020101916044950485, 'loss_total': 0.02932540886104107, 'avg_crds_neg_weight': 0.09133145958185196, 'avg_crds_reliability': 0.45532339811325073, 'avg_crds_semantic_similarity': 0.467028945684433, 'avg_crds_cf_distance': 0.22015881538391113, 'num_valid_crds_neg': 219.0, 'epoch': 0.36}
{'loss': 0.0256, 'grad_norm': 0.1015625, 'learning_rate': 0.00010200000000000001, 'loss_simcse': 0.024658203125, 'loss_crds': 0.019318122416734695, 'loss_total': 0.02562410943210125, 'avg_crds_neg_weight': 0.09130366146564484, 'avg_crds_reliability': 0.44440174102783203, 'avg_crds_semantic_similarity': 0.47137928009033203, 'avg_crds_cf_distance': 0.19988128542900085, 'num_valid_crds_neg': 155.0, 'epoch': 0.36}
{'loss': 0.0248, 'grad_norm': 0.09326171875, 'learning_rate': 0.00010266666666666666, 'loss_simcse': 0.0238037109375, 'loss_crds': 0.019882433116436005, 'loss_total': 0.0247978325933218, 'avg_crds_neg_weight': 0.09308899194002151, 'avg_crds_reliability': 0.4467923045158386, 'avg_crds_semantic_similarity': 0.45070943236351013, 'avg_crds_cf_distance': 0.21126049757003784, 'num_valid_crds_neg': 183.0, 'epoch': 0.36}
{'loss': 0.0244, 'grad_norm': 0.0966796875, 'learning_rate': 0.00010333333333333334, 'loss_simcse': 0.0233154296875, 'loss_crds': 0.021645620465278625, 'loss_total': 0.0243977103382349, 'avg_crds_neg_weight': 0.1028970330953598, 'avg_crds_reliability': 0.4800785481929779, 'avg_crds_semantic_similarity': 0.4704500734806061, 'avg_crds_cf_distance': 0.22519619762897491, 'num_valid_crds_neg': 171.0, 'epoch': 0.36}
{'loss': 0.025, 'grad_norm': 0.12109375, 'learning_rate': 0.00010400000000000001, 'loss_simcse': 0.0240478515625, 'loss_crds': 0.018581045791506767, 'loss_total': 0.024976903572678566, 'avg_crds_neg_weight': 0.09065103530883789, 'avg_crds_reliability': 0.42912283539772034, 'avg_crds_semantic_similarity': 0.4548834264278412, 'avg_crds_cf_distance': 0.2145996242761612, 'num_valid_crds_neg': 143.0, 'epoch': 0.37}
{'loss': 0.0242, 'grad_norm': 0.0859375, 'learning_rate': 0.00010466666666666667, 'loss_simcse': 0.0234375, 'loss_crds': 0.01532060094177723, 'loss_total': 0.024203529581427574, 'avg_crds_neg_weight': 0.08809113502502441, 'avg_crds_reliability': 0.42557305097579956, 'avg_crds_semantic_similarity': 0.4690532088279724, 'avg_crds_cf_distance': 0.20715901255607605, 'num_valid_crds_neg': 185.0, 'epoch': 0.37}
{'loss': 0.0277, 'grad_norm': 0.10302734375, 'learning_rate': 0.00010533333333333332, 'loss_simcse': 0.026611328125, 'loss_crds': 0.022363286465406418, 'loss_total': 0.027729492634534836, 'avg_crds_neg_weight': 0.09357500821352005, 'avg_crds_reliability': 0.4555685222148895, 'avg_crds_semantic_similarity': 0.4727745056152344, 'avg_crds_cf_distance': 0.21230795979499817, 'num_valid_crds_neg': 174.0, 'epoch': 0.37}
{'loss': 0.0273, 'grad_norm': 0.09765625, 'learning_rate': 0.00010600000000000002, 'loss_simcse': 0.025634765625, 'loss_crds': 0.03405243903398514, 'loss_total': 0.027337387204170227, 'avg_crds_neg_weight': 0.09906871616840363, 'avg_crds_reliability': 0.4453652799129486, 'avg_crds_semantic_similarity': 0.46534785628318787, 'avg_crds_cf_distance': 0.20332810282707214, 'num_valid_crds_neg': 174.0, 'epoch': 0.37}
{'loss': 0.0242, 'grad_norm': 0.095703125, 'learning_rate': 0.00010666666666666667, 'loss_simcse': 0.0233154296875, 'loss_crds': 0.01806831546127796, 'loss_total': 0.0242188461124897, 'avg_crds_neg_weight': 0.09724251180887222, 'avg_crds_reliability': 0.45101138949394226, 'avg_crds_semantic_similarity': 0.470524400472641, 'avg_crds_cf_distance': 0.2127120941877365, 'num_valid_crds_neg': 188.0, 'epoch': 0.38}
{'loss': 0.0246, 'grad_norm': 0.1123046875, 'learning_rate': 0.00010733333333333333, 'loss_simcse': 0.0238037109375, 'loss_crds': 0.016661502420902252, 'loss_total': 0.024636786431074142, 'avg_crds_neg_weight': 0.091489776968956, 'avg_crds_reliability': 0.4647238552570343, 'avg_crds_semantic_similarity': 0.47132402658462524, 'avg_crds_cf_distance': 0.21200093626976013, 'num_valid_crds_neg': 154.0, 'epoch': 0.38}
{'loss': 0.0246, 'grad_norm': 0.09765625, 'learning_rate': 0.00010800000000000001, 'loss_simcse': 0.023681640625, 'loss_crds': 0.019358420744538307, 'loss_total': 0.024649562314152718, 'avg_crds_neg_weight': 0.09770802408456802, 'avg_crds_reliability': 0.45667096972465515, 'avg_crds_semantic_similarity': 0.45738527178764343, 'avg_crds_cf_distance': 0.20847377181053162, 'num_valid_crds_neg': 174.0, 'epoch': 0.38}
{'loss': 0.0245, 'grad_norm': 0.1650390625, 'learning_rate': 0.00010866666666666667, 'loss_simcse': 0.023193359375, 'loss_crds': 0.025614021345973015, 'loss_total': 0.02447406016290188, 'avg_crds_neg_weight': 0.10389690101146698, 'avg_crds_reliability': 0.47645115852355957, 'avg_crds_semantic_similarity': 0.5007906556129456, 'avg_crds_cf_distance': 0.21769143640995026, 'num_valid_crds_neg': 147.0, 'epoch': 0.38}
{'loss': 0.025, 'grad_norm': 0.1044921875, 'learning_rate': 0.00010933333333333333, 'loss_simcse': 0.0238037109375, 'loss_crds': 0.02362557128071785, 'loss_total': 0.024984989315271378, 'avg_crds_neg_weight': 0.0948207750916481, 'avg_crds_reliability': 0.4709682762622833, 'avg_crds_semantic_similarity': 0.45429277420043945, 'avg_crds_cf_distance': 0.21572549641132355, 'num_valid_crds_neg': 146.0, 'epoch': 0.39}
{'loss': 0.024, 'grad_norm': 0.09716796875, 'learning_rate': 0.00011000000000000002, 'loss_simcse': 0.023193359375, 'loss_crds': 0.016677403822541237, 'loss_total': 0.024027230218052864, 'avg_crds_neg_weight': 0.09997158497571945, 'avg_crds_reliability': 0.4597792625427246, 'avg_crds_semantic_similarity': 0.4483521580696106, 'avg_crds_cf_distance': 0.20219354331493378, 'num_valid_crds_neg': 160.0, 'epoch': 0.39}
{'loss': 0.0255, 'grad_norm': 0.1259765625, 'learning_rate': 0.00011066666666666667, 'loss_simcse': 0.0242919921875, 'loss_crds': 0.023582296445965767, 'loss_total': 0.02547110617160797, 'avg_crds_neg_weight': 0.09460607916116714, 'avg_crds_reliability': 0.4477219879627228, 'avg_crds_semantic_similarity': 0.4740739166736603, 'avg_crds_cf_distance': 0.2042100876569748, 'num_valid_crds_neg': 191.0, 'epoch': 0.39}
{'loss': 0.0293, 'grad_norm': 0.12060546875, 'learning_rate': 0.00011133333333333333, 'loss_simcse': 0.02783203125, 'loss_crds': 0.02948516607284546, 'loss_total': 0.029306288808584213, 'avg_crds_neg_weight': 0.09624174982309341, 'avg_crds_reliability': 0.4499974250793457, 'avg_crds_semantic_similarity': 0.4731128513813019, 'avg_crds_cf_distance': 0.2049582451581955, 'num_valid_crds_neg': 161.0, 'epoch': 0.39}
{'loss': 0.0245, 'grad_norm': 0.08740234375, 'learning_rate': 0.00011200000000000001, 'loss_simcse': 0.023193359375, 'loss_crds': 0.026539456099271774, 'loss_total': 0.024520331993699074, 'avg_crds_neg_weight': 0.09766504913568497, 'avg_crds_reliability': 0.4533672332763672, 'avg_crds_semantic_similarity': 0.48025625944137573, 'avg_crds_cf_distance': 0.21589940786361694, 'num_valid_crds_neg': 231.0, 'epoch': 0.4}
{'loss': 0.0245, 'grad_norm': 0.0947265625, 'learning_rate': 0.00011266666666666668, 'loss_simcse': 0.0235595703125, 'loss_crds': 0.01977258361876011, 'loss_total': 0.024548199027776718, 'avg_crds_neg_weight': 0.09059461206197739, 'avg_crds_reliability': 0.4378800094127655, 'avg_crds_semantic_similarity': 0.47485271096229553, 'avg_crds_cf_distance': 0.1999879628419876, 'num_valid_crds_neg': 232.0, 'epoch': 0.4}
{'loss': 0.0231, 'grad_norm': 0.09375, 'learning_rate': 0.00011333333333333334, 'loss_simcse': 0.022216796875, 'loss_crds': 0.01823906973004341, 'loss_total': 0.023128749802708626, 'avg_crds_neg_weight': 0.09730228036642075, 'avg_crds_reliability': 0.4583975374698639, 'avg_crds_semantic_similarity': 0.47189944982528687, 'avg_crds_cf_distance': 0.2073516845703125, 'num_valid_crds_neg': 155.0, 'epoch': 0.4}
{'loss': 0.0233, 'grad_norm': 0.08740234375, 'learning_rate': 0.00011399999999999999, 'loss_simcse': 0.0225830078125, 'loss_crds': 0.013773834332823753, 'loss_total': 0.023271700367331505, 'avg_crds_neg_weight': 0.09003091603517532, 'avg_crds_reliability': 0.44007110595703125, 'avg_crds_semantic_similarity': 0.46028652787208557, 'avg_crds_cf_distance': 0.19933733344078064, 'num_valid_crds_neg': 130.0, 'epoch': 0.4}
{'loss': 0.0245, 'grad_norm': 0.1328125, 'learning_rate': 0.00011466666666666667, 'loss_simcse': 0.023681640625, 'loss_crds': 0.016409100964665413, 'loss_total': 0.024502094835042953, 'avg_crds_neg_weight': 0.09029339253902435, 'avg_crds_reliability': 0.43298953771591187, 'avg_crds_semantic_similarity': 0.46159258484840393, 'avg_crds_cf_distance': 0.2026928812265396, 'num_valid_crds_neg': 155.0, 'epoch': 0.4}
{'loss': 0.0231, 'grad_norm': 0.0859375, 'learning_rate': 0.00011533333333333334, 'loss_simcse': 0.0220947265625, 'loss_crds': 0.020443134009838104, 'loss_total': 0.023116882890462875, 'avg_crds_neg_weight': 0.09906135499477386, 'avg_crds_reliability': 0.4460468590259552, 'avg_crds_semantic_similarity': 0.46238330006599426, 'avg_crds_cf_distance': 0.19425702095031738, 'num_valid_crds_neg': 188.0, 'epoch': 0.41}
{'loss': 0.0249, 'grad_norm': 0.10595703125, 'learning_rate': 0.000116, 'loss_simcse': 0.0240478515625, 'loss_crds': 0.016192568466067314, 'loss_total': 0.024857480078935623, 'avg_crds_neg_weight': 0.09639663994312286, 'avg_crds_reliability': 0.4493265748023987, 'avg_crds_semantic_similarity': 0.4538155794143677, 'avg_crds_cf_distance': 0.212629035115242, 'num_valid_crds_neg': 198.0, 'epoch': 0.41}
{'loss': 0.026, 'grad_norm': 0.353515625, 'learning_rate': 0.00011666666666666668, 'loss_simcse': 0.0250244140625, 'loss_crds': 0.018574707210063934, 'loss_total': 0.025953149423003197, 'avg_crds_neg_weight': 0.08700209110975266, 'avg_crds_reliability': 0.41889023780822754, 'avg_crds_semantic_similarity': 0.46277010440826416, 'avg_crds_cf_distance': 0.2186431735754013, 'num_valid_crds_neg': 181.0, 'epoch': 0.41}
{'loss': 0.0248, 'grad_norm': 0.1298828125, 'learning_rate': 0.00011733333333333334, 'loss_simcse': 0.0238037109375, 'loss_crds': 0.019998639822006226, 'loss_total': 0.02480364218354225, 'avg_crds_neg_weight': 0.09674440324306488, 'avg_crds_reliability': 0.4598996341228485, 'avg_crds_semantic_similarity': 0.48505687713623047, 'avg_crds_cf_distance': 0.21361055970191956, 'num_valid_crds_neg': 203.0, 'epoch': 0.41}
{'loss': 0.0253, 'grad_norm': 0.1083984375, 'learning_rate': 0.000118, 'loss_simcse': 0.024169921875, 'loss_crds': 0.022613920271396637, 'loss_total': 0.02530061826109886, 'avg_crds_neg_weight': 0.09103184193372726, 'avg_crds_reliability': 0.43984752893447876, 'avg_crds_semantic_similarity': 0.475378155708313, 'avg_crds_cf_distance': 0.2115972489118576, 'num_valid_crds_neg': 190.0, 'epoch': 0.42}
{'loss': 0.0246, 'grad_norm': 0.30078125, 'learning_rate': 0.00011866666666666669, 'loss_simcse': 0.023681640625, 'loss_crds': 0.01862321048974991, 'loss_total': 0.024612801149487495, 'avg_crds_neg_weight': 0.09864819794893265, 'avg_crds_reliability': 0.4547886848449707, 'avg_crds_semantic_similarity': 0.46255025267601013, 'avg_crds_cf_distance': 0.20424234867095947, 'num_valid_crds_neg': 168.0, 'epoch': 0.42}
{'loss': 0.0242, 'grad_norm': 0.1650390625, 'learning_rate': 0.00011933333333333334, 'loss_simcse': 0.023193359375, 'loss_crds': 0.020148271694779396, 'loss_total': 0.024200772866606712, 'avg_crds_neg_weight': 0.09954144060611725, 'avg_crds_reliability': 0.45787617564201355, 'avg_crds_semantic_similarity': 0.46835842728614807, 'avg_crds_cf_distance': 0.21814589202404022, 'num_valid_crds_neg': 154.0, 'epoch': 0.42}
{'loss': 0.0257, 'grad_norm': 0.11669921875, 'learning_rate': 0.00012, 'loss_simcse': 0.0247802734375, 'loss_crds': 0.01903596520423889, 'loss_total': 0.025732072070240974, 'avg_crds_neg_weight': 0.09589780122041702, 'avg_crds_reliability': 0.4366026520729065, 'avg_crds_semantic_similarity': 0.48021918535232544, 'avg_crds_cf_distance': 0.21872246265411377, 'num_valid_crds_neg': 177.0, 'epoch': 0.42}
{'loss': 0.0236, 'grad_norm': 0.107421875, 'learning_rate': 0.00012066666666666668, 'loss_simcse': 0.0225830078125, 'loss_crds': 0.020233802497386932, 'loss_total': 0.023594697937369347, 'avg_crds_neg_weight': 0.10078263282775879, 'avg_crds_reliability': 0.4640466272830963, 'avg_crds_semantic_similarity': 0.4635624885559082, 'avg_crds_cf_distance': 0.2138744741678238, 'num_valid_crds_neg': 168.0, 'epoch': 0.43}
{'loss': 0.024, 'grad_norm': 0.09912109375, 'learning_rate': 0.00012133333333333335, 'loss_simcse': 0.02294921875, 'loss_crds': 0.021310098469257355, 'loss_total': 0.024014724418520927, 'avg_crds_neg_weight': 0.08828843384981155, 'avg_crds_reliability': 0.454863041639328, 'avg_crds_semantic_similarity': 0.48510387539863586, 'avg_crds_cf_distance': 0.22262080013751984, 'num_valid_crds_neg': 147.0, 'epoch': 0.43}
{'loss': 0.0237, 'grad_norm': 0.1142578125, 'learning_rate': 0.000122, 'loss_simcse': 0.0228271484375, 'loss_crds': 0.017749063670635223, 'loss_total': 0.02371460199356079, 'avg_crds_neg_weight': 0.08939510583877563, 'avg_crds_reliability': 0.418642520904541, 'avg_crds_semantic_similarity': 0.4717954695224762, 'avg_crds_cf_distance': 0.19965332746505737, 'num_valid_crds_neg': 177.0, 'epoch': 0.43}
{'loss': 0.0231, 'grad_norm': 0.09423828125, 'learning_rate': 0.00012266666666666668, 'loss_simcse': 0.0224609375, 'loss_crds': 0.013584919273853302, 'loss_total': 0.023140182718634605, 'avg_crds_neg_weight': 0.0877881795167923, 'avg_crds_reliability': 0.41640225052833557, 'avg_crds_semantic_similarity': 0.45944419503211975, 'avg_crds_cf_distance': 0.21010856330394745, 'num_valid_crds_neg': 160.0, 'epoch': 0.43}
{'loss': 0.0255, 'grad_norm': 0.12060546875, 'learning_rate': 0.00012333333333333334, 'loss_simcse': 0.0244140625, 'loss_crds': 0.02154931239783764, 'loss_total': 0.02549152821302414, 'avg_crds_neg_weight': 0.09682433307170868, 'avg_crds_reliability': 0.4718049168586731, 'avg_crds_semantic_similarity': 0.4798394739627838, 'avg_crds_cf_distance': 0.22760362923145294, 'num_valid_crds_neg': 207.0, 'epoch': 0.44}
{'loss': 0.024, 'grad_norm': 0.1005859375, 'learning_rate': 0.000124, 'loss_simcse': 0.02294921875, 'loss_crds': 0.020771266892552376, 'loss_total': 0.0239877812564373, 'avg_crds_neg_weight': 0.10275635123252869, 'avg_crds_reliability': 0.46568194031715393, 'avg_crds_semantic_similarity': 0.47154319286346436, 'avg_crds_cf_distance': 0.22808292508125305, 'num_valid_crds_neg': 207.0, 'epoch': 0.44}
{'loss': 0.0305, 'grad_norm': 0.10693359375, 'learning_rate': 0.00012466666666666667, 'loss_simcse': 0.0296630859375, 'loss_crds': 0.01743684895336628, 'loss_total': 0.030534928664565086, 'avg_crds_neg_weight': 0.09191210567951202, 'avg_crds_reliability': 0.4342188537120819, 'avg_crds_semantic_similarity': 0.4708460569381714, 'avg_crds_cf_distance': 0.20774024724960327, 'num_valid_crds_neg': 154.0, 'epoch': 0.44}
{'loss': 0.0336, 'grad_norm': 0.1181640625, 'learning_rate': 0.00012533333333333334, 'loss_simcse': 0.032470703125, 'loss_crds': 0.022791003808379173, 'loss_total': 0.033610254526138306, 'avg_crds_neg_weight': 0.1044432520866394, 'avg_crds_reliability': 0.4573202431201935, 'avg_crds_semantic_similarity': 0.4654546082019806, 'avg_crds_cf_distance': 0.2116292268037796, 'num_valid_crds_neg': 170.0, 'epoch': 0.44}
{'loss': 0.0235, 'grad_norm': 0.09765625, 'learning_rate': 0.000126, 'loss_simcse': 0.0223388671875, 'loss_crds': 0.022275717929005623, 'loss_total': 0.023452652618288994, 'avg_crds_neg_weight': 0.09232933819293976, 'avg_crds_reliability': 0.44422537088394165, 'avg_crds_semantic_similarity': 0.48580554127693176, 'avg_crds_cf_distance': 0.20571587979793549, 'num_valid_crds_neg': 120.0, 'epoch': 0.44}
{'loss': 0.0224, 'grad_norm': 0.08984375, 'learning_rate': 0.00012666666666666666, 'loss_simcse': 0.0216064453125, 'loss_crds': 0.01672571524977684, 'loss_total': 0.022442732006311417, 'avg_crds_neg_weight': 0.09769231081008911, 'avg_crds_reliability': 0.4597075283527374, 'avg_crds_semantic_similarity': 0.4598018229007721, 'avg_crds_cf_distance': 0.198100283741951, 'num_valid_crds_neg': 145.0, 'epoch': 0.45}
{'loss': 0.0256, 'grad_norm': 0.2392578125, 'learning_rate': 0.00012733333333333336, 'loss_simcse': 0.0242919921875, 'loss_crds': 0.026709282770752907, 'loss_total': 0.025627456605434418, 'avg_crds_neg_weight': 0.09964866191148758, 'avg_crds_reliability': 0.45062366127967834, 'avg_crds_semantic_similarity': 0.4774012267589569, 'avg_crds_cf_distance': 0.20510980486869812, 'num_valid_crds_neg': 153.0, 'epoch': 0.45}
{'loss': 0.0228, 'grad_norm': 0.11376953125, 'learning_rate': 0.00012800000000000002, 'loss_simcse': 0.02197265625, 'loss_crds': 0.016452180221676826, 'loss_total': 0.022795265540480614, 'avg_crds_neg_weight': 0.09842493385076523, 'avg_crds_reliability': 0.47461938858032227, 'avg_crds_semantic_similarity': 0.46103307604789734, 'avg_crds_cf_distance': 0.21061767637729645, 'num_valid_crds_neg': 159.0, 'epoch': 0.45}
{'loss': 0.0234, 'grad_norm': 0.11083984375, 'learning_rate': 0.00012866666666666666, 'loss_simcse': 0.0223388671875, 'loss_crds': 0.02102765254676342, 'loss_total': 0.02339025028049946, 'avg_crds_neg_weight': 0.09744773060083389, 'avg_crds_reliability': 0.4621770977973938, 'avg_crds_semantic_similarity': 0.46683067083358765, 'avg_crds_cf_distance': 0.22239145636558533, 'num_valid_crds_neg': 185.0, 'epoch': 0.45}
{'loss': 0.0237, 'grad_norm': 0.09130859375, 'learning_rate': 0.00012933333333333332, 'loss_simcse': 0.0224609375, 'loss_crds': 0.02412605844438076, 'loss_total': 0.023667240515351295, 'avg_crds_neg_weight': 0.0909365564584732, 'avg_crds_reliability': 0.4319200813770294, 'avg_crds_semantic_similarity': 0.4766559898853302, 'avg_crds_cf_distance': 0.20918874442577362, 'num_valid_crds_neg': 178.0, 'epoch': 0.46}
{'loss': 0.0231, 'grad_norm': 0.1044921875, 'learning_rate': 0.00013000000000000002, 'loss_simcse': 0.02197265625, 'loss_crds': 0.02326141856610775, 'loss_total': 0.023135727271437645, 'avg_crds_neg_weight': 0.09772463887929916, 'avg_crds_reliability': 0.45056504011154175, 'avg_crds_semantic_similarity': 0.4626649022102356, 'avg_crds_cf_distance': 0.2082061767578125, 'num_valid_crds_neg': 191.0, 'epoch': 0.46}
{'loss': 0.0236, 'grad_norm': 0.1044921875, 'learning_rate': 0.00013066666666666668, 'loss_simcse': 0.0224609375, 'loss_crds': 0.022395359352231026, 'loss_total': 0.023580705747008324, 'avg_crds_neg_weight': 0.1015315130352974, 'avg_crds_reliability': 0.444510817527771, 'avg_crds_semantic_similarity': 0.4745844602584839, 'avg_crds_cf_distance': 0.21458157896995544, 'num_valid_crds_neg': 153.0, 'epoch': 0.46}
{'loss': 0.0236, 'grad_norm': 0.1064453125, 'learning_rate': 0.00013133333333333332, 'loss_simcse': 0.0228271484375, 'loss_crds': 0.016340335831046104, 'loss_total': 0.023644166067242622, 'avg_crds_neg_weight': 0.09025014191865921, 'avg_crds_reliability': 0.423736572265625, 'avg_crds_semantic_similarity': 0.4578809142112732, 'avg_crds_cf_distance': 0.20236338675022125, 'num_valid_crds_neg': 207.0, 'epoch': 0.46}
{'loss': 0.0279, 'grad_norm': 0.0927734375, 'learning_rate': 0.000132, 'loss_simcse': 0.0272216796875, 'loss_crds': 0.014330180361866951, 'loss_total': 0.02793818898499012, 'avg_crds_neg_weight': 0.09632714092731476, 'avg_crds_reliability': 0.44235336780548096, 'avg_crds_semantic_similarity': 0.46948277950286865, 'avg_crds_cf_distance': 0.20152060687541962, 'num_valid_crds_neg': 170.0, 'epoch': 0.47}
{'loss': 0.0226, 'grad_norm': 0.091796875, 'learning_rate': 0.00013266666666666667, 'loss_simcse': 0.0213623046875, 'loss_crds': 0.02463514544069767, 'loss_total': 0.022594062611460686, 'avg_crds_neg_weight': 0.10026264190673828, 'avg_crds_reliability': 0.4579394459724426, 'avg_crds_semantic_similarity': 0.4909071624279022, 'avg_crds_cf_distance': 0.21524043381214142, 'num_valid_crds_neg': 160.0, 'epoch': 0.47}
{'loss': 0.0235, 'grad_norm': 0.103515625, 'learning_rate': 0.00013333333333333334, 'loss_simcse': 0.022216796875, 'loss_crds': 0.02505197934806347, 'loss_total': 0.02346939593553543, 'avg_crds_neg_weight': 0.09189517050981522, 'avg_crds_reliability': 0.446071058511734, 'avg_crds_semantic_similarity': 0.46814897656440735, 'avg_crds_cf_distance': 0.22183577716350555, 'num_valid_crds_neg': 157.0, 'epoch': 0.47}
{'loss': 0.0251, 'grad_norm': 0.486328125, 'learning_rate': 0.000134, 'loss_simcse': 0.024169921875, 'loss_crds': 0.018986927345395088, 'loss_total': 0.025119267404079437, 'avg_crds_neg_weight': 0.09718260169029236, 'avg_crds_reliability': 0.45892980694770813, 'avg_crds_semantic_similarity': 0.46761375665664673, 'avg_crds_cf_distance': 0.2041134536266327, 'num_valid_crds_neg': 148.0, 'epoch': 0.47}
{'loss': 0.0222, 'grad_norm': 0.09033203125, 'learning_rate': 0.00013466666666666667, 'loss_simcse': 0.021484375, 'loss_crds': 0.015017243102192879, 'loss_total': 0.022235237061977386, 'avg_crds_neg_weight': 0.09462093561887741, 'avg_crds_reliability': 0.46832361817359924, 'avg_crds_semantic_similarity': 0.4743305742740631, 'avg_crds_cf_distance': 0.20004726946353912, 'num_valid_crds_neg': 153.0, 'epoch': 0.48}
{'loss': 0.0253, 'grad_norm': 0.1220703125, 'learning_rate': 0.00013533333333333333, 'loss_simcse': 0.024169921875, 'loss_crds': 0.022959232330322266, 'loss_total': 0.025317883118987083, 'avg_crds_neg_weight': 0.09916674345731735, 'avg_crds_reliability': 0.46539247035980225, 'avg_crds_semantic_similarity': 0.472378671169281, 'avg_crds_cf_distance': 0.2032707929611206, 'num_valid_crds_neg': 180.0, 'epoch': 0.48}
{'loss': 0.0234, 'grad_norm': 0.11376953125, 'learning_rate': 0.00013600000000000003, 'loss_simcse': 0.022705078125, 'loss_crds': 0.01474777702242136, 'loss_total': 0.023442467674613, 'avg_crds_neg_weight': 0.09800488501787186, 'avg_crds_reliability': 0.4527033269405365, 'avg_crds_semantic_similarity': 0.4612967371940613, 'avg_crds_cf_distance': 0.20783287286758423, 'num_valid_crds_neg': 186.0, 'epoch': 0.48}
{'loss': 0.0236, 'grad_norm': 0.10498046875, 'learning_rate': 0.00013666666666666666, 'loss_simcse': 0.0225830078125, 'loss_crds': 0.021100113168358803, 'loss_total': 0.023638013750314713, 'avg_crds_neg_weight': 0.09266402572393417, 'avg_crds_reliability': 0.4402364194393158, 'avg_crds_semantic_similarity': 0.46845126152038574, 'avg_crds_cf_distance': 0.2116677314043045, 'num_valid_crds_neg': 195.0, 'epoch': 0.48}
{'loss': 0.0238, 'grad_norm': 0.10986328125, 'learning_rate': 0.00013733333333333333, 'loss_simcse': 0.02294921875, 'loss_crds': 0.017126811668276787, 'loss_total': 0.023805558681488037, 'avg_crds_neg_weight': 0.09185841679573059, 'avg_crds_reliability': 0.44099822640419006, 'avg_crds_semantic_similarity': 0.4739152491092682, 'avg_crds_cf_distance': 0.1977306455373764, 'num_valid_crds_neg': 162.0, 'epoch': 0.48}
{'loss': 0.0322, 'grad_norm': 0.1220703125, 'learning_rate': 0.000138, 'loss_simcse': 0.031494140625, 'loss_crds': 0.014030973426997662, 'loss_total': 0.032195691019296646, 'avg_crds_neg_weight': 0.09318478405475616, 'avg_crds_reliability': 0.4443139135837555, 'avg_crds_semantic_similarity': 0.4547004699707031, 'avg_crds_cf_distance': 0.20808564126491547, 'num_valid_crds_neg': 160.0, 'epoch': 0.49}
{'loss': 0.0264, 'grad_norm': 0.125, 'learning_rate': 0.00013866666666666669, 'loss_simcse': 0.025390625, 'loss_crds': 0.02088020369410515, 'loss_total': 0.026434635743498802, 'avg_crds_neg_weight': 0.1023184135556221, 'avg_crds_reliability': 0.4584648013114929, 'avg_crds_semantic_similarity': 0.4628638029098511, 'avg_crds_cf_distance': 0.21084989607334137, 'num_valid_crds_neg': 168.0, 'epoch': 0.49}
{'loss': 0.0221, 'grad_norm': 0.087890625, 'learning_rate': 0.00013933333333333335, 'loss_simcse': 0.0211181640625, 'loss_crds': 0.018760008737444878, 'loss_total': 0.02205616421997547, 'avg_crds_neg_weight': 0.09121101349592209, 'avg_crds_reliability': 0.4329005181789398, 'avg_crds_semantic_similarity': 0.4603371322154999, 'avg_crds_cf_distance': 0.2067769467830658, 'num_valid_crds_neg': 122.0, 'epoch': 0.49}
{'loss': 0.0246, 'grad_norm': 0.11962890625, 'learning_rate': 0.00014, 'loss_simcse': 0.023193359375, 'loss_crds': 0.027854178100824356, 'loss_total': 0.024586068466305733, 'avg_crds_neg_weight': 0.093824103474617, 'avg_crds_reliability': 0.4500144422054291, 'avg_crds_semantic_similarity': 0.47639501094818115, 'avg_crds_cf_distance': 0.20547787845134735, 'num_valid_crds_neg': 153.0, 'epoch': 0.49}
{'loss': 0.0227, 'grad_norm': 0.09228515625, 'learning_rate': 0.00014066666666666668, 'loss_simcse': 0.02197265625, 'loss_crds': 0.013707724399864674, 'loss_total': 0.02265804260969162, 'avg_crds_neg_weight': 0.09299977123737335, 'avg_crds_reliability': 0.4403209090232849, 'avg_crds_semantic_similarity': 0.45306557416915894, 'avg_crds_cf_distance': 0.21259616315364838, 'num_valid_crds_neg': 171.0, 'epoch': 0.5}
{'loss': 0.0224, 'grad_norm': 0.0966796875, 'learning_rate': 0.00014133333333333334, 'loss_simcse': 0.0216064453125, 'loss_crds': 0.016322951763868332, 'loss_total': 0.02242259308695793, 'avg_crds_neg_weight': 0.10185948014259338, 'avg_crds_reliability': 0.4785785973072052, 'avg_crds_semantic_similarity': 0.46360281109809875, 'avg_crds_cf_distance': 0.2059730887413025, 'num_valid_crds_neg': 146.0, 'epoch': 0.5}
{'loss': 0.0269, 'grad_norm': 0.1015625, 'learning_rate': 0.000142, 'loss_simcse': 0.0257568359375, 'loss_crds': 0.02319880574941635, 'loss_total': 0.026916775852441788, 'avg_crds_neg_weight': 0.1061459630727768, 'avg_crds_reliability': 0.4726372957229614, 'avg_crds_semantic_similarity': 0.48032280802726746, 'avg_crds_cf_distance': 0.21764853596687317, 'num_valid_crds_neg': 147.0, 'epoch': 0.5}
{'loss': 0.0226, 'grad_norm': 0.09814453125, 'learning_rate': 0.00014266666666666667, 'loss_simcse': 0.021728515625, 'loss_crds': 0.016664935275912285, 'loss_total': 0.02256176248192787, 'avg_crds_neg_weight': 0.09483005106449127, 'avg_crds_reliability': 0.4707512855529785, 'avg_crds_semantic_similarity': 0.46165627241134644, 'avg_crds_cf_distance': 0.20384438335895538, 'num_valid_crds_neg': 175.0, 'epoch': 0.5}
{'loss': 0.0226, 'grad_norm': 0.09912109375, 'learning_rate': 0.00014333333333333334, 'loss_simcse': 0.0218505859375, 'loss_crds': 0.015650121495127678, 'loss_total': 0.02263309247791767, 'avg_crds_neg_weight': 0.09384538978338242, 'avg_crds_reliability': 0.45203208923339844, 'avg_crds_semantic_similarity': 0.47607123851776123, 'avg_crds_cf_distance': 0.21597948670387268, 'num_valid_crds_neg': 150.0, 'epoch': 0.51}
{'loss': 0.0223, 'grad_norm': 0.091796875, 'learning_rate': 0.000144, 'loss_simcse': 0.0213623046875, 'loss_crds': 0.019444573670625687, 'loss_total': 0.02233453281223774, 'avg_crds_neg_weight': 0.09474320709705353, 'avg_crds_reliability': 0.45422664284706116, 'avg_crds_semantic_similarity': 0.4868561923503876, 'avg_crds_cf_distance': 0.21104243397712708, 'num_valid_crds_neg': 203.0, 'epoch': 0.51}
{'loss': 0.031, 'grad_norm': 0.115234375, 'learning_rate': 0.0001446666666666667, 'loss_simcse': 0.030029296875, 'loss_crds': 0.019430482760071754, 'loss_total': 0.03100082091987133, 'avg_crds_neg_weight': 0.0870259553194046, 'avg_crds_reliability': 0.429005891084671, 'avg_crds_semantic_similarity': 0.48224368691444397, 'avg_crds_cf_distance': 0.20115408301353455, 'num_valid_crds_neg': 182.0, 'epoch': 0.51}
{'loss': 0.0232, 'grad_norm': 0.11474609375, 'learning_rate': 0.00014533333333333333, 'loss_simcse': 0.0224609375, 'loss_crds': 0.015391548164188862, 'loss_total': 0.02323051542043686, 'avg_crds_neg_weight': 0.09380277246236801, 'avg_crds_reliability': 0.45157530903816223, 'avg_crds_semantic_similarity': 0.45773252844810486, 'avg_crds_cf_distance': 0.209866002202034, 'num_valid_crds_neg': 180.0, 'epoch': 0.51}
{'loss': 0.0222, 'grad_norm': 0.0908203125, 'learning_rate': 0.000146, 'loss_simcse': 0.02099609375, 'loss_crds': 0.02331416681408882, 'loss_total': 0.022161802276968956, 'avg_crds_neg_weight': 0.09146399796009064, 'avg_crds_reliability': 0.4338631331920624, 'avg_crds_semantic_similarity': 0.47361308336257935, 'avg_crds_cf_distance': 0.218397855758667, 'num_valid_crds_neg': 194.0, 'epoch': 0.52}
{'loss': 0.0256, 'grad_norm': 0.09375, 'learning_rate': 0.00014666666666666666, 'loss_simcse': 0.0245361328125, 'loss_crds': 0.02078954502940178, 'loss_total': 0.025575609877705574, 'avg_crds_neg_weight': 0.09638254344463348, 'avg_crds_reliability': 0.45705896615982056, 'avg_crds_semantic_similarity': 0.4655797779560089, 'avg_crds_cf_distance': 0.21092329919338226, 'num_valid_crds_neg': 190.0, 'epoch': 0.52}
{'loss': 0.0226, 'grad_norm': 0.09814453125, 'learning_rate': 0.00014733333333333335, 'loss_simcse': 0.0213623046875, 'loss_crds': 0.024017663672566414, 'loss_total': 0.022563187405467033, 'avg_crds_neg_weight': 0.09398424625396729, 'avg_crds_reliability': 0.4537316858768463, 'avg_crds_semantic_similarity': 0.47576990723609924, 'avg_crds_cf_distance': 0.21326062083244324, 'num_valid_crds_neg': 212.0, 'epoch': 0.52}
{'loss': 0.022, 'grad_norm': 0.1015625, 'learning_rate': 0.000148, 'loss_simcse': 0.021240234375, 'loss_crds': 0.015424717217683792, 'loss_total': 0.022011470049619675, 'avg_crds_neg_weight': 0.09692391008138657, 'avg_crds_reliability': 0.4510250389575958, 'avg_crds_semantic_similarity': 0.46472692489624023, 'avg_crds_cf_distance': 0.209813192486763, 'num_valid_crds_neg': 220.0, 'epoch': 0.52}
{'loss': 0.0224, 'grad_norm': 0.10009765625, 'learning_rate': 0.00014866666666666666, 'loss_simcse': 0.0213623046875, 'loss_crds': 0.021010398864746094, 'loss_total': 0.022412825375795364, 'avg_crds_neg_weight': 0.09769219160079956, 'avg_crds_reliability': 0.45580971240997314, 'avg_crds_semantic_similarity': 0.4720817804336548, 'avg_crds_cf_distance': 0.20190313458442688, 'num_valid_crds_neg': 182.0, 'epoch': 0.52}
{'loss': 0.0228, 'grad_norm': 0.10107421875, 'learning_rate': 0.00014933333333333335, 'loss_simcse': 0.021728515625, 'loss_crds': 0.020697541534900665, 'loss_total': 0.022763391956686974, 'avg_crds_neg_weight': 0.09491408616304398, 'avg_crds_reliability': 0.44276508688926697, 'avg_crds_semantic_similarity': 0.47071439027786255, 'avg_crds_cf_distance': 0.21792276203632355, 'num_valid_crds_neg': 160.0, 'epoch': 0.53}
{'loss': 0.0233, 'grad_norm': 0.10546875, 'learning_rate': 0.00015000000000000001, 'loss_simcse': 0.0225830078125, 'loss_crds': 0.014133328571915627, 'loss_total': 0.023289674893021584, 'avg_crds_neg_weight': 0.09472884982824326, 'avg_crds_reliability': 0.4519723951816559, 'avg_crds_semantic_similarity': 0.4769219756126404, 'avg_crds_cf_distance': 0.21230673789978027, 'num_valid_crds_neg': 158.0, 'epoch': 0.53}
{'loss': 0.0258, 'grad_norm': 0.1279296875, 'learning_rate': 0.00015066666666666668, 'loss_simcse': 0.0247802734375, 'loss_crds': 0.021064501255750656, 'loss_total': 0.025833498686552048, 'avg_crds_neg_weight': 0.09725695103406906, 'avg_crds_reliability': 0.4405301809310913, 'avg_crds_semantic_similarity': 0.4696599543094635, 'avg_crds_cf_distance': 0.20953615009784698, 'num_valid_crds_neg': 205.0, 'epoch': 0.53}
{'loss': 0.0231, 'grad_norm': 0.11181640625, 'learning_rate': 0.00015133333333333334, 'loss_simcse': 0.022216796875, 'loss_crds': 0.01730116829276085, 'loss_total': 0.023081855848431587, 'avg_crds_neg_weight': 0.08702127635478973, 'avg_crds_reliability': 0.4299183785915375, 'avg_crds_semantic_similarity': 0.46032261848449707, 'avg_crds_cf_distance': 0.19825056195259094, 'num_valid_crds_neg': 185.0, 'epoch': 0.53}
{'loss': 0.0231, 'grad_norm': 0.1025390625, 'learning_rate': 0.000152, 'loss_simcse': 0.0223388671875, 'loss_crds': 0.01598338782787323, 'loss_total': 0.02313803695142269, 'avg_crds_neg_weight': 0.08950996398925781, 'avg_crds_reliability': 0.44167593121528625, 'avg_crds_semantic_similarity': 0.4847598373889923, 'avg_crds_cf_distance': 0.20926794409751892, 'num_valid_crds_neg': 172.0, 'epoch': 0.54}
{'loss': 0.0228, 'grad_norm': 0.12451171875, 'learning_rate': 0.00015266666666666667, 'loss_simcse': 0.021728515625, 'loss_crds': 0.020747633650898933, 'loss_total': 0.02276589721441269, 'avg_crds_neg_weight': 0.09740228205919266, 'avg_crds_reliability': 0.4408903121948242, 'avg_crds_semantic_similarity': 0.48265546560287476, 'avg_crds_cf_distance': 0.20899049937725067, 'num_valid_crds_neg': 176.0, 'epoch': 0.54}
{'loss': 0.0224, 'grad_norm': 0.11181640625, 'learning_rate': 0.00015333333333333334, 'loss_simcse': 0.0216064453125, 'loss_crds': 0.01592455804347992, 'loss_total': 0.022402673959732056, 'avg_crds_neg_weight': 0.09705743938684464, 'avg_crds_reliability': 0.4583842158317566, 'avg_crds_semantic_similarity': 0.4781940281391144, 'avg_crds_cf_distance': 0.20979632437229156, 'num_valid_crds_neg': 172.0, 'epoch': 0.54}
{'loss': 0.0229, 'grad_norm': 0.10888671875, 'learning_rate': 0.000154, 'loss_simcse': 0.0220947265625, 'loss_crds': 0.0167857613414526, 'loss_total': 0.022934013977646828, 'avg_crds_neg_weight': 0.09629641473293304, 'avg_crds_reliability': 0.4397144019603729, 'avg_crds_semantic_similarity': 0.46622130274772644, 'avg_crds_cf_distance': 0.21628934144973755, 'num_valid_crds_neg': 203.0, 'epoch': 0.54}
{'loss': 0.0224, 'grad_norm': 0.10546875, 'learning_rate': 0.00015466666666666667, 'loss_simcse': 0.021484375, 'loss_crds': 0.01918117143213749, 'loss_total': 0.022443434223532677, 'avg_crds_neg_weight': 0.09663111716508865, 'avg_crds_reliability': 0.44111359119415283, 'avg_crds_semantic_similarity': 0.45001113414764404, 'avg_crds_cf_distance': 0.2098846435546875, 'num_valid_crds_neg': 131.0, 'epoch': 0.55}
{'loss': 0.0236, 'grad_norm': 0.2373046875, 'learning_rate': 0.00015533333333333333, 'loss_simcse': 0.0225830078125, 'loss_crds': 0.02020660601556301, 'loss_total': 0.023593338206410408, 'avg_crds_neg_weight': 0.09503822028636932, 'avg_crds_reliability': 0.4423196613788605, 'avg_crds_semantic_similarity': 0.4644552171230316, 'avg_crds_cf_distance': 0.2164587676525116, 'num_valid_crds_neg': 205.0, 'epoch': 0.55}
{'loss': 0.0223, 'grad_norm': 0.11572265625, 'learning_rate': 0.00015600000000000002, 'loss_simcse': 0.0216064453125, 'loss_crds': 0.014714016579091549, 'loss_total': 0.022342145442962646, 'avg_crds_neg_weight': 0.08847781270742416, 'avg_crds_reliability': 0.42464643716812134, 'avg_crds_semantic_similarity': 0.4670516550540924, 'avg_crds_cf_distance': 0.22005441784858704, 'num_valid_crds_neg': 178.0, 'epoch': 0.55}
{'loss': 0.022, 'grad_norm': 0.09423828125, 'learning_rate': 0.00015666666666666666, 'loss_simcse': 0.0211181640625, 'loss_crds': 0.017211420461535454, 'loss_total': 0.02197873592376709, 'avg_crds_neg_weight': 0.08912961930036545, 'avg_crds_reliability': 0.4325614273548126, 'avg_crds_semantic_similarity': 0.4761320948600769, 'avg_crds_cf_distance': 0.19055190682411194, 'num_valid_crds_neg': 139.0, 'epoch': 0.55}
{'loss': 0.0214, 'grad_norm': 0.09375, 'learning_rate': 0.00015733333333333333, 'loss_simcse': 0.020751953125, 'loss_crds': 0.01371073629707098, 'loss_total': 0.021437490358948708, 'avg_crds_neg_weight': 0.09099732339382172, 'avg_crds_reliability': 0.42738720774650574, 'avg_crds_semantic_similarity': 0.4628223776817322, 'avg_crds_cf_distance': 0.20677171647548676, 'num_valid_crds_neg': 179.0, 'epoch': 0.56}
{'loss': 0.022, 'grad_norm': 0.10302734375, 'learning_rate': 0.00015800000000000002, 'loss_simcse': 0.0211181640625, 'loss_crds': 0.0170277152210474, 'loss_total': 0.021969549357891083, 'avg_crds_neg_weight': 0.09695897996425629, 'avg_crds_reliability': 0.4595963656902313, 'avg_crds_semantic_similarity': 0.4736684560775757, 'avg_crds_cf_distance': 0.20911052823066711, 'num_valid_crds_neg': 193.0, 'epoch': 0.56}
{'loss': 0.0218, 'grad_norm': 0.083984375, 'learning_rate': 0.00015866666666666668, 'loss_simcse': 0.0208740234375, 'loss_crds': 0.01762641966342926, 'loss_total': 0.021755345165729523, 'avg_crds_neg_weight': 0.10066302865743637, 'avg_crds_reliability': 0.467599093914032, 'avg_crds_semantic_similarity': 0.484585165977478, 'avg_crds_cf_distance': 0.20606550574302673, 'num_valid_crds_neg': 156.0, 'epoch': 0.56}
{'loss': 0.0243, 'grad_norm': 0.11865234375, 'learning_rate': 0.00015933333333333332, 'loss_simcse': 0.0234375, 'loss_crds': 0.017684776335954666, 'loss_total': 0.02432173863053322, 'avg_crds_neg_weight': 0.0953870415687561, 'avg_crds_reliability': 0.4450860321521759, 'avg_crds_semantic_similarity': 0.4628671407699585, 'avg_crds_cf_distance': 0.20691317319869995, 'num_valid_crds_neg': 178.0, 'epoch': 0.56}
{'loss': 0.0225, 'grad_norm': 0.12353515625, 'learning_rate': 0.00016, 'loss_simcse': 0.0213623046875, 'loss_crds': 0.022242609411478043, 'loss_total': 0.022474434226751328, 'avg_crds_neg_weight': 0.09913842380046844, 'avg_crds_reliability': 0.4463743567466736, 'avg_crds_semantic_similarity': 0.45349544286727905, 'avg_crds_cf_distance': 0.20419912040233612, 'num_valid_crds_neg': 152.0, 'epoch': 0.56}
{'loss': 0.0237, 'grad_norm': 0.6875, 'learning_rate': 0.00016066666666666668, 'loss_simcse': 0.0230712890625, 'loss_crds': 0.012149740941822529, 'loss_total': 0.023678775876760483, 'avg_crds_neg_weight': 0.09422778338193893, 'avg_crds_reliability': 0.45077821612358093, 'avg_crds_semantic_similarity': 0.4532858431339264, 'avg_crds_cf_distance': 0.20955884456634521, 'num_valid_crds_neg': 150.0, 'epoch': 0.57}
{'loss': 0.022, 'grad_norm': 0.08984375, 'learning_rate': 0.00016133333333333334, 'loss_simcse': 0.0213623046875, 'loss_crds': 0.013569429516792297, 'loss_total': 0.022040776908397675, 'avg_crds_neg_weight': 0.10265574604272842, 'avg_crds_reliability': 0.4658873677253723, 'avg_crds_semantic_similarity': 0.46181443333625793, 'avg_crds_cf_distance': 0.20458154380321503, 'num_valid_crds_neg': 182.0, 'epoch': 0.57}
{'loss': 0.0222, 'grad_norm': 0.09814453125, 'learning_rate': 0.000162, 'loss_simcse': 0.0213623046875, 'loss_crds': 0.016075588762760162, 'loss_total': 0.022166084498167038, 'avg_crds_neg_weight': 0.0919334664940834, 'avg_crds_reliability': 0.4474382698535919, 'avg_crds_semantic_similarity': 0.4695791006088257, 'avg_crds_cf_distance': 0.219696044921875, 'num_valid_crds_neg': 186.0, 'epoch': 0.57}
{'loss': 0.0222, 'grad_norm': 0.1044921875, 'learning_rate': 0.00016266666666666667, 'loss_simcse': 0.021484375, 'loss_crds': 0.014351679012179375, 'loss_total': 0.022201959043741226, 'avg_crds_neg_weight': 0.10080447047948837, 'avg_crds_reliability': 0.4556182324886322, 'avg_crds_semantic_similarity': 0.46100690960884094, 'avg_crds_cf_distance': 0.20162560045719147, 'num_valid_crds_neg': 141.0, 'epoch': 0.57}
{'loss': 0.021, 'grad_norm': 0.09033203125, 'learning_rate': 0.00016333333333333334, 'loss_simcse': 0.020263671875, 'loss_crds': 0.015281999483704567, 'loss_total': 0.02102777175605297, 'avg_crds_neg_weight': 0.09197389334440231, 'avg_crds_reliability': 0.44505155086517334, 'avg_crds_semantic_similarity': 0.46152451634407043, 'avg_crds_cf_distance': 0.21162739396095276, 'num_valid_crds_neg': 159.0, 'epoch': 0.58}
{'loss': 0.0209, 'grad_norm': 0.08642578125, 'learning_rate': 0.000164, 'loss_simcse': 0.0201416015625, 'loss_crds': 0.014658289030194283, 'loss_total': 0.020874515175819397, 'avg_crds_neg_weight': 0.09809508919715881, 'avg_crds_reliability': 0.45744040608406067, 'avg_crds_semantic_similarity': 0.4694831967353821, 'avg_crds_cf_distance': 0.19579853117465973, 'num_valid_crds_neg': 161.0, 'epoch': 0.58}
{'loss': 0.0218, 'grad_norm': 0.10107421875, 'learning_rate': 0.00016466666666666667, 'loss_simcse': 0.020751953125, 'loss_crds': 0.02160782739520073, 'loss_total': 0.02183234505355358, 'avg_crds_neg_weight': 0.09955541789531708, 'avg_crds_reliability': 0.4415071904659271, 'avg_crds_semantic_similarity': 0.46769124269485474, 'avg_crds_cf_distance': 0.21660803258419037, 'num_valid_crds_neg': 177.0, 'epoch': 0.58}
{'loss': 0.022, 'grad_norm': 0.11083984375, 'learning_rate': 0.00016533333333333333, 'loss_simcse': 0.0211181640625, 'loss_crds': 0.01790899783372879, 'loss_total': 0.02201361395418644, 'avg_crds_neg_weight': 0.08975131064653397, 'avg_crds_reliability': 0.4327450096607208, 'avg_crds_semantic_similarity': 0.4787715971469879, 'avg_crds_cf_distance': 0.21196348965168, 'num_valid_crds_neg': 191.0, 'epoch': 0.58}
{'loss': 0.021, 'grad_norm': 0.08203125, 'learning_rate': 0.000166, 'loss_simcse': 0.0201416015625, 'loss_crds': 0.01786220632493496, 'loss_total': 0.021034711971879005, 'avg_crds_neg_weight': 0.09944377094507217, 'avg_crds_reliability': 0.45074382424354553, 'avg_crds_semantic_similarity': 0.4819856882095337, 'avg_crds_cf_distance': 0.20830491185188293, 'num_valid_crds_neg': 164.0, 'epoch': 0.59}
{'loss': 0.0229, 'grad_norm': 0.111328125, 'learning_rate': 0.0001666666666666667, 'loss_simcse': 0.0223388671875, 'loss_crds': 0.01219737995415926, 'loss_total': 0.02294873632490635, 'avg_crds_neg_weight': 0.08689432591199875, 'avg_crds_reliability': 0.4473476707935333, 'avg_crds_semantic_similarity': 0.47709259390830994, 'avg_crds_cf_distance': 0.2116338461637497, 'num_valid_crds_neg': 135.0, 'epoch': 0.59}
{'loss': 0.0218, 'grad_norm': 0.10205078125, 'learning_rate': 0.00016733333333333335, 'loss_simcse': 0.0208740234375, 'loss_crds': 0.01882890611886978, 'loss_total': 0.02181546948850155, 'avg_crds_neg_weight': 0.09762688726186752, 'avg_crds_reliability': 0.43535447120666504, 'avg_crds_semantic_similarity': 0.4711046814918518, 'avg_crds_cf_distance': 0.20224256813526154, 'num_valid_crds_neg': 185.0, 'epoch': 0.59}
{'loss': 0.0211, 'grad_norm': 0.1015625, 'learning_rate': 0.000168, 'loss_simcse': 0.0205078125, 'loss_crds': 0.012021547183394432, 'loss_total': 0.02110888995230198, 'avg_crds_neg_weight': 0.08656039088964462, 'avg_crds_reliability': 0.4357622563838959, 'avg_crds_semantic_similarity': 0.45602092146873474, 'avg_crds_cf_distance': 0.2080969661474228, 'num_valid_crds_neg': 148.0, 'epoch': 0.59}
{'loss': 0.0217, 'grad_norm': 0.0966796875, 'learning_rate': 0.00016866666666666668, 'loss_simcse': 0.020751953125, 'loss_crds': 0.018146783113479614, 'loss_total': 0.02165929228067398, 'avg_crds_neg_weight': 0.09798792749643326, 'avg_crds_reliability': 0.45025137066841125, 'avg_crds_semantic_similarity': 0.46727314591407776, 'avg_crds_cf_distance': 0.19916285574436188, 'num_valid_crds_neg': 191.0, 'epoch': 0.6}
{'loss': 0.0211, 'grad_norm': 0.09716796875, 'learning_rate': 0.00016933333333333335, 'loss_simcse': 0.0203857421875, 'loss_crds': 0.015029331669211388, 'loss_total': 0.021137209609150887, 'avg_crds_neg_weight': 0.09578641504049301, 'avg_crds_reliability': 0.4457594156265259, 'avg_crds_semantic_similarity': 0.47061970829963684, 'avg_crds_cf_distance': 0.21186606585979462, 'num_valid_crds_neg': 178.0, 'epoch': 0.6}
{'loss': 0.0213, 'grad_norm': 0.0859375, 'learning_rate': 0.00017, 'loss_simcse': 0.0203857421875, 'loss_crds': 0.01807844638824463, 'loss_total': 0.02128966525197029, 'avg_crds_neg_weight': 0.10671079903841019, 'avg_crds_reliability': 0.48676547408103943, 'avg_crds_semantic_similarity': 0.4695364534854889, 'avg_crds_cf_distance': 0.2132367342710495, 'num_valid_crds_neg': 185.0, 'epoch': 0.6}
{'loss': 0.0259, 'grad_norm': 0.11279296875, 'learning_rate': 0.00017066666666666668, 'loss_simcse': 0.025146484375, 'loss_crds': 0.014443201012909412, 'loss_total': 0.025868644937872887, 'avg_crds_neg_weight': 0.09369280189275742, 'avg_crds_reliability': 0.4345833659172058, 'avg_crds_semantic_similarity': 0.4699104428291321, 'avg_crds_cf_distance': 0.19901010394096375, 'num_valid_crds_neg': 187.0, 'epoch': 0.6}
{'loss': 0.0286, 'grad_norm': 0.236328125, 'learning_rate': 0.00017133333333333334, 'loss_simcse': 0.027587890625, 'loss_crds': 0.020213307812809944, 'loss_total': 0.02859855629503727, 'avg_crds_neg_weight': 0.09452790021896362, 'avg_crds_reliability': 0.4614213705062866, 'avg_crds_semantic_similarity': 0.4623754322528839, 'avg_crds_cf_distance': 0.2025349736213684, 'num_valid_crds_neg': 173.0, 'epoch': 0.6}
{'loss': 0.0213, 'grad_norm': 0.0908203125, 'learning_rate': 0.000172, 'loss_simcse': 0.0205078125, 'loss_crds': 0.015634384006261826, 'loss_total': 0.021289531141519547, 'avg_crds_neg_weight': 0.10583091527223587, 'avg_crds_reliability': 0.4747333228588104, 'avg_crds_semantic_similarity': 0.4666404128074646, 'avg_crds_cf_distance': 0.2156606912612915, 'num_valid_crds_neg': 181.0, 'epoch': 0.61}
{'loss': 0.0218, 'grad_norm': 0.09375, 'learning_rate': 0.00017266666666666667, 'loss_simcse': 0.0206298828125, 'loss_crds': 0.022472428157925606, 'loss_total': 0.021753504872322083, 'avg_crds_neg_weight': 0.1023290678858757, 'avg_crds_reliability': 0.4594789743423462, 'avg_crds_semantic_similarity': 0.454687237739563, 'avg_crds_cf_distance': 0.194602832198143, 'num_valid_crds_neg': 164.0, 'epoch': 0.61}
{'loss': 0.0212, 'grad_norm': 0.08837890625, 'learning_rate': 0.00017333333333333334, 'loss_simcse': 0.0205078125, 'loss_crds': 0.014578317292034626, 'loss_total': 0.021236728876829147, 'avg_crds_neg_weight': 0.09137195348739624, 'avg_crds_reliability': 0.45294833183288574, 'avg_crds_semantic_similarity': 0.4728975296020508, 'avg_crds_cf_distance': 0.20595349371433258, 'num_valid_crds_neg': 152.0, 'epoch': 0.61}
{'loss': 0.0212, 'grad_norm': 0.083984375, 'learning_rate': 0.000174, 'loss_simcse': 0.020263671875, 'loss_crds': 0.018932703882455826, 'loss_total': 0.021210307255387306, 'avg_crds_neg_weight': 0.09195367246866226, 'avg_crds_reliability': 0.45298126339912415, 'avg_crds_semantic_similarity': 0.4719218611717224, 'avg_crds_cf_distance': 0.20042508840560913, 'num_valid_crds_neg': 171.0, 'epoch': 0.61}
{'loss': 0.0269, 'grad_norm': 0.51953125, 'learning_rate': 0.00017466666666666667, 'loss_simcse': 0.026123046875, 'loss_crds': 0.015222439542412758, 'loss_total': 0.02688416838645935, 'avg_crds_neg_weight': 0.1055540218949318, 'avg_crds_reliability': 0.4706895649433136, 'avg_crds_semantic_similarity': 0.466178834438324, 'avg_crds_cf_distance': 0.20135396718978882, 'num_valid_crds_neg': 143.0, 'epoch': 0.62}
{'loss': 0.0213, 'grad_norm': 0.09423828125, 'learning_rate': 0.00017533333333333336, 'loss_simcse': 0.0205078125, 'loss_crds': 0.016385357826948166, 'loss_total': 0.021327080205082893, 'avg_crds_neg_weight': 0.09648685902357101, 'avg_crds_reliability': 0.47903865575790405, 'avg_crds_semantic_similarity': 0.47443991899490356, 'avg_crds_cf_distance': 0.2061731219291687, 'num_valid_crds_neg': 170.0, 'epoch': 0.62}
{'loss': 0.0221, 'grad_norm': 0.09814453125, 'learning_rate': 0.00017600000000000002, 'loss_simcse': 0.0208740234375, 'loss_crds': 0.0240724328905344, 'loss_total': 0.022077644243836403, 'avg_crds_neg_weight': 0.0946170762181282, 'avg_crds_reliability': 0.4402696192264557, 'avg_crds_semantic_similarity': 0.4874893128871918, 'avg_crds_cf_distance': 0.2235802710056305, 'num_valid_crds_neg': 188.0, 'epoch': 0.62}
{'loss': 0.0217, 'grad_norm': 0.08984375, 'learning_rate': 0.00017666666666666666, 'loss_simcse': 0.0203857421875, 'loss_crds': 0.02540217526257038, 'loss_total': 0.021655850112438202, 'avg_crds_neg_weight': 0.10576735436916351, 'avg_crds_reliability': 0.4685025215148926, 'avg_crds_semantic_similarity': 0.4823901951313019, 'avg_crds_cf_distance': 0.20906414091587067, 'num_valid_crds_neg': 146.0, 'epoch': 0.62}
{'loss': 0.0207, 'grad_norm': 0.08935546875, 'learning_rate': 0.00017733333333333335, 'loss_simcse': 0.02001953125, 'loss_crds': 0.013662264682352543, 'loss_total': 0.020702645182609558, 'avg_crds_neg_weight': 0.09017205238342285, 'avg_crds_reliability': 0.4209257662296295, 'avg_crds_semantic_similarity': 0.4677448868751526, 'avg_crds_cf_distance': 0.1940390020608902, 'num_valid_crds_neg': 131.0, 'epoch': 0.63}
{'loss': 0.0212, 'grad_norm': 0.08349609375, 'learning_rate': 0.00017800000000000002, 'loss_simcse': 0.0206298828125, 'loss_crds': 0.012215079739689827, 'loss_total': 0.021240636706352234, 'avg_crds_neg_weight': 0.09918774664402008, 'avg_crds_reliability': 0.46263784170150757, 'avg_crds_semantic_similarity': 0.4560911953449249, 'avg_crds_cf_distance': 0.2090289443731308, 'num_valid_crds_neg': 158.0, 'epoch': 0.63}
{'loss': 0.0207, 'grad_norm': 0.09765625, 'learning_rate': 0.00017866666666666668, 'loss_simcse': 0.0198974609375, 'loss_crds': 0.016409125179052353, 'loss_total': 0.020717917010188103, 'avg_crds_neg_weight': 0.09378629177808762, 'avg_crds_reliability': 0.43317118287086487, 'avg_crds_semantic_similarity': 0.48476341366767883, 'avg_crds_cf_distance': 0.19433775544166565, 'num_valid_crds_neg': 152.0, 'epoch': 0.63}
{'loss': 0.0208, 'grad_norm': 0.08203125, 'learning_rate': 0.00017933333333333332, 'loss_simcse': 0.019775390625, 'loss_crds': 0.02116905339062214, 'loss_total': 0.02083384245634079, 'avg_crds_neg_weight': 0.08990229666233063, 'avg_crds_reliability': 0.4358096420764923, 'avg_crds_semantic_similarity': 0.4814840853214264, 'avg_crds_cf_distance': 0.1994478553533554, 'num_valid_crds_neg': 174.0, 'epoch': 0.63}
{'loss': 0.0213, 'grad_norm': 0.103515625, 'learning_rate': 0.00018, 'loss_simcse': 0.0206298828125, 'loss_crds': 0.012769476510584354, 'loss_total': 0.02126835659146309, 'avg_crds_neg_weight': 0.10523480176925659, 'avg_crds_reliability': 0.4889299273490906, 'avg_crds_semantic_similarity': 0.4558165371417999, 'avg_crds_cf_distance': 0.23523375391960144, 'num_valid_crds_neg': 159.0, 'epoch': 0.64}
{'loss': 0.0215, 'grad_norm': 0.09326171875, 'learning_rate': 0.00018066666666666668, 'loss_simcse': 0.0205078125, 'loss_crds': 0.01911061629652977, 'loss_total': 0.021463343873620033, 'avg_crds_neg_weight': 0.09574011713266373, 'avg_crds_reliability': 0.4441331923007965, 'avg_crds_semantic_similarity': 0.4788787066936493, 'avg_crds_cf_distance': 0.21117661893367767, 'num_valid_crds_neg': 207.0, 'epoch': 0.64}
{'loss': 0.021, 'grad_norm': 0.10302734375, 'learning_rate': 0.00018133333333333334, 'loss_simcse': 0.0201416015625, 'loss_crds': 0.01740161143243313, 'loss_total': 0.021011682227253914, 'avg_crds_neg_weight': 0.1018364280462265, 'avg_crds_reliability': 0.45982152223587036, 'avg_crds_semantic_similarity': 0.473054975271225, 'avg_crds_cf_distance': 0.21847094595432281, 'num_valid_crds_neg': 197.0, 'epoch': 0.64}
{'loss': 0.0213, 'grad_norm': 0.10546875, 'learning_rate': 0.000182, 'loss_simcse': 0.0206298828125, 'loss_crds': 0.013703901320695877, 'loss_total': 0.02131507731974125, 'avg_crds_neg_weight': 0.10148104280233383, 'avg_crds_reliability': 0.4609253406524658, 'avg_crds_semantic_similarity': 0.46131864190101624, 'avg_crds_cf_distance': 0.22097627818584442, 'num_valid_crds_neg': 182.0, 'epoch': 0.64}
{'loss': 0.0214, 'grad_norm': 0.0908203125, 'learning_rate': 0.00018266666666666667, 'loss_simcse': 0.0206298828125, 'loss_crds': 0.014899718575179577, 'loss_total': 0.021374868229031563, 'avg_crds_neg_weight': 0.10071323066949844, 'avg_crds_reliability': 0.4603339731693268, 'avg_crds_semantic_similarity': 0.45266613364219666, 'avg_crds_cf_distance': 0.2113906592130661, 'num_valid_crds_neg': 118.0, 'epoch': 0.64}
{'loss': 0.0217, 'grad_norm': 0.09716796875, 'learning_rate': 0.00018333333333333334, 'loss_simcse': 0.02099609375, 'loss_crds': 0.014296486042439938, 'loss_total': 0.021710917353630066, 'avg_crds_neg_weight': 0.09667129814624786, 'avg_crds_reliability': 0.46385642886161804, 'avg_crds_semantic_similarity': 0.46424031257629395, 'avg_crds_cf_distance': 0.1932828277349472, 'num_valid_crds_neg': 196.0, 'epoch': 0.65}
{'loss': 0.0247, 'grad_norm': 0.10009765625, 'learning_rate': 0.00018400000000000003, 'loss_simcse': 0.0238037109375, 'loss_crds': 0.018925752490758896, 'loss_total': 0.0247499980032444, 'avg_crds_neg_weight': 0.09343411773443222, 'avg_crds_reliability': 0.43496283888816833, 'avg_crds_semantic_similarity': 0.4680364429950714, 'avg_crds_cf_distance': 0.22038312256336212, 'num_valid_crds_neg': 178.0, 'epoch': 0.65}
{'loss': 0.0215, 'grad_norm': 0.0966796875, 'learning_rate': 0.00018466666666666666, 'loss_simcse': 0.0206298828125, 'loss_crds': 0.017793627455830574, 'loss_total': 0.02151956409215927, 'avg_crds_neg_weight': 0.09960214048624039, 'avg_crds_reliability': 0.4862736463546753, 'avg_crds_semantic_similarity': 0.46360814571380615, 'avg_crds_cf_distance': 0.21016882359981537, 'num_valid_crds_neg': 159.0, 'epoch': 0.65}
{'loss': 0.0242, 'grad_norm': 0.09716796875, 'learning_rate': 0.00018533333333333333, 'loss_simcse': 0.0233154296875, 'loss_crds': 0.018368929624557495, 'loss_total': 0.024233875796198845, 'avg_crds_neg_weight': 0.09520627558231354, 'avg_crds_reliability': 0.447354793548584, 'avg_crds_semantic_similarity': 0.47808751463890076, 'avg_crds_cf_distance': 0.2086540162563324, 'num_valid_crds_neg': 139.0, 'epoch': 0.65}
{'loss': 0.0207, 'grad_norm': 0.08203125, 'learning_rate': 0.00018600000000000002, 'loss_simcse': 0.02001953125, 'loss_crds': 0.014484526589512825, 'loss_total': 0.020743757486343384, 'avg_crds_neg_weight': 0.09239095449447632, 'avg_crds_reliability': 0.4520946443080902, 'avg_crds_semantic_similarity': 0.45932868123054504, 'avg_crds_cf_distance': 0.21764785051345825, 'num_valid_crds_neg': 158.0, 'epoch': 0.66}
{'loss': 0.0234, 'grad_norm': 0.11572265625, 'learning_rate': 0.0001866666666666667, 'loss_simcse': 0.0225830078125, 'loss_crds': 0.015660811215639114, 'loss_total': 0.0233660489320755, 'avg_crds_neg_weight': 0.10374496877193451, 'avg_crds_reliability': 0.47516635060310364, 'avg_crds_semantic_similarity': 0.46800899505615234, 'avg_crds_cf_distance': 0.20092959702014923, 'num_valid_crds_neg': 126.0, 'epoch': 0.66}
{'loss': 0.0205, 'grad_norm': 0.09423828125, 'learning_rate': 0.00018733333333333335, 'loss_simcse': 0.0198974609375, 'loss_crds': 0.012482831254601479, 'loss_total': 0.020521601662039757, 'avg_crds_neg_weight': 0.09116118401288986, 'avg_crds_reliability': 0.43743273615837097, 'avg_crds_semantic_similarity': 0.46149539947509766, 'avg_crds_cf_distance': 0.20912140607833862, 'num_valid_crds_neg': 151.0, 'epoch': 0.66}
{'loss': 0.0218, 'grad_norm': 0.49609375, 'learning_rate': 0.000188, 'loss_simcse': 0.0211181640625, 'loss_crds': 0.012980717234313488, 'loss_total': 0.02176719903945923, 'avg_crds_neg_weight': 0.094944067299366, 'avg_crds_reliability': 0.45098555088043213, 'avg_crds_semantic_similarity': 0.4760156273841858, 'avg_crds_cf_distance': 0.20931419730186462, 'num_valid_crds_neg': 156.0, 'epoch': 0.66}
{'loss': 0.0343, 'grad_norm': 1.625, 'learning_rate': 0.00018866666666666668, 'loss_simcse': 0.033447265625, 'loss_crds': 0.017422590404748917, 'loss_total': 0.03431839495897293, 'avg_crds_neg_weight': 0.09495413303375244, 'avg_crds_reliability': 0.4486098289489746, 'avg_crds_semantic_similarity': 0.46924489736557007, 'avg_crds_cf_distance': 0.21318133175373077, 'num_valid_crds_neg': 173.0, 'epoch': 0.67}
{'loss': 0.0225, 'grad_norm': 0.32421875, 'learning_rate': 0.00018933333333333335, 'loss_simcse': 0.021728515625, 'loss_crds': 0.01546404417604208, 'loss_total': 0.022501718252897263, 'avg_crds_neg_weight': 0.09526650607585907, 'avg_crds_reliability': 0.443850040435791, 'avg_crds_semantic_similarity': 0.46913713216781616, 'avg_crds_cf_distance': 0.21329955756664276, 'num_valid_crds_neg': 165.0, 'epoch': 0.67}
{'loss': 0.0216, 'grad_norm': 0.2578125, 'learning_rate': 0.00019, 'loss_simcse': 0.02099609375, 'loss_crds': 0.01146728079766035, 'loss_total': 0.02156945690512657, 'avg_crds_neg_weight': 0.10089674592018127, 'avg_crds_reliability': 0.4576963186264038, 'avg_crds_semantic_similarity': 0.4612169861793518, 'avg_crds_cf_distance': 0.1977330446243286, 'num_valid_crds_neg': 127.0, 'epoch': 0.67}
{'loss': 0.0213, 'grad_norm': 0.08447265625, 'learning_rate': 0.00019066666666666668, 'loss_simcse': 0.0203857421875, 'loss_crds': 0.01877366378903389, 'loss_total': 0.02132442593574524, 'avg_crds_neg_weight': 0.09677043557167053, 'avg_crds_reliability': 0.44514620304107666, 'avg_crds_semantic_similarity': 0.4738157391548157, 'avg_crds_cf_distance': 0.21057015657424927, 'num_valid_crds_neg': 213.0, 'epoch': 0.67}
{'loss': 0.0212, 'grad_norm': 0.0908203125, 'learning_rate': 0.00019133333333333334, 'loss_simcse': 0.0201416015625, 'loss_crds': 0.020569905638694763, 'loss_total': 0.02117009647190571, 'avg_crds_neg_weight': 0.1032237559556961, 'avg_crds_reliability': 0.47189217805862427, 'avg_crds_semantic_similarity': 0.47437211871147156, 'avg_crds_cf_distance': 0.21760401129722595, 'num_valid_crds_neg': 135.0, 'epoch': 0.68}
{'loss': 0.0209, 'grad_norm': 0.10205078125, 'learning_rate': 0.000192, 'loss_simcse': 0.0201416015625, 'loss_crds': 0.014998315833508968, 'loss_total': 0.020891517400741577, 'avg_crds_neg_weight': 0.09286683797836304, 'avg_crds_reliability': 0.4565981328487396, 'avg_crds_semantic_similarity': 0.47374752163887024, 'avg_crds_cf_distance': 0.2099115252494812, 'num_valid_crds_neg': 153.0, 'epoch': 0.68}
{'loss': 0.0198, 'grad_norm': 0.0830078125, 'learning_rate': 0.0001926666666666667, 'loss_simcse': 0.019287109375, 'loss_crds': 0.010606776922941208, 'loss_total': 0.019817449152469635, 'avg_crds_neg_weight': 0.09588132053613663, 'avg_crds_reliability': 0.4518924355506897, 'avg_crds_semantic_similarity': 0.4629191756248474, 'avg_crds_cf_distance': 0.20417800545692444, 'num_valid_crds_neg': 188.0, 'epoch': 0.68}
{'loss': 0.0217, 'grad_norm': 0.11376953125, 'learning_rate': 0.00019333333333333333, 'loss_simcse': 0.0208740234375, 'loss_crds': 0.016721701249480247, 'loss_total': 0.0217101089656353, 'avg_crds_neg_weight': 0.097401462495327, 'avg_crds_reliability': 0.4628635048866272, 'avg_crds_semantic_similarity': 0.4681757092475891, 'avg_crds_cf_distance': 0.20661059021949768, 'num_valid_crds_neg': 159.0, 'epoch': 0.68}
{'loss': 0.0213, 'grad_norm': 0.10302734375, 'learning_rate': 0.000194, 'loss_simcse': 0.020751953125, 'loss_crds': 0.010840206407010555, 'loss_total': 0.021293964236974716, 'avg_crds_neg_weight': 0.08714357018470764, 'avg_crds_reliability': 0.4289368987083435, 'avg_crds_semantic_similarity': 0.4582735002040863, 'avg_crds_cf_distance': 0.19764862954616547, 'num_valid_crds_neg': 128.0, 'epoch': 0.68}
{'loss': 0.021, 'grad_norm': 0.0966796875, 'learning_rate': 0.0001946666666666667, 'loss_simcse': 0.020263671875, 'loss_crds': 0.0151646938174963, 'loss_total': 0.021021906286478043, 'avg_crds_neg_weight': 0.09815114736557007, 'avg_crds_reliability': 0.450972318649292, 'avg_crds_semantic_similarity': 0.468215674161911, 'avg_crds_cf_distance': 0.21401245892047882, 'num_valid_crds_neg': 184.0, 'epoch': 0.69}
{'loss': 0.0209, 'grad_norm': 0.09130859375, 'learning_rate': 0.00019533333333333336, 'loss_simcse': 0.02001953125, 'loss_crds': 0.018000822514295578, 'loss_total': 0.020919572561979294, 'avg_crds_neg_weight': 0.0990913063287735, 'avg_crds_reliability': 0.4455775022506714, 'avg_crds_semantic_similarity': 0.4778262972831726, 'avg_crds_cf_distance': 0.2184586077928543, 'num_valid_crds_neg': 221.0, 'epoch': 0.69}
{'loss': 0.0207, 'grad_norm': 0.0888671875, 'learning_rate': 0.000196, 'loss_simcse': 0.02001953125, 'loss_crds': 0.012613450177013874, 'loss_total': 0.02065020427107811, 'avg_crds_neg_weight': 0.10095391422510147, 'avg_crds_reliability': 0.4659062325954437, 'avg_crds_semantic_similarity': 0.4688255190849304, 'avg_crds_cf_distance': 0.21587586402893066, 'num_valid_crds_neg': 157.0, 'epoch': 0.69}
{'loss': 0.0205, 'grad_norm': 0.0888671875, 'learning_rate': 0.00019666666666666666, 'loss_simcse': 0.0198974609375, 'loss_crds': 0.011798789724707603, 'loss_total': 0.020487399771809578, 'avg_crds_neg_weight': 0.09826481342315674, 'avg_crds_reliability': 0.4448786973953247, 'avg_crds_semantic_similarity': 0.45378783345222473, 'avg_crds_cf_distance': 0.21460594236850739, 'num_valid_crds_neg': 166.0, 'epoch': 0.69}
{'loss': 0.0211, 'grad_norm': 0.10595703125, 'learning_rate': 0.00019733333333333335, 'loss_simcse': 0.020263671875, 'loss_crds': 0.016286663711071014, 'loss_total': 0.02107800543308258, 'avg_crds_neg_weight': 0.09534433484077454, 'avg_crds_reliability': 0.4568019211292267, 'avg_crds_semantic_similarity': 0.4852021336555481, 'avg_crds_cf_distance': 0.20904648303985596, 'num_valid_crds_neg': 202.0, 'epoch': 0.7}
{'loss': 0.0204, 'grad_norm': 0.0869140625, 'learning_rate': 0.00019800000000000002, 'loss_simcse': 0.019775390625, 'loss_crds': 0.011577745899558067, 'loss_total': 0.02035427838563919, 'avg_crds_neg_weight': 0.10432156175374985, 'avg_crds_reliability': 0.4768236577510834, 'avg_crds_semantic_similarity': 0.46746471524238586, 'avg_crds_cf_distance': 0.20686420798301697, 'num_valid_crds_neg': 151.0, 'epoch': 0.7}
{'loss': 0.0198, 'grad_norm': 0.07373046875, 'learning_rate': 0.00019866666666666668, 'loss_simcse': 0.0191650390625, 'loss_crds': 0.012690454721450806, 'loss_total': 0.01979956217110157, 'avg_crds_neg_weight': 0.09119539707899094, 'avg_crds_reliability': 0.45866960287094116, 'avg_crds_semantic_similarity': 0.4551384150981903, 'avg_crds_cf_distance': 0.21684423089027405, 'num_valid_crds_neg': 213.0, 'epoch': 0.7}
{'loss': 0.0207, 'grad_norm': 0.08544921875, 'learning_rate': 0.00019933333333333334, 'loss_simcse': 0.02001953125, 'loss_crds': 0.013983582146465778, 'loss_total': 0.020718710497021675, 'avg_crds_neg_weight': 0.0988377183675766, 'avg_crds_reliability': 0.45080676674842834, 'avg_crds_semantic_similarity': 0.45573902130126953, 'avg_crds_cf_distance': 0.21116992831230164, 'num_valid_crds_neg': 231.0, 'epoch': 0.7}
{'loss': 0.0211, 'grad_norm': 0.099609375, 'learning_rate': 0.0002, 'loss_simcse': 0.0205078125, 'loss_crds': 0.011378973722457886, 'loss_total': 0.021076761186122894, 'avg_crds_neg_weight': 0.0914788693189621, 'avg_crds_reliability': 0.4359881579875946, 'avg_crds_semantic_similarity': 0.4569626450538635, 'avg_crds_cf_distance': 0.2052268534898758, 'num_valid_crds_neg': 196.0, 'epoch': 0.71}
{'loss': 0.02, 'grad_norm': 0.08056640625, 'learning_rate': 0.00019989041095890413, 'loss_simcse': 0.0194091796875, 'loss_crds': 0.012621770612895489, 'loss_total': 0.020040268078446388, 'avg_crds_neg_weight': 0.09326551109552383, 'avg_crds_reliability': 0.4350505471229553, 'avg_crds_semantic_similarity': 0.46742555499076843, 'avg_crds_cf_distance': 0.20016631484031677, 'num_valid_crds_neg': 183.0, 'epoch': 0.71}
{'loss': 0.0204, 'grad_norm': 0.0791015625, 'learning_rate': 0.00019978082191780822, 'loss_simcse': 0.0198974609375, 'loss_crds': 0.010769547894597054, 'loss_total': 0.020435938611626625, 'avg_crds_neg_weight': 0.08624888956546783, 'avg_crds_reliability': 0.41843435168266296, 'avg_crds_semantic_similarity': 0.47094905376434326, 'avg_crds_cf_distance': 0.1996908038854599, 'num_valid_crds_neg': 174.0, 'epoch': 0.71}
{'loss': 0.0205, 'grad_norm': 0.08203125, 'learning_rate': 0.00019967123287671233, 'loss_simcse': 0.0196533203125, 'loss_crds': 0.017482414841651917, 'loss_total': 0.020527441054582596, 'avg_crds_neg_weight': 0.08842332661151886, 'avg_crds_reliability': 0.42794182896614075, 'avg_crds_semantic_similarity': 0.4751425087451935, 'avg_crds_cf_distance': 0.20662912726402283, 'num_valid_crds_neg': 201.0, 'epoch': 0.71}
{'loss': 0.0202, 'grad_norm': 0.0791015625, 'learning_rate': 0.00019956164383561645, 'loss_simcse': 0.0194091796875, 'loss_crds': 0.015313796699047089, 'loss_total': 0.020174870267510414, 'avg_crds_neg_weight': 0.09019926190376282, 'avg_crds_reliability': 0.43316906690597534, 'avg_crds_semantic_similarity': 0.46060270071029663, 'avg_crds_cf_distance': 0.20594410598278046, 'num_valid_crds_neg': 201.0, 'epoch': 0.72}
{'loss': 0.0199, 'grad_norm': 0.07958984375, 'learning_rate': 0.00019945205479452057, 'loss_simcse': 0.019287109375, 'loss_crds': 0.012848982587456703, 'loss_total': 0.019929558038711548, 'avg_crds_neg_weight': 0.10674405843019485, 'avg_crds_reliability': 0.4727393388748169, 'avg_crds_semantic_similarity': 0.4704802334308624, 'avg_crds_cf_distance': 0.20097406208515167, 'num_valid_crds_neg': 159.0, 'epoch': 0.72}
{'loss': 0.0199, 'grad_norm': 0.0771484375, 'learning_rate': 0.00019934246575342465, 'loss_simcse': 0.019287109375, 'loss_crds': 0.013097239658236504, 'loss_total': 0.019941970705986023, 'avg_crds_neg_weight': 0.09081601351499557, 'avg_crds_reliability': 0.4274064302444458, 'avg_crds_semantic_similarity': 0.45429572463035583, 'avg_crds_cf_distance': 0.19696086645126343, 'num_valid_crds_neg': 198.0, 'epoch': 0.72}
{'loss': 0.0199, 'grad_norm': 0.080078125, 'learning_rate': 0.00019923287671232877, 'loss_simcse': 0.0194091796875, 'loss_crds': 0.009247721172869205, 'loss_total': 0.01987156644463539, 'avg_crds_neg_weight': 0.08618476241827011, 'avg_crds_reliability': 0.4342266619205475, 'avg_crds_semantic_similarity': 0.4606998860836029, 'avg_crds_cf_distance': 0.20617832243442535, 'num_valid_crds_neg': 157.0, 'epoch': 0.72}
{'loss': 0.0234, 'grad_norm': 0.11181640625, 'learning_rate': 0.0001991232876712329, 'loss_simcse': 0.0228271484375, 'loss_crds': 0.012176193296909332, 'loss_total': 0.023435957729816437, 'avg_crds_neg_weight': 0.08620082587003708, 'avg_crds_reliability': 0.43611109256744385, 'avg_crds_semantic_similarity': 0.4712974727153778, 'avg_crds_cf_distance': 0.20716604590415955, 'num_valid_crds_neg': 205.0, 'epoch': 0.72}
{'loss': 0.0219, 'grad_norm': 0.09521484375, 'learning_rate': 0.00019901369863013698, 'loss_simcse': 0.0208740234375, 'loss_crds': 0.019622378051280975, 'loss_total': 0.02185514196753502, 'avg_crds_neg_weight': 0.09465501457452774, 'avg_crds_reliability': 0.4485155940055847, 'avg_crds_semantic_similarity': 0.47507598996162415, 'avg_crds_cf_distance': 0.2057584524154663, 'num_valid_crds_neg': 170.0, 'epoch': 0.73}
{'loss': 0.0199, 'grad_norm': 0.08642578125, 'learning_rate': 0.00019890410958904112, 'loss_simcse': 0.0194091796875, 'loss_crds': 0.010377219878137112, 'loss_total': 0.019928039982914925, 'avg_crds_neg_weight': 0.09502819180488586, 'avg_crds_reliability': 0.4453964829444885, 'avg_crds_semantic_similarity': 0.45002955198287964, 'avg_crds_cf_distance': 0.20136874914169312, 'num_valid_crds_neg': 171.0, 'epoch': 0.73}
{'loss': 0.0199, 'grad_norm': 0.11181640625, 'learning_rate': 0.0001987945205479452, 'loss_simcse': 0.019287109375, 'loss_crds': 0.012670079246163368, 'loss_total': 0.01992061361670494, 'avg_crds_neg_weight': 0.09286676347255707, 'avg_crds_reliability': 0.43667322397232056, 'avg_crds_semantic_similarity': 0.47230228781700134, 'avg_crds_cf_distance': 0.19651643931865692, 'num_valid_crds_neg': 187.0, 'epoch': 0.73}
{'loss': 0.02, 'grad_norm': 0.07177734375, 'learning_rate': 0.00019868493150684933, 'loss_simcse': 0.0194091796875, 'loss_crds': 0.012233421206474304, 'loss_total': 0.020020850002765656, 'avg_crds_neg_weight': 0.09058337658643723, 'avg_crds_reliability': 0.43282073736190796, 'avg_crds_semantic_similarity': 0.46482086181640625, 'avg_crds_cf_distance': 0.20692022144794464, 'num_valid_crds_neg': 174.0, 'epoch': 0.73}
{'loss': 0.0198, 'grad_norm': 0.076171875, 'learning_rate': 0.00019857534246575344, 'loss_simcse': 0.0191650390625, 'loss_crds': 0.013510400429368019, 'loss_total': 0.019840558990836143, 'avg_crds_neg_weight': 0.09662948548793793, 'avg_crds_reliability': 0.46185773611068726, 'avg_crds_semantic_similarity': 0.47235962748527527, 'avg_crds_cf_distance': 0.20835913717746735, 'num_valid_crds_neg': 211.0, 'epoch': 0.74}
{'loss': 0.0252, 'grad_norm': 0.0888671875, 'learning_rate': 0.00019846575342465753, 'loss_simcse': 0.024658203125, 'loss_crds': 0.011184664443135262, 'loss_total': 0.025217436254024506, 'avg_crds_neg_weight': 0.09483594447374344, 'avg_crds_reliability': 0.44089505076408386, 'avg_crds_semantic_similarity': 0.45439884066581726, 'avg_crds_cf_distance': 0.19159825146198273, 'num_valid_crds_neg': 158.0, 'epoch': 0.74}
{'loss': 0.02, 'grad_norm': 0.076171875, 'learning_rate': 0.00019835616438356165, 'loss_simcse': 0.0194091796875, 'loss_crds': 0.011816914193332195, 'loss_total': 0.020000025629997253, 'avg_crds_neg_weight': 0.09685320407152176, 'avg_crds_reliability': 0.44453033804893494, 'avg_crds_semantic_similarity': 0.45854732394218445, 'avg_crds_cf_distance': 0.20859268307685852, 'num_valid_crds_neg': 162.0, 'epoch': 0.74}
{'loss': 0.0203, 'grad_norm': 0.0791015625, 'learning_rate': 0.00019824657534246577, 'loss_simcse': 0.0194091796875, 'loss_crds': 0.018552588298916817, 'loss_total': 0.020336808636784554, 'avg_crds_neg_weight': 0.09419998526573181, 'avg_crds_reliability': 0.464713454246521, 'avg_crds_semantic_similarity': 0.48393771052360535, 'avg_crds_cf_distance': 0.20991699397563934, 'num_valid_crds_neg': 161.0, 'epoch': 0.74}
{'loss': 0.0207, 'grad_norm': 0.0732421875, 'learning_rate': 0.00019813698630136988, 'loss_simcse': 0.0198974609375, 'loss_crds': 0.0154377156868577, 'loss_total': 0.020669346675276756, 'avg_crds_neg_weight': 0.0952884629368782, 'avg_crds_reliability': 0.43977880477905273, 'avg_crds_semantic_similarity': 0.4904305040836334, 'avg_crds_cf_distance': 0.21546153724193573, 'num_valid_crds_neg': 165.0, 'epoch': 0.75}
{'loss': 0.0203, 'grad_norm': 0.076171875, 'learning_rate': 0.00019802739726027397, 'loss_simcse': 0.01953125, 'loss_crds': 0.016119761392474174, 'loss_total': 0.020337238907814026, 'avg_crds_neg_weight': 0.10551101714372635, 'avg_crds_reliability': 0.46943020820617676, 'avg_crds_semantic_similarity': 0.47066420316696167, 'avg_crds_cf_distance': 0.21867626905441284, 'num_valid_crds_neg': 186.0, 'epoch': 0.75}
{'loss': 0.0213, 'grad_norm': 0.09619140625, 'learning_rate': 0.0001979178082191781, 'loss_simcse': 0.0205078125, 'loss_crds': 0.01631997898221016, 'loss_total': 0.021323811262845993, 'avg_crds_neg_weight': 0.09393704682588577, 'avg_crds_reliability': 0.4476689100265503, 'avg_crds_semantic_similarity': 0.48455098271369934, 'avg_crds_cf_distance': 0.20163284242153168, 'num_valid_crds_neg': 117.0, 'epoch': 0.75}
{'loss': 0.0196, 'grad_norm': 0.06591796875, 'learning_rate': 0.0001978082191780822, 'loss_simcse': 0.018798828125, 'loss_crds': 0.015700148418545723, 'loss_total': 0.01958383619785309, 'avg_crds_neg_weight': 0.09748845547437668, 'avg_crds_reliability': 0.4459979236125946, 'avg_crds_semantic_similarity': 0.46276775002479553, 'avg_crds_cf_distance': 0.20265932381153107, 'num_valid_crds_neg': 162.0, 'epoch': 0.75}
{'loss': 0.0246, 'grad_norm': 0.0712890625, 'learning_rate': 0.0001976986301369863, 'loss_simcse': 0.0240478515625, 'loss_crds': 0.0112070981413126, 'loss_total': 0.024608206003904343, 'avg_crds_neg_weight': 0.09485332667827606, 'avg_crds_reliability': 0.4724912643432617, 'avg_crds_semantic_similarity': 0.46066221594810486, 'avg_crds_cf_distance': 0.20198512077331543, 'num_valid_crds_neg': 171.0, 'epoch': 0.76}
{'loss': 0.0195, 'grad_norm': 0.07177734375, 'learning_rate': 0.00019758904109589044, 'loss_simcse': 0.018798828125, 'loss_crds': 0.013569207862019539, 'loss_total': 0.01947728917002678, 'avg_crds_neg_weight': 0.09435614943504333, 'avg_crds_reliability': 0.4349084198474884, 'avg_crds_semantic_similarity': 0.45476779341697693, 'avg_crds_cf_distance': 0.20258136093616486, 'num_valid_crds_neg': 158.0, 'epoch': 0.76}
{'loss': 0.0208, 'grad_norm': 0.083984375, 'learning_rate': 0.00019747945205479453, 'loss_simcse': 0.0201416015625, 'loss_crds': 0.013494082726538181, 'loss_total': 0.02081630565226078, 'avg_crds_neg_weight': 0.0966036468744278, 'avg_crds_reliability': 0.45382818579673767, 'avg_crds_semantic_similarity': 0.46046116948127747, 'avg_crds_cf_distance': 0.20111094415187836, 'num_valid_crds_neg': 182.0, 'epoch': 0.76}
{'loss': 0.0207, 'grad_norm': 0.080078125, 'learning_rate': 0.00019736986301369864, 'loss_simcse': 0.02001953125, 'loss_crds': 0.012977204285562038, 'loss_total': 0.0206683911383152, 'avg_crds_neg_weight': 0.09329519420862198, 'avg_crds_reliability': 0.47359511256217957, 'avg_crds_semantic_similarity': 0.4712897539138794, 'avg_crds_cf_distance': 0.21618688106536865, 'num_valid_crds_neg': 187.0, 'epoch': 0.76}
{'loss': 0.0203, 'grad_norm': 0.08837890625, 'learning_rate': 0.00019726027397260273, 'loss_simcse': 0.0196533203125, 'loss_crds': 0.012707591988146305, 'loss_total': 0.020288700237870216, 'avg_crds_neg_weight': 0.09340737015008926, 'avg_crds_reliability': 0.4404735267162323, 'avg_crds_semantic_similarity': 0.45433691143989563, 'avg_crds_cf_distance': 0.2013089805841446, 'num_valid_crds_neg': 146.0, 'epoch': 0.76}
{'loss': 0.0193, 'grad_norm': 0.06787109375, 'learning_rate': 0.00019715068493150685, 'loss_simcse': 0.018798828125, 'loss_crds': 0.010574274696409702, 'loss_total': 0.019327541813254356, 'avg_crds_neg_weight': 0.09837431460618973, 'avg_crds_reliability': 0.44603389501571655, 'avg_crds_semantic_similarity': 0.4652378559112549, 'avg_crds_cf_distance': 0.2173096090555191, 'num_valid_crds_neg': 146.0, 'epoch': 0.77}
{'loss': 0.0198, 'grad_norm': 0.07421875, 'learning_rate': 0.00019704109589041097, 'loss_simcse': 0.0189208984375, 'loss_crds': 0.016624199226498604, 'loss_total': 0.019752107560634613, 'avg_crds_neg_weight': 0.0963803306221962, 'avg_crds_reliability': 0.4387720227241516, 'avg_crds_semantic_similarity': 0.46953776478767395, 'avg_crds_cf_distance': 0.2016129493713379, 'num_valid_crds_neg': 187.0, 'epoch': 0.77}
{'loss': 0.0193, 'grad_norm': 0.0654296875, 'learning_rate': 0.00019693150684931508, 'loss_simcse': 0.0186767578125, 'loss_crds': 0.011904154904186726, 'loss_total': 0.019271966069936752, 'avg_crds_neg_weight': 0.09545546025037766, 'avg_crds_reliability': 0.4266023635864258, 'avg_crds_semantic_similarity': 0.4514697790145874, 'avg_crds_cf_distance': 0.20843224227428436, 'num_valid_crds_neg': 145.0, 'epoch': 0.77}
{'loss': 0.0192, 'grad_norm': 0.0732421875, 'learning_rate': 0.0001968219178082192, 'loss_simcse': 0.0185546875, 'loss_crds': 0.012285254895687103, 'loss_total': 0.019168950617313385, 'avg_crds_neg_weight': 0.09777267277240753, 'avg_crds_reliability': 0.4540935456752777, 'avg_crds_semantic_similarity': 0.45882323384284973, 'avg_crds_cf_distance': 0.21579977869987488, 'num_valid_crds_neg': 162.0, 'epoch': 0.77}
{'loss': 0.0203, 'grad_norm': 0.08056640625, 'learning_rate': 0.0001967123287671233, 'loss_simcse': 0.0194091796875, 'loss_crds': 0.017033113166689873, 'loss_total': 0.02026083506643772, 'avg_crds_neg_weight': 0.10388287901878357, 'avg_crds_reliability': 0.4683590829372406, 'avg_crds_semantic_similarity': 0.4705773890018463, 'avg_crds_cf_distance': 0.2184796929359436, 'num_valid_crds_neg': 158.0, 'epoch': 0.78}
{'loss': 0.0228, 'grad_norm': 0.119140625, 'learning_rate': 0.0001966027397260274, 'loss_simcse': 0.0218505859375, 'loss_crds': 0.018359020352363586, 'loss_total': 0.02276853658258915, 'avg_crds_neg_weight': 0.09176616370677948, 'avg_crds_reliability': 0.43777334690093994, 'avg_crds_semantic_similarity': 0.4862758219242096, 'avg_crds_cf_distance': 0.18503348529338837, 'num_valid_crds_neg': 140.0, 'epoch': 0.78}
{'loss': 0.0205, 'grad_norm': 0.08837890625, 'learning_rate': 0.00019649315068493152, 'loss_simcse': 0.02001953125, 'loss_crds': 0.010021469555795193, 'loss_total': 0.020520605146884918, 'avg_crds_neg_weight': 0.08760356158018112, 'avg_crds_reliability': 0.4183414876461029, 'avg_crds_semantic_similarity': 0.4547479748725891, 'avg_crds_cf_distance': 0.20370757579803467, 'num_valid_crds_neg': 157.0, 'epoch': 0.78}
{'loss': 0.0198, 'grad_norm': 0.0859375, 'learning_rate': 0.0001963835616438356, 'loss_simcse': 0.01904296875, 'loss_crds': 0.015346982516348362, 'loss_total': 0.01981031708419323, 'avg_crds_neg_weight': 0.09354966878890991, 'avg_crds_reliability': 0.44114115834236145, 'avg_crds_semantic_similarity': 0.4624815881252289, 'avg_crds_cf_distance': 0.21315425634384155, 'num_valid_crds_neg': 158.0, 'epoch': 0.78}
{'loss': 0.0195, 'grad_norm': 0.076171875, 'learning_rate': 0.00019627397260273973, 'loss_simcse': 0.018798828125, 'loss_crds': 0.013852076604962349, 'loss_total': 0.01949143223464489, 'avg_crds_neg_weight': 0.09570464491844177, 'avg_crds_reliability': 0.4498831331729889, 'avg_crds_semantic_similarity': 0.4731499254703522, 'avg_crds_cf_distance': 0.21533864736557007, 'num_valid_crds_neg': 183.0, 'epoch': 0.79}
{'loss': 0.0194, 'grad_norm': 0.07421875, 'learning_rate': 0.00019616438356164385, 'loss_simcse': 0.0189208984375, 'loss_crds': 0.010389500297605991, 'loss_total': 0.01944037340581417, 'avg_crds_neg_weight': 0.0909428671002388, 'avg_crds_reliability': 0.429620623588562, 'avg_crds_semantic_similarity': 0.4681515395641327, 'avg_crds_cf_distance': 0.20480650663375854, 'num_valid_crds_neg': 141.0, 'epoch': 0.79}
{'loss': 0.0192, 'grad_norm': 0.0751953125, 'learning_rate': 0.00019605479452054796, 'loss_simcse': 0.0185546875, 'loss_crds': 0.012384917587041855, 'loss_total': 0.019173933193087578, 'avg_crds_neg_weight': 0.10098328441381454, 'avg_crds_reliability': 0.46426984667778015, 'avg_crds_semantic_similarity': 0.4641880691051483, 'avg_crds_cf_distance': 0.20993834733963013, 'num_valid_crds_neg': 157.0, 'epoch': 0.79}
{'loss': 0.0205, 'grad_norm': 0.08154296875, 'learning_rate': 0.00019594520547945205, 'loss_simcse': 0.01953125, 'loss_crds': 0.01896541379392147, 'loss_total': 0.02047952078282833, 'avg_crds_neg_weight': 0.09897112846374512, 'avg_crds_reliability': 0.4467943608760834, 'avg_crds_semantic_similarity': 0.48077771067619324, 'avg_crds_cf_distance': 0.1987098902463913, 'num_valid_crds_neg': 188.0, 'epoch': 0.79}
{'loss': 0.0195, 'grad_norm': 0.0771484375, 'learning_rate': 0.00019583561643835617, 'loss_simcse': 0.018798828125, 'loss_crds': 0.014831711538136005, 'loss_total': 0.019540414214134216, 'avg_crds_neg_weight': 0.09330782294273376, 'avg_crds_reliability': 0.44369029998779297, 'avg_crds_semantic_similarity': 0.4716019928455353, 'avg_crds_cf_distance': 0.20313425362110138, 'num_valid_crds_neg': 164.0, 'epoch': 0.8}
{'loss': 0.0206, 'grad_norm': 0.09130859375, 'learning_rate': 0.00019572602739726029, 'loss_simcse': 0.02001953125, 'loss_crds': 0.012463297694921494, 'loss_total': 0.02064269594848156, 'avg_crds_neg_weight': 0.10365705192089081, 'avg_crds_reliability': 0.4804808795452118, 'avg_crds_semantic_similarity': 0.47228971123695374, 'avg_crds_cf_distance': 0.21272169053554535, 'num_valid_crds_neg': 200.0, 'epoch': 0.8}
{'loss': 0.0206, 'grad_norm': 0.0810546875, 'learning_rate': 0.0001956164383561644, 'loss_simcse': 0.019775390625, 'loss_crds': 0.017440762370824814, 'loss_total': 0.020647428929805756, 'avg_crds_neg_weight': 0.09285934269428253, 'avg_crds_reliability': 0.4440857470035553, 'avg_crds_semantic_similarity': 0.467157781124115, 'avg_crds_cf_distance': 0.20072601735591888, 'num_valid_crds_neg': 173.0, 'epoch': 0.8}
{'loss': 0.0207, 'grad_norm': 0.08740234375, 'learning_rate': 0.00019550684931506852, 'loss_simcse': 0.02001953125, 'loss_crds': 0.01451859436929226, 'loss_total': 0.02074546180665493, 'avg_crds_neg_weight': 0.09435638785362244, 'avg_crds_reliability': 0.44790026545524597, 'avg_crds_semantic_similarity': 0.4760393798351288, 'avg_crds_cf_distance': 0.20643024146556854, 'num_valid_crds_neg': 121.0, 'epoch': 0.8}
{'loss': 0.0195, 'grad_norm': 0.07177734375, 'learning_rate': 0.0001953972602739726, 'loss_simcse': 0.018798828125, 'loss_crds': 0.014518455602228642, 'loss_total': 0.019524751231074333, 'avg_crds_neg_weight': 0.0967157706618309, 'avg_crds_reliability': 0.4458501636981964, 'avg_crds_semantic_similarity': 0.48627975583076477, 'avg_crds_cf_distance': 0.2233390212059021, 'num_valid_crds_neg': 122.0, 'epoch': 0.8}
{'loss': 0.0207, 'grad_norm': 0.08642578125, 'learning_rate': 0.00019528767123287672, 'loss_simcse': 0.02001953125, 'loss_crds': 0.012668382376432419, 'loss_total': 0.020652949810028076, 'avg_crds_neg_weight': 0.10285190492868423, 'avg_crds_reliability': 0.4649675488471985, 'avg_crds_semantic_similarity': 0.4669768214225769, 'avg_crds_cf_distance': 0.20580251514911652, 'num_valid_crds_neg': 161.0, 'epoch': 0.81}
{'loss': 0.02, 'grad_norm': 0.0751953125, 'learning_rate': 0.00019517808219178084, 'loss_simcse': 0.0189208984375, 'loss_crds': 0.022146619856357574, 'loss_total': 0.02002822980284691, 'avg_crds_neg_weight': 0.09686421602964401, 'avg_crds_reliability': 0.4619963467121124, 'avg_crds_semantic_similarity': 0.46396467089653015, 'avg_crds_cf_distance': 0.2021283507347107, 'num_valid_crds_neg': 161.0, 'epoch': 0.81}
{'loss': 0.0257, 'grad_norm': 0.10009765625, 'learning_rate': 0.00019506849315068493, 'loss_simcse': 0.025146484375, 'loss_crds': 0.010988620109856129, 'loss_total': 0.025695916265249252, 'avg_crds_neg_weight': 0.09107048064470291, 'avg_crds_reliability': 0.4247787892818451, 'avg_crds_semantic_similarity': 0.4733997583389282, 'avg_crds_cf_distance': 0.2082860916852951, 'num_valid_crds_neg': 126.0, 'epoch': 0.81}
{'loss': 0.0199, 'grad_norm': 0.08251953125, 'learning_rate': 0.00019495890410958905, 'loss_simcse': 0.019287109375, 'loss_crds': 0.013253587298095226, 'loss_total': 0.019949788227677345, 'avg_crds_neg_weight': 0.09790854156017303, 'avg_crds_reliability': 0.4542551338672638, 'avg_crds_semantic_similarity': 0.46717795729637146, 'avg_crds_cf_distance': 0.23200297355651855, 'num_valid_crds_neg': 189.0, 'epoch': 0.81}
{'loss': 0.0198, 'grad_norm': 0.07177734375, 'learning_rate': 0.00019484931506849316, 'loss_simcse': 0.0189208984375, 'loss_crds': 0.017342012375593185, 'loss_total': 0.019787998870015144, 'avg_crds_neg_weight': 0.09223654866218567, 'avg_crds_reliability': 0.4453386962413788, 'avg_crds_semantic_similarity': 0.4834609627723694, 'avg_crds_cf_distance': 0.20536431670188904, 'num_valid_crds_neg': 128.0, 'epoch': 0.82}
{'loss': 0.0204, 'grad_norm': 0.07275390625, 'learning_rate': 0.00019473972602739728, 'loss_simcse': 0.01953125, 'loss_crds': 0.018192868679761887, 'loss_total': 0.02044089324772358, 'avg_crds_neg_weight': 0.09008342027664185, 'avg_crds_reliability': 0.45830562710762024, 'avg_crds_semantic_similarity': 0.47160783410072327, 'avg_crds_cf_distance': 0.2074413150548935, 'num_valid_crds_neg': 190.0, 'epoch': 0.82}
{'loss': 0.0193, 'grad_norm': 0.06884765625, 'learning_rate': 0.00019463013698630137, 'loss_simcse': 0.018798828125, 'loss_crds': 0.010469058528542519, 'loss_total': 0.019322281703352928, 'avg_crds_neg_weight': 0.09223601967096329, 'avg_crds_reliability': 0.4395340085029602, 'avg_crds_semantic_similarity': 0.4629511833190918, 'avg_crds_cf_distance': 0.21022407710552216, 'num_valid_crds_neg': 197.0, 'epoch': 0.82}
{'loss': 0.0191, 'grad_norm': 0.07958984375, 'learning_rate': 0.00019452054794520549, 'loss_simcse': 0.0185546875, 'loss_crds': 0.010683758184313774, 'loss_total': 0.019088875502347946, 'avg_crds_neg_weight': 0.09926038980484009, 'avg_crds_reliability': 0.4367271959781647, 'avg_crds_semantic_similarity': 0.4575900137424469, 'avg_crds_cf_distance': 0.204263836145401, 'num_valid_crds_neg': 171.0, 'epoch': 0.82}
{'loss': 0.019, 'grad_norm': 0.08349609375, 'learning_rate': 0.0001944109589041096, 'loss_simcse': 0.0184326171875, 'loss_crds': 0.011059374548494816, 'loss_total': 0.018985586240887642, 'avg_crds_neg_weight': 0.09375295788049698, 'avg_crds_reliability': 0.4259487986564636, 'avg_crds_semantic_similarity': 0.4671689569950104, 'avg_crds_cf_distance': 0.1951225847005844, 'num_valid_crds_neg': 166.0, 'epoch': 0.83}
{'loss': 0.0197, 'grad_norm': 0.12890625, 'learning_rate': 0.0001943013698630137, 'loss_simcse': 0.01904296875, 'loss_crds': 0.013378416188061237, 'loss_total': 0.019711889326572418, 'avg_crds_neg_weight': 0.09157509356737137, 'avg_crds_reliability': 0.44245651364326477, 'avg_crds_semantic_similarity': 0.4718271791934967, 'avg_crds_cf_distance': 0.21042002737522125, 'num_valid_crds_neg': 141.0, 'epoch': 0.83}
{'loss': 0.0196, 'grad_norm': 0.080078125, 'learning_rate': 0.00019419178082191784, 'loss_simcse': 0.0191650390625, 'loss_crds': 0.00895607564598322, 'loss_total': 0.019612843170762062, 'avg_crds_neg_weight': 0.0883951261639595, 'avg_crds_reliability': 0.4308397173881531, 'avg_crds_semantic_similarity': 0.44777560234069824, 'avg_crds_cf_distance': 0.19812972843647003, 'num_valid_crds_neg': 185.0, 'epoch': 0.83}
{'loss': 0.02, 'grad_norm': 0.08642578125, 'learning_rate': 0.00019408219178082193, 'loss_simcse': 0.01953125, 'loss_crds': 0.009703935123980045, 'loss_total': 0.020016446709632874, 'avg_crds_neg_weight': 0.09664954990148544, 'avg_crds_reliability': 0.4457515478134155, 'avg_crds_semantic_similarity': 0.4717790186405182, 'avg_crds_cf_distance': 0.21576328575611115, 'num_valid_crds_neg': 167.0, 'epoch': 0.83}
{'loss': 0.0196, 'grad_norm': 0.0732421875, 'learning_rate': 0.00019397260273972604, 'loss_simcse': 0.018798828125, 'loss_crds': 0.015268941409885883, 'loss_total': 0.01956227608025074, 'avg_crds_neg_weight': 0.09313596040010452, 'avg_crds_reliability': 0.43974965810775757, 'avg_crds_semantic_similarity': 0.490386962890625, 'avg_crds_cf_distance': 0.20366165041923523, 'num_valid_crds_neg': 173.0, 'epoch': 0.84}
{'loss': 0.0194, 'grad_norm': 0.078125, 'learning_rate': 0.00019386301369863013, 'loss_simcse': 0.018798828125, 'loss_crds': 0.011228999122977257, 'loss_total': 0.01936027780175209, 'avg_crds_neg_weight': 0.08782188594341278, 'avg_crds_reliability': 0.42101529240608215, 'avg_crds_semantic_similarity': 0.4634510278701782, 'avg_crds_cf_distance': 0.2134035974740982, 'num_valid_crds_neg': 132.0, 'epoch': 0.84}
{'loss': 0.0195, 'grad_norm': 0.0791015625, 'learning_rate': 0.00019375342465753425, 'loss_simcse': 0.018798828125, 'loss_crds': 0.01364462822675705, 'loss_total': 0.019481059163808823, 'avg_crds_neg_weight': 0.10093480348587036, 'avg_crds_reliability': 0.4484400153160095, 'avg_crds_semantic_similarity': 0.45905226469039917, 'avg_crds_cf_distance': 0.2210305631160736, 'num_valid_crds_neg': 190.0, 'epoch': 0.84}
{'loss': 0.0196, 'grad_norm': 0.078125, 'learning_rate': 0.00019364383561643836, 'loss_simcse': 0.0189208984375, 'loss_crds': 0.013740072026848793, 'loss_total': 0.019607901573181152, 'avg_crds_neg_weight': 0.10161841660737991, 'avg_crds_reliability': 0.4538896679878235, 'avg_crds_semantic_similarity': 0.46838656067848206, 'avg_crds_cf_distance': 0.2159130871295929, 'num_valid_crds_neg': 177.0, 'epoch': 0.84}
{'loss': 0.0192, 'grad_norm': 0.07275390625, 'learning_rate': 0.00019353424657534248, 'loss_simcse': 0.0186767578125, 'loss_crds': 0.010185002349317074, 'loss_total': 0.019186008721590042, 'avg_crds_neg_weight': 0.09472129493951797, 'avg_crds_reliability': 0.45840656757354736, 'avg_crds_semantic_similarity': 0.4582938551902771, 'avg_crds_cf_distance': 0.2211894690990448, 'num_valid_crds_neg': 181.0, 'epoch': 0.84}
{'loss': 0.019, 'grad_norm': 0.08642578125, 'learning_rate': 0.0001934246575342466, 'loss_simcse': 0.0185546875, 'loss_crds': 0.009527289308607578, 'loss_total': 0.01903105154633522, 'avg_crds_neg_weight': 0.09451974183320999, 'avg_crds_reliability': 0.4418201446533203, 'avg_crds_semantic_similarity': 0.4694821238517761, 'avg_crds_cf_distance': 0.19353941082954407, 'num_valid_crds_neg': 159.0, 'epoch': 0.85}
{'loss': 0.0187, 'grad_norm': 0.06640625, 'learning_rate': 0.0001933150684931507, 'loss_simcse': 0.0181884765625, 'loss_crds': 0.010610044002532959, 'loss_total': 0.018718978390097618, 'avg_crds_neg_weight': 0.0912383422255516, 'avg_crds_reliability': 0.4284753203392029, 'avg_crds_semantic_similarity': 0.47409844398498535, 'avg_crds_cf_distance': 0.21727588772773743, 'num_valid_crds_neg': 159.0, 'epoch': 0.85}
{'loss': 0.0199, 'grad_norm': 0.080078125, 'learning_rate': 0.0001932054794520548, 'loss_simcse': 0.019287109375, 'loss_crds': 0.012075260281562805, 'loss_total': 0.01989087276160717, 'avg_crds_neg_weight': 0.09124525636434555, 'avg_crds_reliability': 0.43309909105300903, 'avg_crds_semantic_similarity': 0.46669167280197144, 'avg_crds_cf_distance': 0.20577268302440643, 'num_valid_crds_neg': 148.0, 'epoch': 0.85}
{'loss': 0.0191, 'grad_norm': 0.07666015625, 'learning_rate': 0.00019309589041095892, 'loss_simcse': 0.0185546875, 'loss_crds': 0.010882365517318249, 'loss_total': 0.019098805263638496, 'avg_crds_neg_weight': 0.09125030040740967, 'avg_crds_reliability': 0.42891791462898254, 'avg_crds_semantic_similarity': 0.46489450335502625, 'avg_crds_cf_distance': 0.19878873229026794, 'num_valid_crds_neg': 170.0, 'epoch': 0.85}
{'loss': 0.0195, 'grad_norm': 0.0654296875, 'learning_rate': 0.000192986301369863, 'loss_simcse': 0.0185546875, 'loss_crds': 0.018759315833449364, 'loss_total': 0.019492654129862785, 'avg_crds_neg_weight': 0.09537633508443832, 'avg_crds_reliability': 0.470492422580719, 'avg_crds_semantic_similarity': 0.48049408197402954, 'avg_crds_cf_distance': 0.20797821879386902, 'num_valid_crds_neg': 176.0, 'epoch': 0.86}
{'loss': 0.0192, 'grad_norm': 0.0693359375, 'learning_rate': 0.00019287671232876713, 'loss_simcse': 0.0181884765625, 'loss_crds': 0.020601889118552208, 'loss_total': 0.019218571484088898, 'avg_crds_neg_weight': 0.09549078345298767, 'avg_crds_reliability': 0.4377048909664154, 'avg_crds_semantic_similarity': 0.46636736392974854, 'avg_crds_cf_distance': 0.20136937499046326, 'num_valid_crds_neg': 171.0, 'epoch': 0.86}
{'loss': 0.0195, 'grad_norm': 0.07080078125, 'learning_rate': 0.00019276712328767124, 'loss_simcse': 0.0186767578125, 'loss_crds': 0.016413679346442223, 'loss_total': 0.01949744112789631, 'avg_crds_neg_weight': 0.09749629348516464, 'avg_crds_reliability': 0.46350526809692383, 'avg_crds_semantic_similarity': 0.4794086217880249, 'avg_crds_cf_distance': 0.21215488016605377, 'num_valid_crds_neg': 195.0, 'epoch': 0.86}
{'loss': 0.0192, 'grad_norm': 0.0732421875, 'learning_rate': 0.00019265753424657536, 'loss_simcse': 0.0186767578125, 'loss_crds': 0.01057595107704401, 'loss_total': 0.019205555319786072, 'avg_crds_neg_weight': 0.09152805060148239, 'avg_crds_reliability': 0.4461875855922699, 'avg_crds_semantic_similarity': 0.4563670754432678, 'avg_crds_cf_distance': 0.20421218872070312, 'num_valid_crds_neg': 160.0, 'epoch': 0.86}
{'loss': 0.0205, 'grad_norm': 0.08447265625, 'learning_rate': 0.00019254794520547945, 'loss_simcse': 0.01953125, 'loss_crds': 0.018723707646131516, 'loss_total': 0.02046743594110012, 'avg_crds_neg_weight': 0.09960949420928955, 'avg_crds_reliability': 0.4798862636089325, 'avg_crds_semantic_similarity': 0.4799024760723114, 'avg_crds_cf_distance': 0.21931253373622894, 'num_valid_crds_neg': 195.0, 'epoch': 0.87}
{'loss': 0.0227, 'grad_norm': 0.0966796875, 'learning_rate': 0.00019243835616438357, 'loss_simcse': 0.0220947265625, 'loss_crds': 0.011347622610628605, 'loss_total': 0.022662106901407242, 'avg_crds_neg_weight': 0.09717273712158203, 'avg_crds_reliability': 0.4489777684211731, 'avg_crds_semantic_similarity': 0.460956871509552, 'avg_crds_cf_distance': 0.21156242489814758, 'num_valid_crds_neg': 145.0, 'epoch': 0.87}
{'loss': 0.0197, 'grad_norm': 0.0888671875, 'learning_rate': 0.00019232876712328768, 'loss_simcse': 0.01904296875, 'loss_crds': 0.012369653210043907, 'loss_total': 0.019661450758576393, 'avg_crds_neg_weight': 0.07995579391717911, 'avg_crds_reliability': 0.41665273904800415, 'avg_crds_semantic_similarity': 0.4832461476325989, 'avg_crds_cf_distance': 0.21796497702598572, 'num_valid_crds_neg': 138.0, 'epoch': 0.87}
{'loss': 0.0187, 'grad_norm': 0.06689453125, 'learning_rate': 0.0001922191780821918, 'loss_simcse': 0.0181884765625, 'loss_crds': 0.010853338055312634, 'loss_total': 0.018731143325567245, 'avg_crds_neg_weight': 0.0967051163315773, 'avg_crds_reliability': 0.42820796370506287, 'avg_crds_semantic_similarity': 0.4661482572555542, 'avg_crds_cf_distance': 0.20205987989902496, 'num_valid_crds_neg': 186.0, 'epoch': 0.87}
{'loss': 0.0195, 'grad_norm': 0.1064453125, 'learning_rate': 0.00019210958904109592, 'loss_simcse': 0.018798828125, 'loss_crds': 0.013389061205089092, 'loss_total': 0.0194682814180851, 'avg_crds_neg_weight': 0.09311439096927643, 'avg_crds_reliability': 0.4532475471496582, 'avg_crds_semantic_similarity': 0.4678562879562378, 'avg_crds_cf_distance': 0.20520523190498352, 'num_valid_crds_neg': 182.0, 'epoch': 0.88}
{'loss': 0.0186, 'grad_norm': 0.06494140625, 'learning_rate': 0.000192, 'loss_simcse': 0.01806640625, 'loss_crds': 0.010917846113443375, 'loss_total': 0.018612299114465714, 'avg_crds_neg_weight': 0.09081170707941055, 'avg_crds_reliability': 0.4348497688770294, 'avg_crds_semantic_similarity': 0.4700893461704254, 'avg_crds_cf_distance': 0.21823087334632874, 'num_valid_crds_neg': 165.0, 'epoch': 0.88}
{'loss': 0.0191, 'grad_norm': 0.06884765625, 'learning_rate': 0.00019189041095890412, 'loss_simcse': 0.0184326171875, 'loss_crds': 0.012619256973266602, 'loss_total': 0.01906358078122139, 'avg_crds_neg_weight': 0.09739294648170471, 'avg_crds_reliability': 0.44923320412635803, 'avg_crds_semantic_similarity': 0.4757344424724579, 'avg_crds_cf_distance': 0.20551572740077972, 'num_valid_crds_neg': 168.0, 'epoch': 0.88}
{'loss': 0.0229, 'grad_norm': 0.08642578125, 'learning_rate': 0.0001917808219178082, 'loss_simcse': 0.022216796875, 'loss_crds': 0.012972128577530384, 'loss_total': 0.022865403443574905, 'avg_crds_neg_weight': 0.10324795544147491, 'avg_crds_reliability': 0.48187363147735596, 'avg_crds_semantic_similarity': 0.46464771032333374, 'avg_crds_cf_distance': 0.22071945667266846, 'num_valid_crds_neg': 178.0, 'epoch': 0.88}
{'loss': 0.0205, 'grad_norm': 0.11083984375, 'learning_rate': 0.00019167123287671233, 'loss_simcse': 0.0198974609375, 'loss_crds': 0.012575941160321236, 'loss_total': 0.020526258274912834, 'avg_crds_neg_weight': 0.09594374150037766, 'avg_crds_reliability': 0.42106008529663086, 'avg_crds_semantic_similarity': 0.46067965030670166, 'avg_crds_cf_distance': 0.20371924340724945, 'num_valid_crds_neg': 172.0, 'epoch': 0.88}
{'loss': 0.0188, 'grad_norm': 0.0693359375, 'learning_rate': 0.00019156164383561644, 'loss_simcse': 0.0181884765625, 'loss_crds': 0.012525667436420918, 'loss_total': 0.018814759328961372, 'avg_crds_neg_weight': 0.10408247262239456, 'avg_crds_reliability': 0.46324247121810913, 'avg_crds_semantic_similarity': 0.4705881178379059, 'avg_crds_cf_distance': 0.22056593000888824, 'num_valid_crds_neg': 166.0, 'epoch': 0.89}
{'loss': 0.0205, 'grad_norm': 0.09716796875, 'learning_rate': 0.00019145205479452056, 'loss_simcse': 0.0198974609375, 'loss_crds': 0.011399909853935242, 'loss_total': 0.020467456430196762, 'avg_crds_neg_weight': 0.10010270774364471, 'avg_crds_reliability': 0.44899287819862366, 'avg_crds_semantic_similarity': 0.4708847999572754, 'avg_crds_cf_distance': 0.2088906168937683, 'num_valid_crds_neg': 168.0, 'epoch': 0.89}
{'loss': 0.0192, 'grad_norm': 0.06884765625, 'learning_rate': 0.00019134246575342468, 'loss_simcse': 0.0185546875, 'loss_crds': 0.012344925664365292, 'loss_total': 0.019171934574842453, 'avg_crds_neg_weight': 0.09881202131509781, 'avg_crds_reliability': 0.4447280466556549, 'avg_crds_semantic_similarity': 0.4660326838493347, 'avg_crds_cf_distance': 0.20000378787517548, 'num_valid_crds_neg': 181.0, 'epoch': 0.89}
{'loss': 0.0192, 'grad_norm': 0.06689453125, 'learning_rate': 0.00019123287671232877, 'loss_simcse': 0.0186767578125, 'loss_crds': 0.010521995835006237, 'loss_total': 0.019202858209609985, 'avg_crds_neg_weight': 0.08621475100517273, 'avg_crds_reliability': 0.4250021278858185, 'avg_crds_semantic_similarity': 0.4675597846508026, 'avg_crds_cf_distance': 0.20620712637901306, 'num_valid_crds_neg': 195.0, 'epoch': 0.89}
{'loss': 0.0188, 'grad_norm': 0.0703125, 'learning_rate': 0.00019112328767123288, 'loss_simcse': 0.018310546875, 'loss_crds': 0.010527189821004868, 'loss_total': 0.01883690617978573, 'avg_crds_neg_weight': 0.0991806909441948, 'avg_crds_reliability': 0.4538207948207855, 'avg_crds_semantic_similarity': 0.4654693007469177, 'avg_crds_cf_distance': 0.21212641894817352, 'num_valid_crds_neg': 192.0, 'epoch': 0.9}
{'loss': 0.019, 'grad_norm': 0.0693359375, 'learning_rate': 0.000191013698630137, 'loss_simcse': 0.0184326171875, 'loss_crds': 0.011654132045805454, 'loss_total': 0.019015323370695114, 'avg_crds_neg_weight': 0.09312725812196732, 'avg_crds_reliability': 0.4393559992313385, 'avg_crds_semantic_similarity': 0.4617210626602173, 'avg_crds_cf_distance': 0.20507512986660004, 'num_valid_crds_neg': 186.0, 'epoch': 0.9}
{'loss': 0.0195, 'grad_norm': 0.06982421875, 'learning_rate': 0.0001909041095890411, 'loss_simcse': 0.0189208984375, 'loss_crds': 0.012008046731352806, 'loss_total': 0.019521301612257957, 'avg_crds_neg_weight': 0.10094594955444336, 'avg_crds_reliability': 0.46194255352020264, 'avg_crds_semantic_similarity': 0.4502495229244232, 'avg_crds_cf_distance': 0.21933260560035706, 'num_valid_crds_neg': 189.0, 'epoch': 0.9}
{'loss': 0.0191, 'grad_norm': 0.06591796875, 'learning_rate': 0.00019079452054794523, 'loss_simcse': 0.0184326171875, 'loss_crds': 0.013487817719578743, 'loss_total': 0.01910700835287571, 'avg_crds_neg_weight': 0.08926265686750412, 'avg_crds_reliability': 0.4224660396575928, 'avg_crds_semantic_similarity': 0.46997320652008057, 'avg_crds_cf_distance': 0.21113790571689606, 'num_valid_crds_neg': 177.0, 'epoch': 0.9}
{'loss': 0.0193, 'grad_norm': 0.072265625, 'learning_rate': 0.00019068493150684932, 'loss_simcse': 0.0186767578125, 'loss_crds': 0.01265715155750513, 'loss_total': 0.019309615716338158, 'avg_crds_neg_weight': 0.09582142531871796, 'avg_crds_reliability': 0.45621129870414734, 'avg_crds_semantic_similarity': 0.4548247158527374, 'avg_crds_cf_distance': 0.21126465499401093, 'num_valid_crds_neg': 185.0, 'epoch': 0.91}
{'loss': 0.0187, 'grad_norm': 0.064453125, 'learning_rate': 0.00019057534246575344, 'loss_simcse': 0.0181884765625, 'loss_crds': 0.009633072651922703, 'loss_total': 0.018670130521059036, 'avg_crds_neg_weight': 0.09496942907571793, 'avg_crds_reliability': 0.4401780366897583, 'avg_crds_semantic_similarity': 0.4677262306213379, 'avg_crds_cf_distance': 0.2057836651802063, 'num_valid_crds_neg': 179.0, 'epoch': 0.91}
{'loss': 0.0194, 'grad_norm': 0.0693359375, 'learning_rate': 0.00019046575342465753, 'loss_simcse': 0.018798828125, 'loss_crds': 0.011731298640370369, 'loss_total': 0.01938539370894432, 'avg_crds_neg_weight': 0.09725473076105118, 'avg_crds_reliability': 0.4677794277667999, 'avg_crds_semantic_similarity': 0.47772789001464844, 'avg_crds_cf_distance': 0.2183454930782318, 'num_valid_crds_neg': 168.0, 'epoch': 0.91}
{'loss': 0.0194, 'grad_norm': 0.07080078125, 'learning_rate': 0.00019035616438356165, 'loss_simcse': 0.0184326171875, 'loss_crds': 0.019521938636898994, 'loss_total': 0.019408714026212692, 'avg_crds_neg_weight': 0.10056090354919434, 'avg_crds_reliability': 0.4660354554653168, 'avg_crds_semantic_similarity': 0.46368974447250366, 'avg_crds_cf_distance': 0.2103077918291092, 'num_valid_crds_neg': 199.0, 'epoch': 0.91}
{'loss': 0.0199, 'grad_norm': 0.076171875, 'learning_rate': 0.00019024657534246576, 'loss_simcse': 0.019287109375, 'loss_crds': 0.01222974807024002, 'loss_total': 0.01989859715104103, 'avg_crds_neg_weight': 0.08817001432180405, 'avg_crds_reliability': 0.4281306564807892, 'avg_crds_semantic_similarity': 0.4610215127468109, 'avg_crds_cf_distance': 0.21478921175003052, 'num_valid_crds_neg': 154.0, 'epoch': 0.92}
{'loss': 0.019, 'grad_norm': 0.0654296875, 'learning_rate': 0.00019013698630136988, 'loss_simcse': 0.018310546875, 'loss_crds': 0.014101681299507618, 'loss_total': 0.019015630707144737, 'avg_crds_neg_weight': 0.09573197364807129, 'avg_crds_reliability': 0.4613652527332306, 'avg_crds_semantic_similarity': 0.48802462220191956, 'avg_crds_cf_distance': 0.2168472558259964, 'num_valid_crds_neg': 169.0, 'epoch': 0.92}
{'loss': 0.023, 'grad_norm': 0.07470703125, 'learning_rate': 0.000190027397260274, 'loss_simcse': 0.0224609375, 'loss_crds': 0.010939143598079681, 'loss_total': 0.023007893934845924, 'avg_crds_neg_weight': 0.09185807406902313, 'avg_crds_reliability': 0.44259563088417053, 'avg_crds_semantic_similarity': 0.45567628741264343, 'avg_crds_cf_distance': 0.2164868861436844, 'num_valid_crds_neg': 185.0, 'epoch': 0.92}
{'loss': 0.0212, 'grad_norm': 0.0869140625, 'learning_rate': 0.00018991780821917808, 'loss_simcse': 0.0206298828125, 'loss_crds': 0.011349039152264595, 'loss_total': 0.021197333931922913, 'avg_crds_neg_weight': 0.09007072448730469, 'avg_crds_reliability': 0.4289097189903259, 'avg_crds_semantic_similarity': 0.4751233756542206, 'avg_crds_cf_distance': 0.2118888944387436, 'num_valid_crds_neg': 184.0, 'epoch': 0.92}
{'loss': 0.0247, 'grad_norm': 0.06982421875, 'learning_rate': 0.0001898082191780822, 'loss_simcse': 0.0240478515625, 'loss_crds': 0.012053902260959148, 'loss_total': 0.02465054579079151, 'avg_crds_neg_weight': 0.09194298088550568, 'avg_crds_reliability': 0.4538057744503021, 'avg_crds_semantic_similarity': 0.4576592743396759, 'avg_crds_cf_distance': 0.20915557444095612, 'num_valid_crds_neg': 174.0, 'epoch': 0.92}
{'loss': 0.0186, 'grad_norm': 0.06884765625, 'learning_rate': 0.0001896986301369863, 'loss_simcse': 0.0181884765625, 'loss_crds': 0.008224287070333958, 'loss_total': 0.01859969086945057, 'avg_crds_neg_weight': 0.09301286190748215, 'avg_crds_reliability': 0.4554690420627594, 'avg_crds_semantic_similarity': 0.4489743113517761, 'avg_crds_cf_distance': 0.20117537677288055, 'num_valid_crds_neg': 151.0, 'epoch': 0.93}
{'loss': 0.0183, 'grad_norm': 0.054931640625, 'learning_rate': 0.0001895890410958904, 'loss_simcse': 0.017822265625, 'loss_crds': 0.010006886906921864, 'loss_total': 0.01832260936498642, 'avg_crds_neg_weight': 0.09239388257265091, 'avg_crds_reliability': 0.4327694773674011, 'avg_crds_semantic_similarity': 0.4767339527606964, 'avg_crds_cf_distance': 0.2085302770137787, 'num_valid_crds_neg': 117.0, 'epoch': 0.93}
{'loss': 0.0184, 'grad_norm': 0.060546875, 'learning_rate': 0.00018947945205479455, 'loss_simcse': 0.0177001953125, 'loss_crds': 0.013180327601730824, 'loss_total': 0.018359212204813957, 'avg_crds_neg_weight': 0.09774339199066162, 'avg_crds_reliability': 0.45850738883018494, 'avg_crds_semantic_similarity': 0.4611492455005646, 'avg_crds_cf_distance': 0.2225540578365326, 'num_valid_crds_neg': 172.0, 'epoch': 0.93}
{'loss': 0.0193, 'grad_norm': 0.0693359375, 'learning_rate': 0.00018936986301369864, 'loss_simcse': 0.0186767578125, 'loss_crds': 0.012312566861510277, 'loss_total': 0.01929238624870777, 'avg_crds_neg_weight': 0.09920686483383179, 'avg_crds_reliability': 0.4566035270690918, 'avg_crds_semantic_similarity': 0.4757179319858551, 'avg_crds_cf_distance': 0.22414788603782654, 'num_valid_crds_neg': 163.0, 'epoch': 0.93}
{'loss': 0.0189, 'grad_norm': 0.060302734375, 'learning_rate': 0.00018926027397260276, 'loss_simcse': 0.0181884765625, 'loss_crds': 0.014078883454203606, 'loss_total': 0.018892420455813408, 'avg_crds_neg_weight': 0.09472505748271942, 'avg_crds_reliability': 0.43720415234565735, 'avg_crds_semantic_similarity': 0.4645698070526123, 'avg_crds_cf_distance': 0.21272322535514832, 'num_valid_crds_neg': 182.0, 'epoch': 0.94}
{'loss': 0.0189, 'grad_norm': 0.064453125, 'learning_rate': 0.00018915068493150685, 'loss_simcse': 0.0181884765625, 'loss_crds': 0.013772783800959587, 'loss_total': 0.018877115100622177, 'avg_crds_neg_weight': 0.09485384076833725, 'avg_crds_reliability': 0.43559667468070984, 'avg_crds_semantic_similarity': 0.4729245603084564, 'avg_crds_cf_distance': 0.20308874547481537, 'num_valid_crds_neg': 192.0, 'epoch': 0.94}
{'loss': 0.0222, 'grad_norm': 0.09326171875, 'learning_rate': 0.00018904109589041096, 'loss_simcse': 0.0216064453125, 'loss_crds': 0.011143974959850311, 'loss_total': 0.022163644433021545, 'avg_crds_neg_weight': 0.09171245992183685, 'avg_crds_reliability': 0.45003950595855713, 'avg_crds_semantic_similarity': 0.46277371048927307, 'avg_crds_cf_distance': 0.21716846525669098, 'num_valid_crds_neg': 208.0, 'epoch': 0.94}
{'loss': 0.0193, 'grad_norm': 0.0712890625, 'learning_rate': 0.00018893150684931508, 'loss_simcse': 0.0185546875, 'loss_crds': 0.01472961250692606, 'loss_total': 0.019291168078780174, 'avg_crds_neg_weight': 0.08840658515691757, 'avg_crds_reliability': 0.42545926570892334, 'avg_crds_semantic_similarity': 0.48350828886032104, 'avg_crds_cf_distance': 0.20102591812610626, 'num_valid_crds_neg': 230.0, 'epoch': 0.94}
{'loss': 0.0184, 'grad_norm': 0.064453125, 'learning_rate': 0.0001888219178082192, 'loss_simcse': 0.017822265625, 'loss_crds': 0.012492560781538486, 'loss_total': 0.018446894362568855, 'avg_crds_neg_weight': 0.09321033209562302, 'avg_crds_reliability': 0.4295939803123474, 'avg_crds_semantic_similarity': 0.46122753620147705, 'avg_crds_cf_distance': 0.21357040107250214, 'num_valid_crds_neg': 158.0, 'epoch': 0.95}
{'loss': 0.0191, 'grad_norm': 0.0673828125, 'learning_rate': 0.0001887123287671233, 'loss_simcse': 0.0186767578125, 'loss_crds': 0.008965911343693733, 'loss_total': 0.01912505365908146, 'avg_crds_neg_weight': 0.08538832515478134, 'avg_crds_reliability': 0.4345569610595703, 'avg_crds_semantic_similarity': 0.4627389907836914, 'avg_crds_cf_distance': 0.20731136202812195, 'num_valid_crds_neg': 152.0, 'epoch': 0.95}
{'loss': 0.0198, 'grad_norm': 0.08154296875, 'learning_rate': 0.0001886027397260274, 'loss_simcse': 0.0191650390625, 'loss_crds': 0.01247511524707079, 'loss_total': 0.019788794219493866, 'avg_crds_neg_weight': 0.0847441703081131, 'avg_crds_reliability': 0.44003188610076904, 'avg_crds_semantic_similarity': 0.4697892367839813, 'avg_crds_cf_distance': 0.21181555092334747, 'num_valid_crds_neg': 182.0, 'epoch': 0.95}
{'loss': 0.019, 'grad_norm': 0.0712890625, 'learning_rate': 0.00018849315068493152, 'loss_simcse': 0.0184326171875, 'loss_crds': 0.01088828593492508, 'loss_total': 0.018977031111717224, 'avg_crds_neg_weight': 0.09802858531475067, 'avg_crds_reliability': 0.43603429198265076, 'avg_crds_semantic_similarity': 0.45896464586257935, 'avg_crds_cf_distance': 0.1987438052892685, 'num_valid_crds_neg': 157.0, 'epoch': 0.95}
{'loss': 0.0185, 'grad_norm': 0.0634765625, 'learning_rate': 0.0001883835616438356, 'loss_simcse': 0.0177001953125, 'loss_crds': 0.015383864752948284, 'loss_total': 0.01846938766539097, 'avg_crds_neg_weight': 0.0970890149474144, 'avg_crds_reliability': 0.4476372301578522, 'avg_crds_semantic_similarity': 0.48626554012298584, 'avg_crds_cf_distance': 0.2076845020055771, 'num_valid_crds_neg': 180.0, 'epoch': 0.96}
{'loss': 0.0185, 'grad_norm': 0.064453125, 'learning_rate': 0.00018827397260273972, 'loss_simcse': 0.01806640625, 'loss_crds': 0.009624066762626171, 'loss_total': 0.018547609448432922, 'avg_crds_neg_weight': 0.09329117834568024, 'avg_crds_reliability': 0.4338873624801636, 'avg_crds_semantic_similarity': 0.45780712366104126, 'avg_crds_cf_distance': 0.2052803337574005, 'num_valid_crds_neg': 139.0, 'epoch': 0.96}
{'loss': 0.0187, 'grad_norm': 0.06591796875, 'learning_rate': 0.00018816438356164384, 'loss_simcse': 0.01806640625, 'loss_crds': 0.012527129612863064, 'loss_total': 0.01869276352226734, 'avg_crds_neg_weight': 0.09112735092639923, 'avg_crds_reliability': 0.43068361282348633, 'avg_crds_semantic_similarity': 0.46556705236434937, 'avg_crds_cf_distance': 0.2119859904050827, 'num_valid_crds_neg': 204.0, 'epoch': 0.96}
{'loss': 0.0187, 'grad_norm': 0.0634765625, 'learning_rate': 0.00018805479452054796, 'loss_simcse': 0.01806640625, 'loss_crds': 0.012050529941916466, 'loss_total': 0.01866893284022808, 'avg_crds_neg_weight': 0.10045592486858368, 'avg_crds_reliability': 0.45010146498680115, 'avg_crds_semantic_similarity': 0.46206098794937134, 'avg_crds_cf_distance': 0.205117329955101, 'num_valid_crds_neg': 181.0, 'epoch': 0.96}
{'loss': 0.0198, 'grad_norm': 0.0869140625, 'learning_rate': 0.00018794520547945207, 'loss_simcse': 0.019287109375, 'loss_crds': 0.010443883948028088, 'loss_total': 0.019809303805232048, 'avg_crds_neg_weight': 0.08954952657222748, 'avg_crds_reliability': 0.43708765506744385, 'avg_crds_semantic_similarity': 0.4613272249698639, 'avg_crds_cf_distance': 0.21480108797550201, 'num_valid_crds_neg': 194.0, 'epoch': 0.96}
{'loss': 0.0204, 'grad_norm': 0.1142578125, 'learning_rate': 0.00018783561643835616, 'loss_simcse': 0.0196533203125, 'loss_crds': 0.014234174974262714, 'loss_total': 0.020365029573440552, 'avg_crds_neg_weight': 0.0948411226272583, 'avg_crds_reliability': 0.467847615480423, 'avg_crds_semantic_similarity': 0.47170722484588623, 'avg_crds_cf_distance': 0.2090577334165573, 'num_valid_crds_neg': 188.0, 'epoch': 0.97}
{'loss': 0.0189, 'grad_norm': 0.068359375, 'learning_rate': 0.00018772602739726028, 'loss_simcse': 0.018310546875, 'loss_crds': 0.012017681263387203, 'loss_total': 0.01891143061220646, 'avg_crds_neg_weight': 0.09280163794755936, 'avg_crds_reliability': 0.43942660093307495, 'avg_crds_semantic_similarity': 0.45584556460380554, 'avg_crds_cf_distance': 0.20489835739135742, 'num_valid_crds_neg': 204.0, 'epoch': 0.97}
{'loss': 0.0189, 'grad_norm': 0.0625, 'learning_rate': 0.0001876164383561644, 'loss_simcse': 0.01806640625, 'loss_crds': 0.0169601459056139, 'loss_total': 0.018914412707090378, 'avg_crds_neg_weight': 0.0952906534075737, 'avg_crds_reliability': 0.4480695128440857, 'avg_crds_semantic_similarity': 0.4739616811275482, 'avg_crds_cf_distance': 0.20668305456638336, 'num_valid_crds_neg': 180.0, 'epoch': 0.97}
{'loss': 0.0197, 'grad_norm': 0.078125, 'learning_rate': 0.00018750684931506851, 'loss_simcse': 0.01904296875, 'loss_crds': 0.012186042033135891, 'loss_total': 0.019652271643280983, 'avg_crds_neg_weight': 0.09939363598823547, 'avg_crds_reliability': 0.4745464622974396, 'avg_crds_semantic_similarity': 0.46765369176864624, 'avg_crds_cf_distance': 0.22977899014949799, 'num_valid_crds_neg': 186.0, 'epoch': 0.97}
{'loss': 0.0187, 'grad_norm': 0.0673828125, 'learning_rate': 0.00018739726027397263, 'loss_simcse': 0.01806640625, 'loss_crds': 0.011830280534923077, 'loss_total': 0.018657920882105827, 'avg_crds_neg_weight': 0.09029772132635117, 'avg_crds_reliability': 0.4283120632171631, 'avg_crds_semantic_similarity': 0.46876534819602966, 'avg_crds_cf_distance': 0.20660436153411865, 'num_valid_crds_neg': 184.0, 'epoch': 0.98}
{'loss': 0.0193, 'grad_norm': 0.0703125, 'learning_rate': 0.00018728767123287672, 'loss_simcse': 0.0185546875, 'loss_crds': 0.015096047893166542, 'loss_total': 0.01930948905646801, 'avg_crds_neg_weight': 0.10083284974098206, 'avg_crds_reliability': 0.4500974118709564, 'avg_crds_semantic_similarity': 0.4660855233669281, 'avg_crds_cf_distance': 0.20987267792224884, 'num_valid_crds_neg': 158.0, 'epoch': 0.98}
{'loss': 0.0185, 'grad_norm': 0.0693359375, 'learning_rate': 0.00018717808219178084, 'loss_simcse': 0.01806640625, 'loss_crds': 0.008223537355661392, 'loss_total': 0.018477583304047585, 'avg_crds_neg_weight': 0.09430830180644989, 'avg_crds_reliability': 0.4365772008895874, 'avg_crds_semantic_similarity': 0.4585014581680298, 'avg_crds_cf_distance': 0.2116844356060028, 'num_valid_crds_neg': 128.0, 'epoch': 0.98}
{'loss': 0.0195, 'grad_norm': 0.06689453125, 'learning_rate': 0.00018706849315068493, 'loss_simcse': 0.0186767578125, 'loss_crds': 0.01580505073070526, 'loss_total': 0.019467011094093323, 'avg_crds_neg_weight': 0.10037399083375931, 'avg_crds_reliability': 0.43461984395980835, 'avg_crds_semantic_similarity': 0.48402369022369385, 'avg_crds_cf_distance': 0.22429576516151428, 'num_valid_crds_neg': 183.0, 'epoch': 0.98}
{'loss': 0.0188, 'grad_norm': 0.06982421875, 'learning_rate': 0.00018695890410958904, 'loss_simcse': 0.018310546875, 'loss_crds': 0.010017184540629387, 'loss_total': 0.018811406567692757, 'avg_crds_neg_weight': 0.0941106453537941, 'avg_crds_reliability': 0.4533096253871918, 'avg_crds_semantic_similarity': 0.47897282242774963, 'avg_crds_cf_distance': 0.20702284574508667, 'num_valid_crds_neg': 157.0, 'epoch': 0.99}
{'loss': 0.0206, 'grad_norm': 0.09521484375, 'learning_rate': 0.00018684931506849316, 'loss_simcse': 0.0198974609375, 'loss_crds': 0.014851231127977371, 'loss_total': 0.020640023052692413, 'avg_crds_neg_weight': 0.09725642204284668, 'avg_crds_reliability': 0.4361412525177002, 'avg_crds_semantic_similarity': 0.4691705107688904, 'avg_crds_cf_distance': 0.20302066206932068, 'num_valid_crds_neg': 167.0, 'epoch': 0.99}
{'loss': 0.0187, 'grad_norm': 0.06640625, 'learning_rate': 0.00018673972602739728, 'loss_simcse': 0.017822265625, 'loss_crds': 0.01711728796362877, 'loss_total': 0.018678130581974983, 'avg_crds_neg_weight': 0.1014559268951416, 'avg_crds_reliability': 0.45594415068626404, 'avg_crds_semantic_similarity': 0.46945902705192566, 'avg_crds_cf_distance': 0.21862618625164032, 'num_valid_crds_neg': 160.0, 'epoch': 0.99}
{'loss': 0.0188, 'grad_norm': 0.07177734375, 'learning_rate': 0.0001866301369863014, 'loss_simcse': 0.018310546875, 'loss_crds': 0.010628538206219673, 'loss_total': 0.018841974437236786, 'avg_crds_neg_weight': 0.09553281217813492, 'avg_crds_reliability': 0.45460784435272217, 'avg_crds_semantic_similarity': 0.4794847369194031, 'avg_crds_cf_distance': 0.2078227400779724, 'num_valid_crds_neg': 178.0, 'epoch': 0.99}
{'loss': 0.0182, 'grad_norm': 0.07177734375, 'learning_rate': 0.00018652054794520548, 'loss_simcse': 0.017578125, 'loss_crds': 0.011628083884716034, 'loss_total': 0.0181595291942358, 'avg_crds_neg_weight': 0.09734589606523514, 'avg_crds_reliability': 0.44744592905044556, 'avg_crds_semantic_similarity': 0.4650043547153473, 'avg_crds_cf_distance': 0.22210179269313812, 'num_valid_crds_neg': 187.0, 'epoch': 1.0}
{'loss': 0.0193, 'grad_norm': 0.08447265625, 'learning_rate': 0.0001864109589041096, 'loss_simcse': 0.0186767578125, 'loss_crds': 0.012010338716208935, 'loss_total': 0.01927727460861206, 'avg_crds_neg_weight': 0.09808018803596497, 'avg_crds_reliability': 0.45072141289711, 'avg_crds_semantic_similarity': 0.4597155749797821, 'avg_crds_cf_distance': 0.21653099358081818, 'num_valid_crds_neg': 157.0, 'epoch': 1.0}
{'loss': 0.014, 'grad_norm': 0.060791015625, 'learning_rate': 0.0001863013698630137, 'loss_simcse': 0.01348876953125, 'loss_crds': 0.010242448188364506, 'loss_total': 0.014000891707837582, 'avg_crds_neg_weight': 0.09676705300807953, 'avg_crds_reliability': 0.4414731562137604, 'avg_crds_semantic_similarity': 0.47787994146347046, 'avg_crds_cf_distance': 0.2052798569202423, 'num_valid_crds_neg': 113.0, 'epoch': 1.0}
{'loss': 0.0185, 'grad_norm': 0.06591796875, 'learning_rate': 0.0001861917808219178, 'loss_simcse': 0.0179443359375, 'loss_crds': 0.0105423703789711, 'loss_total': 0.018471455201506615, 'avg_crds_neg_weight': 0.09748154878616333, 'avg_crds_reliability': 0.44170311093330383, 'avg_crds_semantic_similarity': 0.4616922438144684, 'avg_crds_cf_distance': 0.2077508270740509, 'num_valid_crds_neg': 187.0, 'epoch': 1.0}
{'loss': 0.0177, 'grad_norm': 0.054931640625, 'learning_rate': 0.00018608219178082195, 'loss_simcse': 0.0172119140625, 'loss_crds': 0.0100641380995512, 'loss_total': 0.017715120688080788, 'avg_crds_neg_weight': 0.09334738552570343, 'avg_crds_reliability': 0.4489069879055023, 'avg_crds_semantic_similarity': 0.46027040481567383, 'avg_crds_cf_distance': 0.20228131115436554, 'num_valid_crds_neg': 153.0, 'epoch': 1.0}
{'loss': 0.0188, 'grad_norm': 0.06640625, 'learning_rate': 0.00018597260273972604, 'loss_simcse': 0.01806640625, 'loss_crds': 0.015648124739527702, 'loss_total': 0.018848812207579613, 'avg_crds_neg_weight': 0.09644810855388641, 'avg_crds_reliability': 0.45883357524871826, 'avg_crds_semantic_similarity': 0.47891852259635925, 'avg_crds_cf_distance': 0.20312191545963287, 'num_valid_crds_neg': 185.0, 'epoch': 1.01}
{'loss': 0.0185, 'grad_norm': 0.058837890625, 'learning_rate': 0.00018586301369863015, 'loss_simcse': 0.0177001953125, 'loss_crds': 0.015237532556056976, 'loss_total': 0.01846207119524479, 'avg_crds_neg_weight': 0.0884496346116066, 'avg_crds_reliability': 0.4535491466522217, 'avg_crds_semantic_similarity': 0.4806177020072937, 'avg_crds_cf_distance': 0.21324633061885834, 'num_valid_crds_neg': 164.0, 'epoch': 1.01}
{'loss': 0.0194, 'grad_norm': 0.072265625, 'learning_rate': 0.00018575342465753424, 'loss_simcse': 0.0185546875, 'loss_crds': 0.016061048954725266, 'loss_total': 0.019357740879058838, 'avg_crds_neg_weight': 0.09438898414373398, 'avg_crds_reliability': 0.4586426615715027, 'avg_crds_semantic_similarity': 0.4574877917766571, 'avg_crds_cf_distance': 0.24186526238918304, 'num_valid_crds_neg': 186.0, 'epoch': 1.01}
{'loss': 0.0211, 'grad_norm': 0.08642578125, 'learning_rate': 0.00018564383561643836, 'loss_simcse': 0.0205078125, 'loss_crds': 0.011677551083266735, 'loss_total': 0.02109169028699398, 'avg_crds_neg_weight': 0.09263402968645096, 'avg_crds_reliability': 0.44494950771331787, 'avg_crds_semantic_similarity': 0.4673090875148773, 'avg_crds_cf_distance': 0.2088872641324997, 'num_valid_crds_neg': 176.0, 'epoch': 1.01}
{'loss': 0.0192, 'grad_norm': 0.083984375, 'learning_rate': 0.00018553424657534248, 'loss_simcse': 0.0186767578125, 'loss_crds': 0.010646702721714973, 'loss_total': 0.01920909248292446, 'avg_crds_neg_weight': 0.0915708839893341, 'avg_crds_reliability': 0.45497140288352966, 'avg_crds_semantic_similarity': 0.4552777111530304, 'avg_crds_cf_distance': 0.20896650850772858, 'num_valid_crds_neg': 152.0, 'epoch': 1.02}
{'loss': 0.018, 'grad_norm': 0.06005859375, 'learning_rate': 0.0001854246575342466, 'loss_simcse': 0.0174560546875, 'loss_crds': 0.011783475056290627, 'loss_total': 0.018045227974653244, 'avg_crds_neg_weight': 0.09860069304704666, 'avg_crds_reliability': 0.4522104859352112, 'avg_crds_semantic_similarity': 0.46918123960494995, 'avg_crds_cf_distance': 0.19996914267539978, 'num_valid_crds_neg': 194.0, 'epoch': 1.02}
{'loss': 0.0192, 'grad_norm': 0.06689453125, 'learning_rate': 0.0001853150684931507, 'loss_simcse': 0.0186767578125, 'loss_crds': 0.010423487052321434, 'loss_total': 0.01919793151319027, 'avg_crds_neg_weight': 0.09413571655750275, 'avg_crds_reliability': 0.44255194067955017, 'avg_crds_semantic_similarity': 0.46701088547706604, 'avg_crds_cf_distance': 0.19843129813671112, 'num_valid_crds_neg': 178.0, 'epoch': 1.02}
{'loss': 0.0185, 'grad_norm': 0.05810546875, 'learning_rate': 0.0001852054794520548, 'loss_simcse': 0.017822265625, 'loss_crds': 0.014213375747203827, 'loss_total': 0.01853293366730213, 'avg_crds_neg_weight': 0.10324545949697495, 'avg_crds_reliability': 0.46299034357070923, 'avg_crds_semantic_similarity': 0.48327627778053284, 'avg_crds_cf_distance': 0.19888310134410858, 'num_valid_crds_neg': 186.0, 'epoch': 1.02}
{'loss': 0.0186, 'grad_norm': 0.06982421875, 'learning_rate': 0.00018509589041095892, 'loss_simcse': 0.01806640625, 'loss_crds': 0.010378612205386162, 'loss_total': 0.018585337325930595, 'avg_crds_neg_weight': 0.09106932580471039, 'avg_crds_reliability': 0.44548261165618896, 'avg_crds_semantic_similarity': 0.4637962579727173, 'avg_crds_cf_distance': 0.20524738729000092, 'num_valid_crds_neg': 151.0, 'epoch': 1.03}
{'loss': 0.018, 'grad_norm': 0.0595703125, 'learning_rate': 0.000184986301369863, 'loss_simcse': 0.017333984375, 'loss_crds': 0.013971862383186817, 'loss_total': 0.018032576888799667, 'avg_crds_neg_weight': 0.09746946394443512, 'avg_crds_reliability': 0.47398674488067627, 'avg_crds_semantic_similarity': 0.4807431995868683, 'avg_crds_cf_distance': 0.2148492932319641, 'num_valid_crds_neg': 183.0, 'epoch': 1.03}
{'loss': 0.0182, 'grad_norm': 0.05859375, 'learning_rate': 0.00018487671232876712, 'loss_simcse': 0.0177001953125, 'loss_crds': 0.009316496551036835, 'loss_total': 0.01816602051258087, 'avg_crds_neg_weight': 0.09050507098436356, 'avg_crds_reliability': 0.4402945935726166, 'avg_crds_semantic_similarity': 0.4811771512031555, 'avg_crds_cf_distance': 0.2001948207616806, 'num_valid_crds_neg': 142.0, 'epoch': 1.03}
{'loss': 0.019, 'grad_norm': 0.06689453125, 'learning_rate': 0.00018476712328767124, 'loss_simcse': 0.018310546875, 'loss_crds': 0.013737810775637627, 'loss_total': 0.0189974382519722, 'avg_crds_neg_weight': 0.10291098803281784, 'avg_crds_reliability': 0.4657192826271057, 'avg_crds_semantic_similarity': 0.4611702859401703, 'avg_crds_cf_distance': 0.20661412179470062, 'num_valid_crds_neg': 161.0, 'epoch': 1.03}
{'loss': 0.0185, 'grad_norm': 0.0634765625, 'learning_rate': 0.00018465753424657535, 'loss_simcse': 0.0179443359375, 'loss_crds': 0.01193969789892435, 'loss_total': 0.01854132115840912, 'avg_crds_neg_weight': 0.10111957043409348, 'avg_crds_reliability': 0.45321086049079895, 'avg_crds_semantic_similarity': 0.47660091519355774, 'avg_crds_cf_distance': 0.20706124603748322, 'num_valid_crds_neg': 164.0, 'epoch': 1.04}
{'loss': 0.0181, 'grad_norm': 0.060546875, 'learning_rate': 0.00018454794520547947, 'loss_simcse': 0.017578125, 'loss_crds': 0.010370956733822823, 'loss_total': 0.018096672371029854, 'avg_crds_neg_weight': 0.09586812555789948, 'avg_crds_reliability': 0.45023444294929504, 'avg_crds_semantic_similarity': 0.45792046189308167, 'avg_crds_cf_distance': 0.21351255476474762, 'num_valid_crds_neg': 182.0, 'epoch': 1.04}
{'loss': 0.0184, 'grad_norm': 0.05908203125, 'learning_rate': 0.00018443835616438356, 'loss_simcse': 0.0177001953125, 'loss_crds': 0.013028220273554325, 'loss_total': 0.018351607024669647, 'avg_crds_neg_weight': 0.09631441533565521, 'avg_crds_reliability': 0.43844136595726013, 'avg_crds_semantic_similarity': 0.45880669355392456, 'avg_crds_cf_distance': 0.19538822770118713, 'num_valid_crds_neg': 156.0, 'epoch': 1.04}
{'loss': 0.0184, 'grad_norm': 0.061279296875, 'learning_rate': 0.00018432876712328768, 'loss_simcse': 0.017822265625, 'loss_crds': 0.010931232012808323, 'loss_total': 0.018368827179074287, 'avg_crds_neg_weight': 0.09977128356695175, 'avg_crds_reliability': 0.45197445154190063, 'avg_crds_semantic_similarity': 0.4645512104034424, 'avg_crds_cf_distance': 0.20048737525939941, 'num_valid_crds_neg': 163.0, 'epoch': 1.04}
{'loss': 0.0192, 'grad_norm': 0.08544921875, 'learning_rate': 0.00018421917808219177, 'loss_simcse': 0.018798828125, 'loss_crds': 0.007436765357851982, 'loss_total': 0.019170666113495827, 'avg_crds_neg_weight': 0.08244138211011887, 'avg_crds_reliability': 0.4091638922691345, 'avg_crds_semantic_similarity': 0.45811817049980164, 'avg_crds_cf_distance': 0.19252091646194458, 'num_valid_crds_neg': 129.0, 'epoch': 1.04}
{'loss': 0.0184, 'grad_norm': 0.0595703125, 'learning_rate': 0.0001841095890410959, 'loss_simcse': 0.017822265625, 'loss_crds': 0.010727682150900364, 'loss_total': 0.01835864968597889, 'avg_crds_neg_weight': 0.10232175141572952, 'avg_crds_reliability': 0.4548594653606415, 'avg_crds_semantic_similarity': 0.46050751209259033, 'avg_crds_cf_distance': 0.21822907030582428, 'num_valid_crds_neg': 211.0, 'epoch': 1.05}
{'loss': 0.0202, 'grad_norm': 0.08349609375, 'learning_rate': 0.00018400000000000003, 'loss_simcse': 0.01953125, 'loss_crds': 0.012683403678238392, 'loss_total': 0.020165421068668365, 'avg_crds_neg_weight': 0.09725712239742279, 'avg_crds_reliability': 0.45398661494255066, 'avg_crds_semantic_similarity': 0.4598775804042816, 'avg_crds_cf_distance': 0.21115803718566895, 'num_valid_crds_neg': 151.0, 'epoch': 1.05}
{'loss': 0.0198, 'grad_norm': 0.076171875, 'learning_rate': 0.00018389041095890412, 'loss_simcse': 0.019287109375, 'loss_crds': 0.010206249542534351, 'loss_total': 0.019797421991825104, 'avg_crds_neg_weight': 0.08611056208610535, 'avg_crds_reliability': 0.4218239486217499, 'avg_crds_semantic_similarity': 0.4651324152946472, 'avg_crds_cf_distance': 0.21531304717063904, 'num_valid_crds_neg': 132.0, 'epoch': 1.05}
{'loss': 0.0183, 'grad_norm': 0.06787109375, 'learning_rate': 0.00018378082191780823, 'loss_simcse': 0.017822265625, 'loss_crds': 0.009851266629993916, 'loss_total': 0.018314829096198082, 'avg_crds_neg_weight': 0.0935923233628273, 'avg_crds_reliability': 0.46073660254478455, 'avg_crds_semantic_similarity': 0.4659673273563385, 'avg_crds_cf_distance': 0.20490184426307678, 'num_valid_crds_neg': 174.0, 'epoch': 1.05}
{'loss': 0.0197, 'grad_norm': 0.08349609375, 'learning_rate': 0.00018367123287671232, 'loss_simcse': 0.0191650390625, 'loss_crds': 0.011483044363558292, 'loss_total': 0.019739191979169846, 'avg_crds_neg_weight': 0.08893898129463196, 'avg_crds_reliability': 0.42991477251052856, 'avg_crds_semantic_similarity': 0.45661231875419617, 'avg_crds_cf_distance': 0.21059571206569672, 'num_valid_crds_neg': 184.0, 'epoch': 1.06}
{'loss': 0.0183, 'grad_norm': 0.061767578125, 'learning_rate': 0.00018356164383561644, 'loss_simcse': 0.017822265625, 'loss_crds': 0.009291833266615868, 'loss_total': 0.01828685775399208, 'avg_crds_neg_weight': 0.09097243845462799, 'avg_crds_reliability': 0.45263054966926575, 'avg_crds_semantic_similarity': 0.474280446767807, 'avg_crds_cf_distance': 0.21000202000141144, 'num_valid_crds_neg': 131.0, 'epoch': 1.06}
{'loss': 0.018, 'grad_norm': 0.06591796875, 'learning_rate': 0.00018345205479452056, 'loss_simcse': 0.0174560546875, 'loss_crds': 0.01056648325175047, 'loss_total': 0.017984379082918167, 'avg_crds_neg_weight': 0.08878669887781143, 'avg_crds_reliability': 0.4456288516521454, 'avg_crds_semantic_similarity': 0.4576979875564575, 'avg_crds_cf_distance': 0.19931438565254211, 'num_valid_crds_neg': 144.0, 'epoch': 1.06}
{'loss': 0.0189, 'grad_norm': 0.06591796875, 'learning_rate': 0.00018334246575342467, 'loss_simcse': 0.01806640625, 'loss_crds': 0.01665811613202095, 'loss_total': 0.018899312242865562, 'avg_crds_neg_weight': 0.09205035120248795, 'avg_crds_reliability': 0.4338080883026123, 'avg_crds_semantic_similarity': 0.47448021173477173, 'avg_crds_cf_distance': 0.21411234140396118, 'num_valid_crds_neg': 209.0, 'epoch': 1.06}
{'loss': 0.0194, 'grad_norm': 0.072265625, 'learning_rate': 0.0001832328767123288, 'loss_simcse': 0.018798828125, 'loss_crds': 0.012533025816082954, 'loss_total': 0.01942547969520092, 'avg_crds_neg_weight': 0.09487698972225189, 'avg_crds_reliability': 0.4430650472640991, 'avg_crds_semantic_similarity': 0.46003851294517517, 'avg_crds_cf_distance': 0.2043261080980301, 'num_valid_crds_neg': 167.0, 'epoch': 1.07}
{'loss': 0.0184, 'grad_norm': 0.06982421875, 'learning_rate': 0.00018312328767123288, 'loss_simcse': 0.017822265625, 'loss_crds': 0.011762912385165691, 'loss_total': 0.01841041073203087, 'avg_crds_neg_weight': 0.09261520206928253, 'avg_crds_reliability': 0.4328497350215912, 'avg_crds_semantic_similarity': 0.4683765470981598, 'avg_crds_cf_distance': 0.20060433447360992, 'num_valid_crds_neg': 166.0, 'epoch': 1.07}
{'loss': 0.0196, 'grad_norm': 0.0751953125, 'learning_rate': 0.000183013698630137, 'loss_simcse': 0.01904296875, 'loss_crds': 0.011507906951010227, 'loss_total': 0.019618364050984383, 'avg_crds_neg_weight': 0.09777413308620453, 'avg_crds_reliability': 0.4538147747516632, 'avg_crds_semantic_similarity': 0.4877612292766571, 'avg_crds_cf_distance': 0.20781540870666504, 'num_valid_crds_neg': 202.0, 'epoch': 1.07}
{'loss': 0.0182, 'grad_norm': 0.0634765625, 'learning_rate': 0.00018290410958904108, 'loss_simcse': 0.0177001953125, 'loss_crds': 0.01004023663699627, 'loss_total': 0.01820220798254013, 'avg_crds_neg_weight': 0.09271887689828873, 'avg_crds_reliability': 0.4428623616695404, 'avg_crds_semantic_similarity': 0.45672446489334106, 'avg_crds_cf_distance': 0.20662139356136322, 'num_valid_crds_neg': 175.0, 'epoch': 1.07}
{'loss': 0.0201, 'grad_norm': 0.0830078125, 'learning_rate': 0.0001827945205479452, 'loss_simcse': 0.01953125, 'loss_crds': 0.010516144335269928, 'loss_total': 0.020057057961821556, 'avg_crds_neg_weight': 0.09612735360860825, 'avg_crds_reliability': 0.4259034991264343, 'avg_crds_semantic_similarity': 0.46886104345321655, 'avg_crds_cf_distance': 0.21960806846618652, 'num_valid_crds_neg': 162.0, 'epoch': 1.08}
{'loss': 0.019, 'grad_norm': 0.07568359375, 'learning_rate': 0.00018268493150684934, 'loss_simcse': 0.01806640625, 'loss_crds': 0.01808025874197483, 'loss_total': 0.018970418721437454, 'avg_crds_neg_weight': 0.09892723709344864, 'avg_crds_reliability': 0.457608699798584, 'avg_crds_semantic_similarity': 0.4561903178691864, 'avg_crds_cf_distance': 0.22464153170585632, 'num_valid_crds_neg': 144.0, 'epoch': 1.08}
{'loss': 0.0183, 'grad_norm': 0.062255859375, 'learning_rate': 0.00018257534246575343, 'loss_simcse': 0.017822265625, 'loss_crds': 0.010453151538968086, 'loss_total': 0.018344923853874207, 'avg_crds_neg_weight': 0.0884736180305481, 'avg_crds_reliability': 0.4270433187484741, 'avg_crds_semantic_similarity': 0.4628610908985138, 'avg_crds_cf_distance': 0.20341536402702332, 'num_valid_crds_neg': 162.0, 'epoch': 1.08}
{'loss': 0.0214, 'grad_norm': 0.10302734375, 'learning_rate': 0.00018246575342465755, 'loss_simcse': 0.0208740234375, 'loss_crds': 0.010119576007127762, 'loss_total': 0.021380001679062843, 'avg_crds_neg_weight': 0.09858151525259018, 'avg_crds_reliability': 0.44290563464164734, 'avg_crds_semantic_similarity': 0.456134170293808, 'avg_crds_cf_distance': 0.2024456262588501, 'num_valid_crds_neg': 144.0, 'epoch': 1.08}
{'loss': 0.0186, 'grad_norm': 0.0654296875, 'learning_rate': 0.00018235616438356164, 'loss_simcse': 0.017822265625, 'loss_crds': 0.01479431614279747, 'loss_total': 0.01856198161840439, 'avg_crds_neg_weight': 0.0969415158033371, 'avg_crds_reliability': 0.4614749848842621, 'avg_crds_semantic_similarity': 0.4786244332790375, 'avg_crds_cf_distance': 0.2064850926399231, 'num_valid_crds_neg': 161.0, 'epoch': 1.08}
{'loss': 0.0195, 'grad_norm': 0.078125, 'learning_rate': 0.00018224657534246576, 'loss_simcse': 0.018798828125, 'loss_crds': 0.013833100907504559, 'loss_total': 0.019490482285618782, 'avg_crds_neg_weight': 0.0968877524137497, 'avg_crds_reliability': 0.4535796344280243, 'avg_crds_semantic_similarity': 0.4739358723163605, 'avg_crds_cf_distance': 0.20793356001377106, 'num_valid_crds_neg': 151.0, 'epoch': 1.09}
{'loss': 0.0199, 'grad_norm': 0.08544921875, 'learning_rate': 0.00018213698630136987, 'loss_simcse': 0.0194091796875, 'loss_crds': 0.010696863755583763, 'loss_total': 0.019944023340940475, 'avg_crds_neg_weight': 0.0973435714840889, 'avg_crds_reliability': 0.4468691647052765, 'avg_crds_semantic_similarity': 0.4681943356990814, 'avg_crds_cf_distance': 0.20996583998203278, 'num_valid_crds_neg': 182.0, 'epoch': 1.09}
{'loss': 0.018, 'grad_norm': 0.062255859375, 'learning_rate': 0.000182027397260274, 'loss_simcse': 0.0174560546875, 'loss_crds': 0.010746335610747337, 'loss_total': 0.017993371933698654, 'avg_crds_neg_weight': 0.09121888130903244, 'avg_crds_reliability': 0.44031932950019836, 'avg_crds_semantic_similarity': 0.4649069905281067, 'avg_crds_cf_distance': 0.2085847109556198, 'num_valid_crds_neg': 172.0, 'epoch': 1.09}
{'loss': 0.0189, 'grad_norm': 0.0830078125, 'learning_rate': 0.0001819178082191781, 'loss_simcse': 0.0184326171875, 'loss_crds': 0.008854903280735016, 'loss_total': 0.01887536235153675, 'avg_crds_neg_weight': 0.09732535481452942, 'avg_crds_reliability': 0.43922993540763855, 'avg_crds_semantic_similarity': 0.449853777885437, 'avg_crds_cf_distance': 0.20876388251781464, 'num_valid_crds_neg': 153.0, 'epoch': 1.09}
{'loss': 0.0193, 'grad_norm': 0.0791015625, 'learning_rate': 0.0001818082191780822, 'loss_simcse': 0.018798828125, 'loss_crds': 0.00936206802725792, 'loss_total': 0.01926693134009838, 'avg_crds_neg_weight': 0.09382025897502899, 'avg_crds_reliability': 0.4437269866466522, 'avg_crds_semantic_similarity': 0.45852863788604736, 'avg_crds_cf_distance': 0.19758249819278717, 'num_valid_crds_neg': 173.0, 'epoch': 1.1}
{'loss': 0.0189, 'grad_norm': 0.06787109375, 'learning_rate': 0.0001816986301369863, 'loss_simcse': 0.01806640625, 'loss_crds': 0.016907740384340286, 'loss_total': 0.01891179382801056, 'avg_crds_neg_weight': 0.09470142424106598, 'avg_crds_reliability': 0.45292121171951294, 'avg_crds_semantic_similarity': 0.4704674184322357, 'avg_crds_cf_distance': 0.20115937292575836, 'num_valid_crds_neg': 172.0, 'epoch': 1.1}
{'loss': 0.024, 'grad_norm': 0.091796875, 'learning_rate': 0.0001815890410958904, 'loss_simcse': 0.0233154296875, 'loss_crds': 0.013168747536838055, 'loss_total': 0.023973867297172546, 'avg_crds_neg_weight': 0.09645703434944153, 'avg_crds_reliability': 0.46402686834335327, 'avg_crds_semantic_similarity': 0.4796825349330902, 'avg_crds_cf_distance': 0.20970238745212555, 'num_valid_crds_neg': 116.0, 'epoch': 1.1}
{'loss': 0.019, 'grad_norm': 0.07958984375, 'learning_rate': 0.00018147945205479452, 'loss_simcse': 0.0184326171875, 'loss_crds': 0.010486012324690819, 'loss_total': 0.018956918269395828, 'avg_crds_neg_weight': 0.09288636595010757, 'avg_crds_reliability': 0.4521822929382324, 'avg_crds_semantic_similarity': 0.46546027064323425, 'avg_crds_cf_distance': 0.19963233172893524, 'num_valid_crds_neg': 181.0, 'epoch': 1.1}
{'loss': 0.0183, 'grad_norm': 0.06689453125, 'learning_rate': 0.00018136986301369864, 'loss_simcse': 0.017822265625, 'loss_crds': 0.009819156490266323, 'loss_total': 0.018313223496079445, 'avg_crds_neg_weight': 0.09207896143198013, 'avg_crds_reliability': 0.4322391450405121, 'avg_crds_semantic_similarity': 0.47174400091171265, 'avg_crds_cf_distance': 0.21724249422550201, 'num_valid_crds_neg': 161.0, 'epoch': 1.11}
{'loss': 0.0187, 'grad_norm': 0.06298828125, 'learning_rate': 0.00018126027397260275, 'loss_simcse': 0.0181884765625, 'loss_crds': 0.009971012361347675, 'loss_total': 0.01868702657520771, 'avg_crds_neg_weight': 0.0930512472987175, 'avg_crds_reliability': 0.436267614364624, 'avg_crds_semantic_similarity': 0.4651384949684143, 'avg_crds_cf_distance': 0.20311053097248077, 'num_valid_crds_neg': 160.0, 'epoch': 1.11}
{'loss': 0.0183, 'grad_norm': 0.06787109375, 'learning_rate': 0.00018115068493150687, 'loss_simcse': 0.017822265625, 'loss_crds': 0.009027518332004547, 'loss_total': 0.018273642286658287, 'avg_crds_neg_weight': 0.08821377903223038, 'avg_crds_reliability': 0.4318391680717468, 'avg_crds_semantic_similarity': 0.4711596965789795, 'avg_crds_cf_distance': 0.19754593074321747, 'num_valid_crds_neg': 177.0, 'epoch': 1.11}
{'loss': 0.0185, 'grad_norm': 0.0732421875, 'learning_rate': 0.00018104109589041096, 'loss_simcse': 0.0179443359375, 'loss_crds': 0.01073723379522562, 'loss_total': 0.018481196835637093, 'avg_crds_neg_weight': 0.1038162037730217, 'avg_crds_reliability': 0.4657057523727417, 'avg_crds_semantic_similarity': 0.4769493639469147, 'avg_crds_cf_distance': 0.2163676917552948, 'num_valid_crds_neg': 209.0, 'epoch': 1.11}
{'loss': 0.0203, 'grad_norm': 0.07763671875, 'learning_rate': 0.00018093150684931507, 'loss_simcse': 0.0196533203125, 'loss_crds': 0.012103927321732044, 'loss_total': 0.02025851607322693, 'avg_crds_neg_weight': 0.09195232391357422, 'avg_crds_reliability': 0.4408683180809021, 'avg_crds_semantic_similarity': 0.4614565074443817, 'avg_crds_cf_distance': 0.1975201517343521, 'num_valid_crds_neg': 180.0, 'epoch': 1.12}
{'loss': 0.0183, 'grad_norm': 0.06103515625, 'learning_rate': 0.00018082191780821916, 'loss_simcse': 0.017578125, 'loss_crds': 0.014535951428115368, 'loss_total': 0.018304921686649323, 'avg_crds_neg_weight': 0.08943410962820053, 'avg_crds_reliability': 0.4334893524646759, 'avg_crds_semantic_similarity': 0.4679637849330902, 'avg_crds_cf_distance': 0.21592147648334503, 'num_valid_crds_neg': 162.0, 'epoch': 1.12}
{'loss': 0.0182, 'grad_norm': 0.06787109375, 'learning_rate': 0.0001807123287671233, 'loss_simcse': 0.0177001953125, 'loss_crds': 0.010127107612788677, 'loss_total': 0.018206549808382988, 'avg_crds_neg_weight': 0.10032518953084946, 'avg_crds_reliability': 0.44454243779182434, 'avg_crds_semantic_similarity': 0.4653407037258148, 'avg_crds_cf_distance': 0.21595655381679535, 'num_valid_crds_neg': 150.0, 'epoch': 1.12}
{'loss': 0.018, 'grad_norm': 0.0615234375, 'learning_rate': 0.00018060273972602742, 'loss_simcse': 0.0174560546875, 'loss_crds': 0.010813525877892971, 'loss_total': 0.017996730282902718, 'avg_crds_neg_weight': 0.0945802703499794, 'avg_crds_reliability': 0.42683833837509155, 'avg_crds_semantic_similarity': 0.4642246961593628, 'avg_crds_cf_distance': 0.206660196185112, 'num_valid_crds_neg': 165.0, 'epoch': 1.12}
{'loss': 0.0235, 'grad_norm': 0.06787109375, 'learning_rate': 0.00018049315068493151, 'loss_simcse': 0.0230712890625, 'loss_crds': 0.009214098565280437, 'loss_total': 0.023531993851065636, 'avg_crds_neg_weight': 0.09296660125255585, 'avg_crds_reliability': 0.4444938600063324, 'avg_crds_semantic_similarity': 0.4659697115421295, 'avg_crds_cf_distance': 0.20470735430717468, 'num_valid_crds_neg': 186.0, 'epoch': 1.12}
{'loss': 0.0179, 'grad_norm': 0.064453125, 'learning_rate': 0.00018038356164383563, 'loss_simcse': 0.017333984375, 'loss_crds': 0.010868637822568417, 'loss_total': 0.01787741668522358, 'avg_crds_neg_weight': 0.09100203961133957, 'avg_crds_reliability': 0.43127208948135376, 'avg_crds_semantic_similarity': 0.46238136291503906, 'avg_crds_cf_distance': 0.19977092742919922, 'num_valid_crds_neg': 144.0, 'epoch': 1.13}
{'loss': 0.0215, 'grad_norm': 0.0927734375, 'learning_rate': 0.00018027397260273972, 'loss_simcse': 0.02099609375, 'loss_crds': 0.010126855224370956, 'loss_total': 0.021502437070012093, 'avg_crds_neg_weight': 0.08988018333911896, 'avg_crds_reliability': 0.42784735560417175, 'avg_crds_semantic_similarity': 0.45690107345581055, 'avg_crds_cf_distance': 0.21126413345336914, 'num_valid_crds_neg': 205.0, 'epoch': 1.13}
{'loss': 0.0184, 'grad_norm': 0.064453125, 'learning_rate': 0.00018016438356164384, 'loss_simcse': 0.017822265625, 'loss_crds': 0.010884764604270458, 'loss_total': 0.018366504460573196, 'avg_crds_neg_weight': 0.09747650474309921, 'avg_crds_reliability': 0.46235591173171997, 'avg_crds_semantic_similarity': 0.45321759581565857, 'avg_crds_cf_distance': 0.21321621537208557, 'num_valid_crds_neg': 160.0, 'epoch': 1.13}
{'loss': 0.0182, 'grad_norm': 0.06640625, 'learning_rate': 0.00018005479452054795, 'loss_simcse': 0.017578125, 'loss_crds': 0.012137852609157562, 'loss_total': 0.018185017630457878, 'avg_crds_neg_weight': 0.0936964899301529, 'avg_crds_reliability': 0.458601713180542, 'avg_crds_semantic_similarity': 0.46402233839035034, 'avg_crds_cf_distance': 0.2062365859746933, 'num_valid_crds_neg': 146.0, 'epoch': 1.13}
{'loss': 0.0197, 'grad_norm': 0.07177734375, 'learning_rate': 0.00017994520547945207, 'loss_simcse': 0.0191650390625, 'loss_crds': 0.010429950430989265, 'loss_total': 0.019686536863446236, 'avg_crds_neg_weight': 0.09996872395277023, 'avg_crds_reliability': 0.4613989591598511, 'avg_crds_semantic_similarity': 0.47762444615364075, 'avg_crds_cf_distance': 0.21076413989067078, 'num_valid_crds_neg': 170.0, 'epoch': 1.14}
{'loss': 0.018, 'grad_norm': 0.06298828125, 'learning_rate': 0.00017983561643835619, 'loss_simcse': 0.0174560546875, 'loss_crds': 0.010823688469827175, 'loss_total': 0.017997238785028458, 'avg_crds_neg_weight': 0.09156478196382523, 'avg_crds_reliability': 0.4428133964538574, 'avg_crds_semantic_similarity': 0.4606139063835144, 'avg_crds_cf_distance': 0.21341760456562042, 'num_valid_crds_neg': 194.0, 'epoch': 1.14}
{'loss': 0.0182, 'grad_norm': 0.0634765625, 'learning_rate': 0.00017972602739726028, 'loss_simcse': 0.0177001953125, 'loss_crds': 0.009495657868683338, 'loss_total': 0.018174977973103523, 'avg_crds_neg_weight': 0.09685061126947403, 'avg_crds_reliability': 0.4503774344921112, 'avg_crds_semantic_similarity': 0.45901843905448914, 'avg_crds_cf_distance': 0.21502965688705444, 'num_valid_crds_neg': 153.0, 'epoch': 1.14}
{'loss': 0.0192, 'grad_norm': 0.0771484375, 'learning_rate': 0.0001796164383561644, 'loss_simcse': 0.018798828125, 'loss_crds': 0.008713345043361187, 'loss_total': 0.019234495237469673, 'avg_crds_neg_weight': 0.09798766672611237, 'avg_crds_reliability': 0.45936089754104614, 'avg_crds_semantic_similarity': 0.45195242762565613, 'avg_crds_cf_distance': 0.2058718204498291, 'num_valid_crds_neg': 174.0, 'epoch': 1.14}
{'loss': 0.018, 'grad_norm': 0.0576171875, 'learning_rate': 0.00017950684931506848, 'loss_simcse': 0.0174560546875, 'loss_crds': 0.01137317530810833, 'loss_total': 0.018024712800979614, 'avg_crds_neg_weight': 0.1082548052072525, 'avg_crds_reliability': 0.4921305477619171, 'avg_crds_semantic_similarity': 0.48263514041900635, 'avg_crds_cf_distance': 0.2309640645980835, 'num_valid_crds_neg': 155.0, 'epoch': 1.15}
{'loss': 0.019, 'grad_norm': 0.0673828125, 'learning_rate': 0.0001793972602739726, 'loss_simcse': 0.0184326171875, 'loss_crds': 0.01040179468691349, 'loss_total': 0.018952706828713417, 'avg_crds_neg_weight': 0.09729920327663422, 'avg_crds_reliability': 0.44136425852775574, 'avg_crds_semantic_similarity': 0.46382978558540344, 'avg_crds_cf_distance': 0.21253535151481628, 'num_valid_crds_neg': 144.0, 'epoch': 1.15}
{'loss': 0.0181, 'grad_norm': 0.06103515625, 'learning_rate': 0.00017928767123287674, 'loss_simcse': 0.017578125, 'loss_crds': 0.011290374211966991, 'loss_total': 0.018142644315958023, 'avg_crds_neg_weight': 0.09208269417285919, 'avg_crds_reliability': 0.42878514528274536, 'avg_crds_semantic_similarity': 0.47550541162490845, 'avg_crds_cf_distance': 0.20239633321762085, 'num_valid_crds_neg': 171.0, 'epoch': 1.15}
{'loss': 0.0198, 'grad_norm': 0.07275390625, 'learning_rate': 0.00017917808219178083, 'loss_simcse': 0.01904296875, 'loss_crds': 0.01472233422100544, 'loss_total': 0.019779086112976074, 'avg_crds_neg_weight': 0.09803321212530136, 'avg_crds_reliability': 0.46575507521629333, 'avg_crds_semantic_similarity': 0.47209417819976807, 'avg_crds_cf_distance': 0.21976372599601746, 'num_valid_crds_neg': 171.0, 'epoch': 1.15}
{'loss': 0.0185, 'grad_norm': 0.0615234375, 'learning_rate': 0.00017906849315068495, 'loss_simcse': 0.0179443359375, 'loss_crds': 0.011125524528324604, 'loss_total': 0.018500613048672676, 'avg_crds_neg_weight': 0.09497424960136414, 'avg_crds_reliability': 0.43429192900657654, 'avg_crds_semantic_similarity': 0.4756224453449249, 'avg_crds_cf_distance': 0.20880433917045593, 'num_valid_crds_neg': 184.0, 'epoch': 1.16}
{'loss': 0.018, 'grad_norm': 0.064453125, 'learning_rate': 0.00017895890410958904, 'loss_simcse': 0.0174560546875, 'loss_crds': 0.010563737712800503, 'loss_total': 0.017984241247177124, 'avg_crds_neg_weight': 0.09552037715911865, 'avg_crds_reliability': 0.46089717745780945, 'avg_crds_semantic_similarity': 0.45821523666381836, 'avg_crds_cf_distance': 0.2040034979581833, 'num_valid_crds_neg': 184.0, 'epoch': 1.16}
{'loss': 0.0284, 'grad_norm': 0.06884765625, 'learning_rate': 0.00017884931506849315, 'loss_simcse': 0.0277099609375, 'loss_crds': 0.014400912448763847, 'loss_total': 0.02843000739812851, 'avg_crds_neg_weight': 0.1005343496799469, 'avg_crds_reliability': 0.4651494026184082, 'avg_crds_semantic_similarity': 0.4916331470012665, 'avg_crds_cf_distance': 0.20054906606674194, 'num_valid_crds_neg': 191.0, 'epoch': 1.16}
{'loss': 0.0181, 'grad_norm': 0.06005859375, 'learning_rate': 0.00017873972602739727, 'loss_simcse': 0.017333984375, 'loss_crds': 0.014509075321257114, 'loss_total': 0.018059438094496727, 'avg_crds_neg_weight': 0.10362967848777771, 'avg_crds_reliability': 0.46303802728652954, 'avg_crds_semantic_similarity': 0.48637938499450684, 'avg_crds_cf_distance': 0.20222912728786469, 'num_valid_crds_neg': 156.0, 'epoch': 1.16}
{'loss': 0.019, 'grad_norm': 0.07275390625, 'learning_rate': 0.0001786301369863014, 'loss_simcse': 0.0185546875, 'loss_crds': 0.008721872232854366, 'loss_total': 0.018990781158208847, 'avg_crds_neg_weight': 0.0955708846449852, 'avg_crds_reliability': 0.44413748383522034, 'avg_crds_semantic_similarity': 0.4621538519859314, 'avg_crds_cf_distance': 0.21972374618053436, 'num_valid_crds_neg': 172.0, 'epoch': 1.16}
{'loss': 0.0183, 'grad_norm': 0.056884765625, 'learning_rate': 0.0001785205479452055, 'loss_simcse': 0.017333984375, 'loss_crds': 0.01841367594897747, 'loss_total': 0.01825466752052307, 'avg_crds_neg_weight': 0.09781256318092346, 'avg_crds_reliability': 0.46968990564346313, 'avg_crds_semantic_similarity': 0.48614221811294556, 'avg_crds_cf_distance': 0.20366539061069489, 'num_valid_crds_neg': 127.0, 'epoch': 1.17}
{'loss': 0.019, 'grad_norm': 0.068359375, 'learning_rate': 0.0001784109589041096, 'loss_simcse': 0.018310546875, 'loss_crds': 0.014441177248954773, 'loss_total': 0.01903260499238968, 'avg_crds_neg_weight': 0.09368788450956345, 'avg_crds_reliability': 0.4561643600463867, 'avg_crds_semantic_similarity': 0.46020883321762085, 'avg_crds_cf_distance': 0.19968777894973755, 'num_valid_crds_neg': 167.0, 'epoch': 1.17}
{'loss': 0.0216, 'grad_norm': 0.10302734375, 'learning_rate': 0.0001783013698630137, 'loss_simcse': 0.0211181640625, 'loss_crds': 0.009559419006109238, 'loss_total': 0.021596135571599007, 'avg_crds_neg_weight': 0.09433848410844803, 'avg_crds_reliability': 0.4549086093902588, 'avg_crds_semantic_similarity': 0.47101619839668274, 'avg_crds_cf_distance': 0.20866675674915314, 'num_valid_crds_neg': 137.0, 'epoch': 1.17}
{'loss': 0.0181, 'grad_norm': 0.09228515625, 'learning_rate': 0.0001781917808219178, 'loss_simcse': 0.017578125, 'loss_crds': 0.010912599973380566, 'loss_total': 0.018123755231499672, 'avg_crds_neg_weight': 0.09079840779304504, 'avg_crds_reliability': 0.44408902525901794, 'avg_crds_semantic_similarity': 0.4631721079349518, 'avg_crds_cf_distance': 0.2137712985277176, 'num_valid_crds_neg': 174.0, 'epoch': 1.17}
{'loss': 0.0192, 'grad_norm': 0.06884765625, 'learning_rate': 0.00017808219178082192, 'loss_simcse': 0.0185546875, 'loss_crds': 0.012821901589632034, 'loss_total': 0.019195782020688057, 'avg_crds_neg_weight': 0.09914589673280716, 'avg_crds_reliability': 0.4723491370677948, 'avg_crds_semantic_similarity': 0.47180065512657166, 'avg_crds_cf_distance': 0.2110334038734436, 'num_valid_crds_neg': 207.0, 'epoch': 1.18}
{'train_runtime': 867.4356, 'train_samples_per_second': 626.767, 'train_steps_per_second': 2.45, 'train_loss': 0.01775251686386764, 'epoch': 1.18}
