TrainingArguments(
_n_gpu=1,
accelerator_config={'split_batches': False, 'dispatch_batches': None, 'even_batches': True, 'use_seedable_sampler': True, 'non_blocking': False, 'gradient_accumulation_kwargs': None, 'use_configured_state': False},
adafactor=False,
adam_beta1=0.9,
adam_beta2=0.999,
adam_epsilon=1e-08,
auto_find_batch_size=False,
batch_eval_metrics=False,
bf16=False,
bf16_full_eval=False,
data_seed=None,
dataloader_drop_last=False,
dataloader_num_workers=0,
dataloader_persistent_workers=False,
dataloader_pin_memory=True,
dataloader_prefetch_factor=None,
ddp_backend=None,
ddp_broadcast_buffers=None,
ddp_bucket_cap_mb=None,
ddp_find_unused_parameters=None,
ddp_timeout=1800,
debug=[],
deepspeed=None,
disable_tqdm=False,
dispatch_batches=None,
do_eval=False,
do_predict=False,
do_train=True,
eval_accumulation_steps=None,
eval_delay=0,
eval_do_concat_batches=True,
eval_on_start=False,
eval_steps=None,
eval_strategy=IntervalStrategy.NO,
eval_use_gather_object=False,
evaluation_strategy=None,
fp16=False,
fp16_backend=auto,
fp16_full_eval=False,
fp16_opt_level=O1,
fsdp=[],
fsdp_config={'min_num_params': 0, 'xla': False, 'xla_fsdp_v2': False, 'xla_fsdp_grad_ckpt': False},
fsdp_min_num_params=0,
fsdp_transformer_layer_cls_to_wrap=None,
full_determinism=False,
gradient_accumulation_steps=1,
gradient_checkpointing=True,
gradient_checkpointing_kwargs={'use_reentrant': False},
greater_is_better=None,
group_by_length=False,
half_precision_backend=auto,
hub_always_push=False,
hub_model_id=None,
hub_private_repo=False,
hub_strategy=HubStrategy.EVERY_SAVE,
hub_token=<HUB_TOKEN>,
ignore_data_skip=False,
include_inputs_for_metrics=False,
include_num_input_tokens_seen=False,
include_tokens_per_second=False,
jit_mode_eval=False,
label_names=None,
label_smoothing_factor=0.0,
learning_rate=0.0002,
length_column_name=length,
load_best_model_at_end=False,
local_rank=0,
log_level=passive,
log_level_replica=warning,
log_on_each_node=True,
logging_dir=outputs/crds_step500_failure/AmazonMix-6/no_cooccurrence_negatives/runs/Jul04_21-18-46_ubuntu-4U-GPU-Server,
logging_first_step=False,
logging_nan_inf_filter=True,
logging_steps=1,
logging_strategy=IntervalStrategy.STEPS,
lr_scheduler_kwargs={},
lr_scheduler_type=SchedulerType.LINEAR,
max_grad_norm=1.0,
max_steps=-1,
metric_for_best_model=None,
mp_parameters=,
neftune_noise_alpha=None,
no_cuda=False,
num_train_epochs=5,
optim=OptimizerNames.ADAMW_TORCH,
optim_args=None,
optim_target_modules=None,
output_dir=outputs/crds_step500_failure/AmazonMix-6/no_cooccurrence_negatives,
overwrite_output_dir=False,
past_index=-1,
per_device_eval_batch_size=256,
per_device_train_batch_size=256,
prediction_loss_only=False,
push_to_hub=False,
push_to_hub_model_id=None,
push_to_hub_organization=None,
push_to_hub_token=<PUSH_TO_HUB_TOKEN>,
ray_scope=last,
remove_unused_columns=False,
report_to=[],
restore_callback_states_from_checkpoint=False,
resume_from_checkpoint=output/iem_stage2_crds/Qwen2-0.5B-AmazonMix6-CSFT/checkpoint-100,
run_name=outputs/crds_step500_failure/AmazonMix-6/no_cooccurrence_negatives,
save_on_each_node=False,
save_only_model=False,
save_safetensors=True,
save_steps=100,
save_strategy=IntervalStrategy.STEPS,
save_total_limit=None,
seed=42,
skip_memory_metrics=True,
split_batches=None,
tf32=None,
torch_compile=False,
torch_compile_backend=None,
torch_compile_mode=None,
torch_empty_cache_steps=None,
torchdynamo=None,
tpu_metrics_debug=False,
tpu_num_cores=None,
use_cpu=False,
use_ipex=False,
use_legacy_prediction_loop=False,
use_mps_device=False,
warmup_ratio=0.0,
warmup_steps=300,
weight_decay=0.0,
)
{'loss': 0.0337, 'grad_norm': 0.09228515625, 'learning_rate': 6.733333333333333e-05, 'loss_simcse': 0.02880859375, 'loss_crds': 0.0970681682229042, 'loss_total': 0.03366200253367424, 'avg_crds_neg_weight': 0.1979002207517624, 'avg_crds_reliability': 0.4195544123649597, 'avg_crds_semantic_similarity': 0.5059298872947693, 'avg_crds_cf_distance': 0.0, 'num_valid_crds_neg': 347.0, 'epoch': 0.24}
{'loss': 0.0343, 'grad_norm': 0.486328125, 'learning_rate': 6.800000000000001e-05, 'loss_simcse': 0.029541015625, 'loss_crds': 0.09449804574251175, 'loss_total': 0.0342659167945385, 'avg_crds_neg_weight': 0.2047465592622757, 'avg_crds_reliability': 0.4294387400150299, 'avg_crds_semantic_similarity': 0.49127545952796936, 'avg_crds_cf_distance': 0.0, 'num_valid_crds_neg': 332.0, 'epoch': 0.24}
{'loss': 0.0369, 'grad_norm': 0.1103515625, 'learning_rate': 6.866666666666666e-05, 'loss_simcse': 0.032470703125, 'loss_crds': 0.08898788690567017, 'loss_total': 0.03692009672522545, 'avg_crds_neg_weight': 0.20006239414215088, 'avg_crds_reliability': 0.4274129569530487, 'avg_crds_semantic_similarity': 0.4873018264770508, 'avg_crds_cf_distance': 0.0, 'num_valid_crds_neg': 357.0, 'epoch': 0.24}
{'loss': 0.0313, 'grad_norm': 0.07666015625, 'learning_rate': 6.933333333333334e-05, 'loss_simcse': 0.02685546875, 'loss_crds': 0.08870498090982437, 'loss_total': 0.03129071742296219, 'avg_crds_neg_weight': 0.185972198843956, 'avg_crds_reliability': 0.4226304292678833, 'avg_crds_semantic_similarity': 0.4883427917957306, 'avg_crds_cf_distance': 0.0, 'num_valid_crds_neg': 350.0, 'epoch': 0.24}
{'loss': 0.0326, 'grad_norm': 0.10009765625, 'learning_rate': 7e-05, 'loss_simcse': 0.0286865234375, 'loss_crds': 0.07818949967622757, 'loss_total': 0.03259599953889847, 'avg_crds_neg_weight': 0.20604762434959412, 'avg_crds_reliability': 0.4266629219055176, 'avg_crds_semantic_similarity': 0.49293220043182373, 'avg_crds_cf_distance': 0.0, 'num_valid_crds_neg': 339.0, 'epoch': 0.25}
{'loss': 0.0323, 'grad_norm': 0.1005859375, 'learning_rate': 7.066666666666667e-05, 'loss_simcse': 0.028076171875, 'loss_crds': 0.08477143198251724, 'loss_total': 0.03231474384665489, 'avg_crds_neg_weight': 0.1975175440311432, 'avg_crds_reliability': 0.4152315855026245, 'avg_crds_semantic_similarity': 0.4981744587421417, 'avg_crds_cf_distance': 0.0, 'num_valid_crds_neg': 305.0, 'epoch': 0.25}
{'loss': 0.0356, 'grad_norm': 0.13671875, 'learning_rate': 7.133333333333334e-05, 'loss_simcse': 0.02978515625, 'loss_crds': 0.11532680690288544, 'loss_total': 0.03555149585008621, 'avg_crds_neg_weight': 0.20182590186595917, 'avg_crds_reliability': 0.429509699344635, 'avg_crds_semantic_similarity': 0.512745201587677, 'avg_crds_cf_distance': 0.0, 'num_valid_crds_neg': 290.0, 'epoch': 0.25}
{'loss': 0.0298, 'grad_norm': 0.08154296875, 'learning_rate': 7.2e-05, 'loss_simcse': 0.026611328125, 'loss_crds': 0.06409502029418945, 'loss_total': 0.029816079884767532, 'avg_crds_neg_weight': 0.19909927248954773, 'avg_crds_reliability': 0.42181986570358276, 'avg_crds_semantic_similarity': 0.4762607216835022, 'avg_crds_cf_distance': 0.0, 'num_valid_crds_neg': 316.0, 'epoch': 0.25}
{'loss': 0.0323, 'grad_norm': 0.11669921875, 'learning_rate': 7.266666666666667e-05, 'loss_simcse': 0.0279541015625, 'loss_crds': 0.0876421332359314, 'loss_total': 0.03233620896935463, 'avg_crds_neg_weight': 0.19539625942707062, 'avg_crds_reliability': 0.42396894097328186, 'avg_crds_semantic_similarity': 0.49445223808288574, 'avg_crds_cf_distance': 0.0, 'num_valid_crds_neg': 275.0, 'epoch': 0.26}
{'loss': 0.0365, 'grad_norm': 0.109375, 'learning_rate': 7.333333333333333e-05, 'loss_simcse': 0.031982421875, 'loss_crds': 0.09126970916986465, 'loss_total': 0.03654590621590614, 'avg_crds_neg_weight': 0.20807595551013947, 'avg_crds_reliability': 0.4466637670993805, 'avg_crds_semantic_similarity': 0.489581823348999, 'avg_crds_cf_distance': 0.0, 'num_valid_crds_neg': 268.0, 'epoch': 0.26}
{'loss': 0.0317, 'grad_norm': 0.08935546875, 'learning_rate': 7.4e-05, 'loss_simcse': 0.027099609375, 'loss_crds': 0.0919485092163086, 'loss_total': 0.03169703483581543, 'avg_crds_neg_weight': 0.20378413796424866, 'avg_crds_reliability': 0.43999624252319336, 'avg_crds_semantic_similarity': 0.505035400390625, 'avg_crds_cf_distance': 0.0, 'num_valid_crds_neg': 322.0, 'epoch': 0.26}
{'loss': 0.0374, 'grad_norm': 0.1201171875, 'learning_rate': 7.466666666666667e-05, 'loss_simcse': 0.032958984375, 'loss_crds': 0.08825212717056274, 'loss_total': 0.03737159073352814, 'avg_crds_neg_weight': 0.20561717450618744, 'avg_crds_reliability': 0.4369143545627594, 'avg_crds_semantic_similarity': 0.49961256980895996, 'avg_crds_cf_distance': 0.0, 'num_valid_crds_neg': 321.0, 'epoch': 0.26}
{'loss': 0.0362, 'grad_norm': 0.0888671875, 'learning_rate': 7.533333333333334e-05, 'loss_simcse': 0.03173828125, 'loss_crds': 0.09010112285614014, 'loss_total': 0.036243338137865067, 'avg_crds_neg_weight': 0.18556135892868042, 'avg_crds_reliability': 0.40427520871162415, 'avg_crds_semantic_similarity': 0.5097728371620178, 'avg_crds_cf_distance': 0.0, 'num_valid_crds_neg': 318.0, 'epoch': 0.27}
{'loss': 0.0314, 'grad_norm': 0.08056640625, 'learning_rate': 7.6e-05, 'loss_simcse': 0.0267333984375, 'loss_crds': 0.09412761777639389, 'loss_total': 0.031439781188964844, 'avg_crds_neg_weight': 0.20360884070396423, 'avg_crds_reliability': 0.43500691652297974, 'avg_crds_semantic_similarity': 0.48756107687950134, 'avg_crds_cf_distance': 0.0, 'num_valid_crds_neg': 378.0, 'epoch': 0.27}
{'loss': 0.0312, 'grad_norm': 0.12109375, 'learning_rate': 7.666666666666667e-05, 'loss_simcse': 0.02685546875, 'loss_crds': 0.08754462003707886, 'loss_total': 0.031232699751853943, 'avg_crds_neg_weight': 0.19078725576400757, 'avg_crds_reliability': 0.4169434607028961, 'avg_crds_semantic_similarity': 0.4934980571269989, 'avg_crds_cf_distance': 0.0, 'num_valid_crds_neg': 320.0, 'epoch': 0.27}
{'loss': 0.0312, 'grad_norm': 0.09375, 'learning_rate': 7.733333333333333e-05, 'loss_simcse': 0.027099609375, 'loss_crds': 0.08294802904129028, 'loss_total': 0.031247010454535484, 'avg_crds_neg_weight': 0.2005033791065216, 'avg_crds_reliability': 0.41463780403137207, 'avg_crds_semantic_similarity': 0.48858681321144104, 'avg_crds_cf_distance': 0.0, 'num_valid_crds_neg': 311.0, 'epoch': 0.27}
{'loss': 0.0313, 'grad_norm': 0.09228515625, 'learning_rate': 7.800000000000001e-05, 'loss_simcse': 0.02734375, 'loss_crds': 0.07837287336587906, 'loss_total': 0.03126239404082298, 'avg_crds_neg_weight': 0.2151273488998413, 'avg_crds_reliability': 0.444372296333313, 'avg_crds_semantic_similarity': 0.4999852180480957, 'avg_crds_cf_distance': 0.0, 'num_valid_crds_neg': 303.0, 'epoch': 0.28}
{'loss': 0.0297, 'grad_norm': 0.08935546875, 'learning_rate': 7.866666666666666e-05, 'loss_simcse': 0.02587890625, 'loss_crds': 0.07727403193712234, 'loss_total': 0.029742607846856117, 'avg_crds_neg_weight': 0.19906362891197205, 'avg_crds_reliability': 0.42556172609329224, 'avg_crds_semantic_similarity': 0.48816001415252686, 'avg_crds_cf_distance': 0.0, 'num_valid_crds_neg': 298.0, 'epoch': 0.28}
{'loss': 0.031, 'grad_norm': 0.10205078125, 'learning_rate': 7.933333333333334e-05, 'loss_simcse': 0.027587890625, 'loss_crds': 0.06835171580314636, 'loss_total': 0.03100547567009926, 'avg_crds_neg_weight': 0.19630546867847443, 'avg_crds_reliability': 0.4274947941303253, 'avg_crds_semantic_similarity': 0.47772613167762756, 'avg_crds_cf_distance': 0.0, 'num_valid_crds_neg': 323.0, 'epoch': 0.28}
{'loss': 0.0295, 'grad_norm': 0.08935546875, 'learning_rate': 8e-05, 'loss_simcse': 0.0255126953125, 'loss_crds': 0.07916294783353806, 'loss_total': 0.029470842331647873, 'avg_crds_neg_weight': 0.2110888957977295, 'avg_crds_reliability': 0.44614705443382263, 'avg_crds_semantic_similarity': 0.49959489703178406, 'avg_crds_cf_distance': 0.0, 'num_valid_crds_neg': 294.0, 'epoch': 0.28}
{'loss': 0.0318, 'grad_norm': 0.1396484375, 'learning_rate': 8.066666666666667e-05, 'loss_simcse': 0.02783203125, 'loss_crds': 0.07954899966716766, 'loss_total': 0.0318094827234745, 'avg_crds_neg_weight': 0.19875125586986542, 'avg_crds_reliability': 0.41559046506881714, 'avg_crds_semantic_similarity': 0.5026132464408875, 'avg_crds_cf_distance': 0.0, 'num_valid_crds_neg': 318.0, 'epoch': 0.28}
{'loss': 0.0341, 'grad_norm': 0.10498046875, 'learning_rate': 8.133333333333334e-05, 'loss_simcse': 0.0303955078125, 'loss_crds': 0.07423746585845947, 'loss_total': 0.034107379615306854, 'avg_crds_neg_weight': 0.19417960941791534, 'avg_crds_reliability': 0.4220176637172699, 'avg_crds_semantic_similarity': 0.48331522941589355, 'avg_crds_cf_distance': 0.0, 'num_valid_crds_neg': 363.0, 'epoch': 0.29}
{'loss': 0.0301, 'grad_norm': 0.09033203125, 'learning_rate': 8.2e-05, 'loss_simcse': 0.025634765625, 'loss_crds': 0.09007856249809265, 'loss_total': 0.030138693749904633, 'avg_crds_neg_weight': 0.20566624402999878, 'avg_crds_reliability': 0.43172186613082886, 'avg_crds_semantic_similarity': 0.49895116686820984, 'avg_crds_cf_distance': 0.0, 'num_valid_crds_neg': 299.0, 'epoch': 0.29}
{'loss': 0.031, 'grad_norm': 0.10546875, 'learning_rate': 8.266666666666667e-05, 'loss_simcse': 0.0262451171875, 'loss_crds': 0.09546085447072983, 'loss_total': 0.03101816028356552, 'avg_crds_neg_weight': 0.20643073320388794, 'avg_crds_reliability': 0.4319162666797638, 'avg_crds_semantic_similarity': 0.5019804835319519, 'avg_crds_cf_distance': 0.0, 'num_valid_crds_neg': 367.0, 'epoch': 0.29}
{'loss': 0.0413, 'grad_norm': 2.53125, 'learning_rate': 8.333333333333334e-05, 'loss_simcse': 0.036865234375, 'loss_crds': 0.08828932791948318, 'loss_total': 0.04127969965338707, 'avg_crds_neg_weight': 0.19650109112262726, 'avg_crds_reliability': 0.4090728461742401, 'avg_crds_semantic_similarity': 0.5033339262008667, 'avg_crds_cf_distance': 0.0, 'num_valid_crds_neg': 333.0, 'epoch': 0.29}
{'loss': 0.0307, 'grad_norm': 0.09765625, 'learning_rate': 8.4e-05, 'loss_simcse': 0.0260009765625, 'loss_crds': 0.09458871185779572, 'loss_total': 0.030730411410331726, 'avg_crds_neg_weight': 0.20225074887275696, 'avg_crds_reliability': 0.4228484332561493, 'avg_crds_semantic_similarity': 0.4990239441394806, 'avg_crds_cf_distance': 0.0, 'num_valid_crds_neg': 312.0, 'epoch': 0.3}
{'loss': 0.0295, 'grad_norm': 0.0947265625, 'learning_rate': 8.466666666666667e-05, 'loss_simcse': 0.025390625, 'loss_crds': 0.08285042643547058, 'loss_total': 0.0295331459492445, 'avg_crds_neg_weight': 0.2023603320121765, 'avg_crds_reliability': 0.4331883490085602, 'avg_crds_semantic_similarity': 0.4872303903102875, 'avg_crds_cf_distance': 0.0, 'num_valid_crds_neg': 328.0, 'epoch': 0.3}
{'loss': 0.0319, 'grad_norm': 0.158203125, 'learning_rate': 8.533333333333334e-05, 'loss_simcse': 0.0264892578125, 'loss_crds': 0.10736384242773056, 'loss_total': 0.0318574495613575, 'avg_crds_neg_weight': 0.20848721265792847, 'avg_crds_reliability': 0.43290063738822937, 'avg_crds_semantic_similarity': 0.5165944695472717, 'avg_crds_cf_distance': 0.0, 'num_valid_crds_neg': 354.0, 'epoch': 0.3}
{'loss': 0.0294, 'grad_norm': 0.1005859375, 'learning_rate': 8.6e-05, 'loss_simcse': 0.025390625, 'loss_crds': 0.08019475638866425, 'loss_total': 0.029400363564491272, 'avg_crds_neg_weight': 0.2047322392463684, 'avg_crds_reliability': 0.41886845231056213, 'avg_crds_semantic_similarity': 0.4986366629600525, 'avg_crds_cf_distance': 0.0, 'num_valid_crds_neg': 368.0, 'epoch': 0.3}
{'loss': 0.0301, 'grad_norm': 0.11572265625, 'learning_rate': 8.666666666666667e-05, 'loss_simcse': 0.0260009765625, 'loss_crds': 0.08130799978971481, 'loss_total': 0.03006637655198574, 'avg_crds_neg_weight': 0.1975845843553543, 'avg_crds_reliability': 0.4293220043182373, 'avg_crds_semantic_similarity': 0.5096986889839172, 'avg_crds_cf_distance': 0.0, 'num_valid_crds_neg': 289.0, 'epoch': 0.31}
{'loss': 0.0294, 'grad_norm': 0.0986328125, 'learning_rate': 8.733333333333333e-05, 'loss_simcse': 0.02587890625, 'loss_crds': 0.07019922137260437, 'loss_total': 0.02938886731863022, 'avg_crds_neg_weight': 0.20215658843517303, 'avg_crds_reliability': 0.4169921875, 'avg_crds_semantic_similarity': 0.48872318863868713, 'avg_crds_cf_distance': 0.0, 'num_valid_crds_neg': 359.0, 'epoch': 0.31}
{'loss': 0.0296, 'grad_norm': 0.09521484375, 'learning_rate': 8.800000000000001e-05, 'loss_simcse': 0.0255126953125, 'loss_crds': 0.08087559789419174, 'loss_total': 0.029556475579738617, 'avg_crds_neg_weight': 0.20156988501548767, 'avg_crds_reliability': 0.4209783971309662, 'avg_crds_semantic_similarity': 0.5008847713470459, 'avg_crds_cf_distance': 0.0, 'num_valid_crds_neg': 294.0, 'epoch': 0.31}
{'loss': 0.0301, 'grad_norm': 0.1083984375, 'learning_rate': 8.866666666666668e-05, 'loss_simcse': 0.0260009765625, 'loss_crds': 0.08246782422065735, 'loss_total': 0.030124368146061897, 'avg_crds_neg_weight': 0.20798592269420624, 'avg_crds_reliability': 0.43780335783958435, 'avg_crds_semantic_similarity': 0.49347344040870667, 'avg_crds_cf_distance': 0.0, 'num_valid_crds_neg': 355.0, 'epoch': 0.31}
{'loss': 0.0289, 'grad_norm': 0.10107421875, 'learning_rate': 8.933333333333334e-05, 'loss_simcse': 0.02490234375, 'loss_crds': 0.08024445921182632, 'loss_total': 0.028914567083120346, 'avg_crds_neg_weight': 0.21401312947273254, 'avg_crds_reliability': 0.43971413373947144, 'avg_crds_semantic_similarity': 0.5047383904457092, 'avg_crds_cf_distance': 0.0, 'num_valid_crds_neg': 360.0, 'epoch': 0.32}
{'loss': 0.0303, 'grad_norm': 0.6953125, 'learning_rate': 9e-05, 'loss_simcse': 0.0263671875, 'loss_crds': 0.07836558669805527, 'loss_total': 0.030285466462373734, 'avg_crds_neg_weight': 0.216101735830307, 'avg_crds_reliability': 0.4472503662109375, 'avg_crds_semantic_similarity': 0.4906166195869446, 'avg_crds_cf_distance': 0.0, 'num_valid_crds_neg': 372.0, 'epoch': 0.32}
{'loss': 0.0296, 'grad_norm': 0.095703125, 'learning_rate': 9.066666666666667e-05, 'loss_simcse': 0.0250244140625, 'loss_crds': 0.09228625148534775, 'loss_total': 0.029638726264238358, 'avg_crds_neg_weight': 0.20707546174526215, 'avg_crds_reliability': 0.4324387311935425, 'avg_crds_semantic_similarity': 0.4983832538127899, 'avg_crds_cf_distance': 0.0, 'num_valid_crds_neg': 349.0, 'epoch': 0.32}
{'loss': 0.0284, 'grad_norm': 0.0947265625, 'learning_rate': 9.133333333333334e-05, 'loss_simcse': 0.0247802734375, 'loss_crds': 0.07261338084936142, 'loss_total': 0.02841094322502613, 'avg_crds_neg_weight': 0.19567444920539856, 'avg_crds_reliability': 0.4201154410839081, 'avg_crds_semantic_similarity': 0.4947268068790436, 'avg_crds_cf_distance': 0.0, 'num_valid_crds_neg': 351.0, 'epoch': 0.32}
{'loss': 0.0292, 'grad_norm': 0.0849609375, 'learning_rate': 9.200000000000001e-05, 'loss_simcse': 0.02490234375, 'loss_crds': 0.08654441684484482, 'loss_total': 0.02922956459224224, 'avg_crds_neg_weight': 0.20313455164432526, 'avg_crds_reliability': 0.43613800406455994, 'avg_crds_semantic_similarity': 0.49625179171562195, 'avg_crds_cf_distance': 0.0, 'num_valid_crds_neg': 308.0, 'epoch': 0.32}
{'loss': 0.0343, 'grad_norm': 1.2890625, 'learning_rate': 9.266666666666666e-05, 'loss_simcse': 0.030517578125, 'loss_crds': 0.07639320939779282, 'loss_total': 0.03433723747730255, 'avg_crds_neg_weight': 0.19167818129062653, 'avg_crds_reliability': 0.41285330057144165, 'avg_crds_semantic_similarity': 0.48046639561653137, 'avg_crds_cf_distance': 0.0, 'num_valid_crds_neg': 326.0, 'epoch': 0.33}
{'loss': 0.03, 'grad_norm': 0.126953125, 'learning_rate': 9.333333333333334e-05, 'loss_simcse': 0.025634765625, 'loss_crds': 0.08724217861890793, 'loss_total': 0.029996875673532486, 'avg_crds_neg_weight': 0.21664567291736603, 'avg_crds_reliability': 0.44390133023262024, 'avg_crds_semantic_similarity': 0.507949948310852, 'avg_crds_cf_distance': 0.0, 'num_valid_crds_neg': 272.0, 'epoch': 0.33}
{'loss': 0.0295, 'grad_norm': 0.0888671875, 'learning_rate': 9.4e-05, 'loss_simcse': 0.0252685546875, 'loss_crds': 0.08489979058504105, 'loss_total': 0.029513545334339142, 'avg_crds_neg_weight': 0.2095358818769455, 'avg_crds_reliability': 0.43473315238952637, 'avg_crds_semantic_similarity': 0.49910300970077515, 'avg_crds_cf_distance': 0.0, 'num_valid_crds_neg': 304.0, 'epoch': 0.33}
{'loss': 0.0288, 'grad_norm': 0.09716796875, 'learning_rate': 9.466666666666667e-05, 'loss_simcse': 0.0255126953125, 'loss_crds': 0.0650196447968483, 'loss_total': 0.028763677924871445, 'avg_crds_neg_weight': 0.1931120604276657, 'avg_crds_reliability': 0.41214755177497864, 'avg_crds_semantic_similarity': 0.4879190921783447, 'avg_crds_cf_distance': 0.0, 'num_valid_crds_neg': 326.0, 'epoch': 0.33}
{'loss': 0.0355, 'grad_norm': 0.10302734375, 'learning_rate': 9.533333333333334e-05, 'loss_simcse': 0.0306396484375, 'loss_crds': 0.09712816029787064, 'loss_total': 0.0354960560798645, 'avg_crds_neg_weight': 0.2184862345457077, 'avg_crds_reliability': 0.4428175389766693, 'avg_crds_semantic_similarity': 0.5041207075119019, 'avg_crds_cf_distance': 0.0, 'num_valid_crds_neg': 302.0, 'epoch': 0.34}
{'loss': 0.0285, 'grad_norm': 0.10986328125, 'learning_rate': 9.6e-05, 'loss_simcse': 0.02490234375, 'loss_crds': 0.07292404025793076, 'loss_total': 0.028548546135425568, 'avg_crds_neg_weight': 0.19744040071964264, 'avg_crds_reliability': 0.4163862466812134, 'avg_crds_semantic_similarity': 0.48843488097190857, 'avg_crds_cf_distance': 0.0, 'num_valid_crds_neg': 359.0, 'epoch': 0.34}
{'loss': 0.0294, 'grad_norm': 0.103515625, 'learning_rate': 9.666666666666667e-05, 'loss_simcse': 0.0257568359375, 'loss_crds': 0.07186757028102875, 'loss_total': 0.029350213706493378, 'avg_crds_neg_weight': 0.1935451328754425, 'avg_crds_reliability': 0.39970070123672485, 'avg_crds_semantic_similarity': 0.4965513050556183, 'avg_crds_cf_distance': 0.0, 'num_valid_crds_neg': 299.0, 'epoch': 0.34}
{'loss': 0.0305, 'grad_norm': 0.1484375, 'learning_rate': 9.733333333333335e-05, 'loss_simcse': 0.02587890625, 'loss_crds': 0.0927516296505928, 'loss_total': 0.0305164884775877, 'avg_crds_neg_weight': 0.20745563507080078, 'avg_crds_reliability': 0.4362656772136688, 'avg_crds_semantic_similarity': 0.5106629729270935, 'avg_crds_cf_distance': 0.0, 'num_valid_crds_neg': 298.0, 'epoch': 0.34}
{'loss': 0.0319, 'grad_norm': 0.1103515625, 'learning_rate': 9.8e-05, 'loss_simcse': 0.0277099609375, 'loss_crds': 0.083428293466568, 'loss_total': 0.03188137710094452, 'avg_crds_neg_weight': 0.20708011090755463, 'avg_crds_reliability': 0.4214717447757721, 'avg_crds_semantic_similarity': 0.5015663504600525, 'avg_crds_cf_distance': 0.0, 'num_valid_crds_neg': 292.0, 'epoch': 0.35}
{'loss': 0.0312, 'grad_norm': 0.09375, 'learning_rate': 9.866666666666668e-05, 'loss_simcse': 0.0277099609375, 'loss_crds': 0.07073908299207687, 'loss_total': 0.031246915459632874, 'avg_crds_neg_weight': 0.1979704350233078, 'avg_crds_reliability': 0.4202801585197449, 'avg_crds_semantic_similarity': 0.4977469742298126, 'avg_crds_cf_distance': 0.0, 'num_valid_crds_neg': 327.0, 'epoch': 0.35}
{'loss': 0.0271, 'grad_norm': 0.0986328125, 'learning_rate': 9.933333333333334e-05, 'loss_simcse': 0.023681640625, 'loss_crds': 0.0687040388584137, 'loss_total': 0.027116842567920685, 'avg_crds_neg_weight': 0.20550905168056488, 'avg_crds_reliability': 0.4153769612312317, 'avg_crds_semantic_similarity': 0.4913770854473114, 'avg_crds_cf_distance': 0.0, 'num_valid_crds_neg': 290.0, 'epoch': 0.35}
{'loss': 0.03, 'grad_norm': 0.4375, 'learning_rate': 0.0001, 'loss_simcse': 0.0257568359375, 'loss_crds': 0.08475802838802338, 'loss_total': 0.02999473735690117, 'avg_crds_neg_weight': 0.21053248643875122, 'avg_crds_reliability': 0.439022958278656, 'avg_crds_semantic_similarity': 0.4820844531059265, 'avg_crds_cf_distance': 0.0, 'num_valid_crds_neg': 366.0, 'epoch': 0.35}
{'loss': 0.0288, 'grad_norm': 0.1474609375, 'learning_rate': 0.00010066666666666667, 'loss_simcse': 0.0242919921875, 'loss_crds': 0.0906391590833664, 'loss_total': 0.02882394939661026, 'avg_crds_neg_weight': 0.20291422307491302, 'avg_crds_reliability': 0.4299941956996918, 'avg_crds_semantic_similarity': 0.5206166505813599, 'avg_crds_cf_distance': 0.0, 'num_valid_crds_neg': 335.0, 'epoch': 0.36}
{'loss': 0.0308, 'grad_norm': 0.1650390625, 'learning_rate': 0.00010133333333333335, 'loss_simcse': 0.0274658203125, 'loss_crds': 0.06712720543146133, 'loss_total': 0.030822180211544037, 'avg_crds_neg_weight': 0.2063145637512207, 'avg_crds_reliability': 0.42846351861953735, 'avg_crds_semantic_similarity': 0.4939425587654114, 'avg_crds_cf_distance': 0.0, 'num_valid_crds_neg': 350.0, 'epoch': 0.36}
{'loss': 0.0292, 'grad_norm': 0.130859375, 'learning_rate': 0.00010200000000000001, 'loss_simcse': 0.0255126953125, 'loss_crds': 0.07381704449653625, 'loss_total': 0.029203547164797783, 'avg_crds_neg_weight': 0.19666165113449097, 'avg_crds_reliability': 0.42691686749458313, 'avg_crds_semantic_similarity': 0.4863895773887634, 'avg_crds_cf_distance': 0.0, 'num_valid_crds_neg': 299.0, 'epoch': 0.36}
{'loss': 0.0271, 'grad_norm': 0.10107421875, 'learning_rate': 0.00010266666666666666, 'loss_simcse': 0.02392578125, 'loss_crds': 0.06280574202537537, 'loss_total': 0.027066068723797798, 'avg_crds_neg_weight': 0.2006753534078598, 'avg_crds_reliability': 0.4311985969543457, 'avg_crds_semantic_similarity': 0.48175346851348877, 'avg_crds_cf_distance': 0.0, 'num_valid_crds_neg': 307.0, 'epoch': 0.36}
{'loss': 0.0267, 'grad_norm': 0.1044921875, 'learning_rate': 0.00010333333333333334, 'loss_simcse': 0.0234375, 'loss_crds': 0.06545935571193695, 'loss_total': 0.026710467413067818, 'avg_crds_neg_weight': 0.21794068813323975, 'avg_crds_reliability': 0.44066697359085083, 'avg_crds_semantic_similarity': 0.48289406299591064, 'avg_crds_cf_distance': 0.0, 'num_valid_crds_neg': 364.0, 'epoch': 0.36}
{'loss': 0.0271, 'grad_norm': 0.10498046875, 'learning_rate': 0.00010400000000000001, 'loss_simcse': 0.02392578125, 'loss_crds': 0.06426244229078293, 'loss_total': 0.027138903737068176, 'avg_crds_neg_weight': 0.19153951108455658, 'avg_crds_reliability': 0.4168281555175781, 'avg_crds_semantic_similarity': 0.49340394139289856, 'avg_crds_cf_distance': 0.0, 'num_valid_crds_neg': 272.0, 'epoch': 0.37}
{'loss': 0.028, 'grad_norm': 1.390625, 'learning_rate': 0.00010466666666666667, 'loss_simcse': 0.0250244140625, 'loss_crds': 0.06047259643673897, 'loss_total': 0.028048044070601463, 'avg_crds_neg_weight': 0.19439822435379028, 'avg_crds_reliability': 0.424910306930542, 'avg_crds_semantic_similarity': 0.4806751310825348, 'avg_crds_cf_distance': 0.0, 'num_valid_crds_neg': 345.0, 'epoch': 0.37}
{'loss': 0.0303, 'grad_norm': 0.107421875, 'learning_rate': 0.00010533333333333332, 'loss_simcse': 0.0272216796875, 'loss_crds': 0.06161629408597946, 'loss_total': 0.030302494764328003, 'avg_crds_neg_weight': 0.18685099482536316, 'avg_crds_reliability': 0.4245466887950897, 'avg_crds_semantic_similarity': 0.4814148545265198, 'avg_crds_cf_distance': 0.0, 'num_valid_crds_neg': 315.0, 'epoch': 0.37}
{'loss': 0.0297, 'grad_norm': 0.10400390625, 'learning_rate': 0.00010600000000000002, 'loss_simcse': 0.0260009765625, 'loss_crds': 0.07354909181594849, 'loss_total': 0.029678430408239365, 'avg_crds_neg_weight': 0.19404096901416779, 'avg_crds_reliability': 0.41442641615867615, 'avg_crds_semantic_similarity': 0.4967757761478424, 'avg_crds_cf_distance': 0.0, 'num_valid_crds_neg': 295.0, 'epoch': 0.37}
{'loss': 0.0269, 'grad_norm': 0.1083984375, 'learning_rate': 0.00010666666666666667, 'loss_simcse': 0.023681640625, 'loss_crds': 0.06492195278406143, 'loss_total': 0.026927737519145012, 'avg_crds_neg_weight': 0.20696045458316803, 'avg_crds_reliability': 0.42262354493141174, 'avg_crds_semantic_similarity': 0.4952930212020874, 'avg_crds_cf_distance': 0.0, 'num_valid_crds_neg': 369.0, 'epoch': 0.38}
{'loss': 0.0267, 'grad_norm': 0.10107421875, 'learning_rate': 0.00010733333333333333, 'loss_simcse': 0.023681640625, 'loss_crds': 0.06127025559544563, 'loss_total': 0.026745153591036797, 'avg_crds_neg_weight': 0.20681458711624146, 'avg_crds_reliability': 0.4348269999027252, 'avg_crds_semantic_similarity': 0.48671552538871765, 'avg_crds_cf_distance': 0.0, 'num_valid_crds_neg': 296.0, 'epoch': 0.38}
{'loss': 0.027, 'grad_norm': 0.08837890625, 'learning_rate': 0.00010800000000000001, 'loss_simcse': 0.0235595703125, 'loss_crds': 0.06805548816919327, 'loss_total': 0.026962345466017723, 'avg_crds_neg_weight': 0.1943911463022232, 'avg_crds_reliability': 0.41768091917037964, 'avg_crds_semantic_similarity': 0.48614251613616943, 'avg_crds_cf_distance': 0.0, 'num_valid_crds_neg': 336.0, 'epoch': 0.38}
{'loss': 0.0263, 'grad_norm': 0.08642578125, 'learning_rate': 0.00010866666666666667, 'loss_simcse': 0.0224609375, 'loss_crds': 0.07660410553216934, 'loss_total': 0.026291143149137497, 'avg_crds_neg_weight': 0.20708006620407104, 'avg_crds_reliability': 0.4376148581504822, 'avg_crds_semantic_similarity': 0.5060207843780518, 'avg_crds_cf_distance': 0.0, 'num_valid_crds_neg': 301.0, 'epoch': 0.38}
{'loss': 0.0267, 'grad_norm': 0.09716796875, 'learning_rate': 0.00010933333333333333, 'loss_simcse': 0.0234375, 'loss_crds': 0.06546677649021149, 'loss_total': 0.026710838079452515, 'avg_crds_neg_weight': 0.19530239701271057, 'avg_crds_reliability': 0.4392622411251068, 'avg_crds_semantic_similarity': 0.4816855490207672, 'avg_crds_cf_distance': 0.0, 'num_valid_crds_neg': 265.0, 'epoch': 0.39}
{'loss': 0.0263, 'grad_norm': 0.1005859375, 'learning_rate': 0.00011000000000000002, 'loss_simcse': 0.0230712890625, 'loss_crds': 0.0637798085808754, 'loss_total': 0.02626027911901474, 'avg_crds_neg_weight': 0.19749413430690765, 'avg_crds_reliability': 0.4268415868282318, 'avg_crds_semantic_similarity': 0.47841259837150574, 'avg_crds_cf_distance': 0.0, 'num_valid_crds_neg': 301.0, 'epoch': 0.39}
{'loss': 0.0267, 'grad_norm': 0.10498046875, 'learning_rate': 0.00011066666666666667, 'loss_simcse': 0.0234375, 'loss_crds': 0.0643049106001854, 'loss_total': 0.0266527459025383, 'avg_crds_neg_weight': 0.195209339261055, 'avg_crds_reliability': 0.42732006311416626, 'avg_crds_semantic_similarity': 0.499817430973053, 'avg_crds_cf_distance': 0.0, 'num_valid_crds_neg': 332.0, 'epoch': 0.39}
{'loss': 0.0314, 'grad_norm': 0.12109375, 'learning_rate': 0.00011133333333333333, 'loss_simcse': 0.0277099609375, 'loss_crds': 0.07341551035642624, 'loss_total': 0.03138073533773422, 'avg_crds_neg_weight': 0.2096051573753357, 'avg_crds_reliability': 0.4471975266933441, 'avg_crds_semantic_similarity': 0.5021296143531799, 'avg_crds_cf_distance': 0.0, 'num_valid_crds_neg': 298.0, 'epoch': 0.39}
{'loss': 0.0269, 'grad_norm': 0.0986328125, 'learning_rate': 0.00011200000000000001, 'loss_simcse': 0.0228271484375, 'loss_crds': 0.08064063638448715, 'loss_total': 0.026859181001782417, 'avg_crds_neg_weight': 0.20640400052070618, 'avg_crds_reliability': 0.4246812164783478, 'avg_crds_semantic_similarity': 0.5224248170852661, 'avg_crds_cf_distance': 0.0, 'num_valid_crds_neg': 390.0, 'epoch': 0.4}
{'loss': 0.0268, 'grad_norm': 0.10791015625, 'learning_rate': 0.00011266666666666668, 'loss_simcse': 0.0235595703125, 'loss_crds': 0.06468736380338669, 'loss_total': 0.026793938130140305, 'avg_crds_neg_weight': 0.207797572016716, 'avg_crds_reliability': 0.423954576253891, 'avg_crds_semantic_similarity': 0.503073513507843, 'avg_crds_cf_distance': 0.0, 'num_valid_crds_neg': 393.0, 'epoch': 0.4}
{'loss': 0.0257, 'grad_norm': 0.33203125, 'learning_rate': 0.00011333333333333334, 'loss_simcse': 0.0225830078125, 'loss_crds': 0.062093257904052734, 'loss_total': 0.025687670335173607, 'avg_crds_neg_weight': 0.19432120025157928, 'avg_crds_reliability': 0.4258137345314026, 'avg_crds_semantic_similarity': 0.48191145062446594, 'avg_crds_cf_distance': 0.0, 'num_valid_crds_neg': 324.0, 'epoch': 0.4}
{'loss': 0.0262, 'grad_norm': 0.091796875, 'learning_rate': 0.00011399999999999999, 'loss_simcse': 0.0224609375, 'loss_crds': 0.07420438528060913, 'loss_total': 0.026171157136559486, 'avg_crds_neg_weight': 0.19936427474021912, 'avg_crds_reliability': 0.41734984517097473, 'avg_crds_semantic_similarity': 0.5025327801704407, 'avg_crds_cf_distance': 0.0, 'num_valid_crds_neg': 298.0, 'epoch': 0.4}
{'loss': 0.0274, 'grad_norm': 0.197265625, 'learning_rate': 0.00011466666666666667, 'loss_simcse': 0.0240478515625, 'loss_crds': 0.06661909073591232, 'loss_total': 0.027378806844353676, 'avg_crds_neg_weight': 0.1886042207479477, 'avg_crds_reliability': 0.4080428183078766, 'avg_crds_semantic_similarity': 0.49541181325912476, 'avg_crds_cf_distance': 0.0, 'num_valid_crds_neg': 295.0, 'epoch': 0.4}
{'loss': 0.0254, 'grad_norm': 0.08837890625, 'learning_rate': 0.00011533333333333334, 'loss_simcse': 0.022216796875, 'loss_crds': 0.06352654099464417, 'loss_total': 0.025393124669790268, 'avg_crds_neg_weight': 0.1960873007774353, 'avg_crds_reliability': 0.4257596433162689, 'avg_crds_semantic_similarity': 0.47630345821380615, 'avg_crds_cf_distance': 0.0, 'num_valid_crds_neg': 336.0, 'epoch': 0.41}
{'loss': 0.0265, 'grad_norm': 0.09619140625, 'learning_rate': 0.000116, 'loss_simcse': 0.023193359375, 'loss_crds': 0.06647852063179016, 'loss_total': 0.026517285034060478, 'avg_crds_neg_weight': 0.20256604254245758, 'avg_crds_reliability': 0.4236268401145935, 'avg_crds_semantic_similarity': 0.4935978651046753, 'avg_crds_cf_distance': 0.0, 'num_valid_crds_neg': 346.0, 'epoch': 0.41}
{'loss': 0.0279, 'grad_norm': 0.11669921875, 'learning_rate': 0.00011666666666666668, 'loss_simcse': 0.024658203125, 'loss_crds': 0.06537406891584396, 'loss_total': 0.027926906943321228, 'avg_crds_neg_weight': 0.19488869607448578, 'avg_crds_reliability': 0.40908709168434143, 'avg_crds_semantic_similarity': 0.49819767475128174, 'avg_crds_cf_distance': 0.0, 'num_valid_crds_neg': 326.0, 'epoch': 0.41}
{'loss': 0.0259, 'grad_norm': 0.1015625, 'learning_rate': 0.00011733333333333334, 'loss_simcse': 0.023193359375, 'loss_crds': 0.054080381989479065, 'loss_total': 0.025897378101944923, 'avg_crds_neg_weight': 0.2093355357646942, 'avg_crds_reliability': 0.4390709698200226, 'avg_crds_semantic_similarity': 0.493936687707901, 'avg_crds_cf_distance': 0.0, 'num_valid_crds_neg': 331.0, 'epoch': 0.41}
{'loss': 0.0401, 'grad_norm': 0.35546875, 'learning_rate': 0.000118, 'loss_simcse': 0.035400390625, 'loss_crds': 0.09444766491651535, 'loss_total': 0.04012277349829674, 'avg_crds_neg_weight': 0.18857407569885254, 'avg_crds_reliability': 0.41049137711524963, 'avg_crds_semantic_similarity': 0.5094843506813049, 'avg_crds_cf_distance': 0.0, 'num_valid_crds_neg': 331.0, 'epoch': 0.42}
{'loss': 0.0372, 'grad_norm': 0.46484375, 'learning_rate': 0.00011866666666666669, 'loss_simcse': 0.03466796875, 'loss_crds': 0.051129408180713654, 'loss_total': 0.03722443804144859, 'avg_crds_neg_weight': 0.19847813248634338, 'avg_crds_reliability': 0.42783233523368835, 'avg_crds_semantic_similarity': 0.48167943954467773, 'avg_crds_cf_distance': 0.0, 'num_valid_crds_neg': 311.0, 'epoch': 0.42}
{'loss': 0.0277, 'grad_norm': 0.67578125, 'learning_rate': 0.00011933333333333334, 'loss_simcse': 0.0244140625, 'loss_crds': 0.06656673550605774, 'loss_total': 0.027742398902773857, 'avg_crds_neg_weight': 0.20094148814678192, 'avg_crds_reliability': 0.4205171465873718, 'avg_crds_semantic_similarity': 0.5045149326324463, 'avg_crds_cf_distance': 0.0, 'num_valid_crds_neg': 303.0, 'epoch': 0.42}
{'loss': 0.0284, 'grad_norm': 0.2451171875, 'learning_rate': 0.00012, 'loss_simcse': 0.0255126953125, 'loss_crds': 0.05758564546704292, 'loss_total': 0.02839197777211666, 'avg_crds_neg_weight': 0.19439001381397247, 'avg_crds_reliability': 0.423185259103775, 'avg_crds_semantic_similarity': 0.49727821350097656, 'avg_crds_cf_distance': 0.0, 'num_valid_crds_neg': 353.0, 'epoch': 0.42}
{'loss': 0.0269, 'grad_norm': 0.134765625, 'learning_rate': 0.00012066666666666668, 'loss_simcse': 0.023193359375, 'loss_crds': 0.07326563447713852, 'loss_total': 0.026856640353798866, 'avg_crds_neg_weight': 0.2100335955619812, 'avg_crds_reliability': 0.4318828880786896, 'avg_crds_semantic_similarity': 0.5003761649131775, 'avg_crds_cf_distance': 0.0, 'num_valid_crds_neg': 335.0, 'epoch': 0.43}
{'loss': 0.0268, 'grad_norm': 0.1044921875, 'learning_rate': 0.00012133333333333335, 'loss_simcse': 0.0225830078125, 'loss_crds': 0.08464684337377548, 'loss_total': 0.026815351098775864, 'avg_crds_neg_weight': 0.20449963212013245, 'avg_crds_reliability': 0.42889052629470825, 'avg_crds_semantic_similarity': 0.5072847604751587, 'avg_crds_cf_distance': 0.0, 'num_valid_crds_neg': 289.0, 'epoch': 0.43}
{'loss': 0.0262, 'grad_norm': 0.1259765625, 'learning_rate': 0.000122, 'loss_simcse': 0.023193359375, 'loss_crds': 0.05977792292833328, 'loss_total': 0.026182254776358604, 'avg_crds_neg_weight': 0.19875973463058472, 'avg_crds_reliability': 0.40847983956336975, 'avg_crds_semantic_similarity': 0.49279576539993286, 'avg_crds_cf_distance': 0.0, 'num_valid_crds_neg': 342.0, 'epoch': 0.43}
{'loss': 0.0263, 'grad_norm': 0.12451171875, 'learning_rate': 0.00012266666666666668, 'loss_simcse': 0.0235595703125, 'loss_crds': 0.0539407879114151, 'loss_total': 0.026256609708070755, 'avg_crds_neg_weight': 0.19949394464492798, 'avg_crds_reliability': 0.4081283509731293, 'avg_crds_semantic_similarity': 0.4919539988040924, 'avg_crds_cf_distance': 0.0, 'num_valid_crds_neg': 324.0, 'epoch': 0.43}
{'loss': 0.0272, 'grad_norm': 0.1220703125, 'learning_rate': 0.00012333333333333334, 'loss_simcse': 0.0242919921875, 'loss_crds': 0.05778238922357559, 'loss_total': 0.02718111127614975, 'avg_crds_neg_weight': 0.19786487519741058, 'avg_crds_reliability': 0.4362596571445465, 'avg_crds_semantic_similarity': 0.49404242634773254, 'avg_crds_cf_distance': 0.0, 'num_valid_crds_neg': 357.0, 'epoch': 0.44}
{'loss': 0.0276, 'grad_norm': 0.2197265625, 'learning_rate': 0.000124, 'loss_simcse': 0.02392578125, 'loss_crds': 0.07329507172107697, 'loss_total': 0.027590535581111908, 'avg_crds_neg_weight': 0.212071031332016, 'avg_crds_reliability': 0.4404981732368469, 'avg_crds_semantic_similarity': 0.5025002360343933, 'avg_crds_cf_distance': 0.0, 'num_valid_crds_neg': 358.0, 'epoch': 0.44}
{'loss': 0.0326, 'grad_norm': 0.11865234375, 'learning_rate': 0.00012466666666666667, 'loss_simcse': 0.029541015625, 'loss_crds': 0.06025371327996254, 'loss_total': 0.03255370259284973, 'avg_crds_neg_weight': 0.21270525455474854, 'avg_crds_reliability': 0.42666518688201904, 'avg_crds_semantic_similarity': 0.4923149049282074, 'avg_crds_cf_distance': 0.0, 'num_valid_crds_neg': 280.0, 'epoch': 0.44}
{'loss': 0.0354, 'grad_norm': 0.1318359375, 'learning_rate': 0.00012533333333333334, 'loss_simcse': 0.0322265625, 'loss_crds': 0.0633968859910965, 'loss_total': 0.035396408289670944, 'avg_crds_neg_weight': 0.20474112033843994, 'avg_crds_reliability': 0.4265621602535248, 'avg_crds_semantic_similarity': 0.49296388030052185, 'avg_crds_cf_distance': 0.0, 'num_valid_crds_neg': 297.0, 'epoch': 0.44}
{'loss': 0.0253, 'grad_norm': 0.1044921875, 'learning_rate': 0.000126, 'loss_simcse': 0.0223388671875, 'loss_crds': 0.05999699980020523, 'loss_total': 0.02533871680498123, 'avg_crds_neg_weight': 0.19851666688919067, 'avg_crds_reliability': 0.4244302809238434, 'avg_crds_semantic_similarity': 0.4948895275592804, 'avg_crds_cf_distance': 0.0, 'num_valid_crds_neg': 217.0, 'epoch': 0.44}
{'loss': 0.0245, 'grad_norm': 0.11181640625, 'learning_rate': 0.00012666666666666666, 'loss_simcse': 0.02197265625, 'loss_crds': 0.051014747470617294, 'loss_total': 0.02452339418232441, 'avg_crds_neg_weight': 0.19516706466674805, 'avg_crds_reliability': 0.4282050132751465, 'avg_crds_semantic_similarity': 0.4847250282764435, 'avg_crds_cf_distance': 0.0, 'num_valid_crds_neg': 314.0, 'epoch': 0.45}
{'loss': 0.0268, 'grad_norm': 0.134765625, 'learning_rate': 0.00012733333333333336, 'loss_simcse': 0.023193359375, 'loss_crds': 0.07127349078655243, 'loss_total': 0.02675703354179859, 'avg_crds_neg_weight': 0.202945277094841, 'avg_crds_reliability': 0.418451726436615, 'avg_crds_semantic_similarity': 0.5063438415527344, 'avg_crds_cf_distance': 0.0, 'num_valid_crds_neg': 289.0, 'epoch': 0.45}
{'loss': 0.0254, 'grad_norm': 0.119140625, 'learning_rate': 0.00012800000000000002, 'loss_simcse': 0.022216796875, 'loss_crds': 0.06398210674524307, 'loss_total': 0.025415902957320213, 'avg_crds_neg_weight': 0.20091784000396729, 'avg_crds_reliability': 0.43683770298957825, 'avg_crds_semantic_similarity': 0.48930132389068604, 'avg_crds_cf_distance': 0.0, 'num_valid_crds_neg': 332.0, 'epoch': 0.45}
{'loss': 0.0253, 'grad_norm': 0.11279296875, 'learning_rate': 0.00012866666666666666, 'loss_simcse': 0.0224609375, 'loss_crds': 0.05689168721437454, 'loss_total': 0.025305522605776787, 'avg_crds_neg_weight': 0.19900168478488922, 'avg_crds_reliability': 0.43165352940559387, 'avg_crds_semantic_similarity': 0.482586532831192, 'avg_crds_cf_distance': 0.0, 'num_valid_crds_neg': 321.0, 'epoch': 0.45}
{'loss': 0.0265, 'grad_norm': 0.109375, 'learning_rate': 0.00012933333333333332, 'loss_simcse': 0.0225830078125, 'loss_crds': 0.07885460555553436, 'loss_total': 0.02652573771774769, 'avg_crds_neg_weight': 0.20085802674293518, 'avg_crds_reliability': 0.4203018546104431, 'avg_crds_semantic_similarity': 0.5028178095817566, 'avg_crds_cf_distance': 0.0, 'num_valid_crds_neg': 306.0, 'epoch': 0.46}
{'loss': 0.0253, 'grad_norm': 0.11376953125, 'learning_rate': 0.00013000000000000002, 'loss_simcse': 0.0220947265625, 'loss_crds': 0.06448642909526825, 'loss_total': 0.025319047272205353, 'avg_crds_neg_weight': 0.2070804089307785, 'avg_crds_reliability': 0.4300852119922638, 'avg_crds_semantic_similarity': 0.48842743039131165, 'avg_crds_cf_distance': 0.0, 'num_valid_crds_neg': 316.0, 'epoch': 0.46}
{'loss': 0.0253, 'grad_norm': 0.109375, 'learning_rate': 0.00013066666666666668, 'loss_simcse': 0.0224609375, 'loss_crds': 0.056400809437036514, 'loss_total': 0.02528097853064537, 'avg_crds_neg_weight': 0.1979551464319229, 'avg_crds_reliability': 0.41788288950920105, 'avg_crds_semantic_similarity': 0.4848538935184479, 'avg_crds_cf_distance': 0.0, 'num_valid_crds_neg': 322.0, 'epoch': 0.46}
{'loss': 0.0259, 'grad_norm': 0.11279296875, 'learning_rate': 0.00013133333333333332, 'loss_simcse': 0.0228271484375, 'loss_crds': 0.062170639634132385, 'loss_total': 0.02593567967414856, 'avg_crds_neg_weight': 0.20086096227169037, 'avg_crds_reliability': 0.4107629954814911, 'avg_crds_semantic_similarity': 0.494676798582077, 'avg_crds_cf_distance': 0.0, 'num_valid_crds_neg': 330.0, 'epoch': 0.46}
{'loss': 0.0305, 'grad_norm': 0.08935546875, 'learning_rate': 0.000132, 'loss_simcse': 0.0272216796875, 'loss_crds': 0.06520920246839523, 'loss_total': 0.030482139438390732, 'avg_crds_neg_weight': 0.19546209275722504, 'avg_crds_reliability': 0.41869017481803894, 'avg_crds_semantic_similarity': 0.5055550336837769, 'avg_crds_cf_distance': 0.0, 'num_valid_crds_neg': 325.0, 'epoch': 0.47}
{'loss': 0.0246, 'grad_norm': 0.0927734375, 'learning_rate': 0.00013266666666666667, 'loss_simcse': 0.0216064453125, 'loss_crds': 0.05982149764895439, 'loss_total': 0.024597520008683205, 'avg_crds_neg_weight': 0.207345649600029, 'avg_crds_reliability': 0.435616672039032, 'avg_crds_semantic_similarity': 0.4979812800884247, 'avg_crds_cf_distance': 0.0, 'num_valid_crds_neg': 299.0, 'epoch': 0.47}
{'loss': 0.0257, 'grad_norm': 0.10400390625, 'learning_rate': 0.00013333333333333334, 'loss_simcse': 0.0218505859375, 'loss_crds': 0.0779363140463829, 'loss_total': 0.025747401639819145, 'avg_crds_neg_weight': 0.21004359424114227, 'avg_crds_reliability': 0.4217584431171417, 'avg_crds_semantic_similarity': 0.5012457966804504, 'avg_crds_cf_distance': 0.0, 'num_valid_crds_neg': 337.0, 'epoch': 0.47}
{'loss': 0.026, 'grad_norm': 0.1826171875, 'learning_rate': 0.000134, 'loss_simcse': 0.022705078125, 'loss_crds': 0.06654920428991318, 'loss_total': 0.02603253908455372, 'avg_crds_neg_weight': 0.1974084973335266, 'avg_crds_reliability': 0.42778074741363525, 'avg_crds_semantic_similarity': 0.4974270462989807, 'avg_crds_cf_distance': 0.0, 'num_valid_crds_neg': 282.0, 'epoch': 0.47}
{'loss': 0.0239, 'grad_norm': 0.08154296875, 'learning_rate': 0.00013466666666666667, 'loss_simcse': 0.02099609375, 'loss_crds': 0.05834775045514107, 'loss_total': 0.02391348034143448, 'avg_crds_neg_weight': 0.20063574612140656, 'avg_crds_reliability': 0.44402292370796204, 'avg_crds_semantic_similarity': 0.4929136335849762, 'avg_crds_cf_distance': 0.0, 'num_valid_crds_neg': 292.0, 'epoch': 0.48}
{'loss': 0.0268, 'grad_norm': 0.11572265625, 'learning_rate': 0.00013533333333333333, 'loss_simcse': 0.0233154296875, 'loss_crds': 0.06996942311525345, 'loss_total': 0.026813900098204613, 'avg_crds_neg_weight': 0.20747829973697662, 'avg_crds_reliability': 0.4350303113460541, 'avg_crds_semantic_similarity': 0.5019323229789734, 'avg_crds_cf_distance': 0.0, 'num_valid_crds_neg': 308.0, 'epoch': 0.48}
{'loss': 0.0252, 'grad_norm': 0.10693359375, 'learning_rate': 0.00013600000000000003, 'loss_simcse': 0.0223388671875, 'loss_crds': 0.05750385671854019, 'loss_total': 0.02521405927836895, 'avg_crds_neg_weight': 0.212428480386734, 'avg_crds_reliability': 0.4390871822834015, 'avg_crds_semantic_similarity': 0.48672905564308167, 'avg_crds_cf_distance': 0.0, 'num_valid_crds_neg': 318.0, 'epoch': 0.48}
{'loss': 0.0252, 'grad_norm': 0.1044921875, 'learning_rate': 0.00013666666666666666, 'loss_simcse': 0.0220947265625, 'loss_crds': 0.061805278062820435, 'loss_total': 0.02518499083817005, 'avg_crds_neg_weight': 0.20069526135921478, 'avg_crds_reliability': 0.4273402690887451, 'avg_crds_semantic_similarity': 0.49818727374076843, 'avg_crds_cf_distance': 0.0, 'num_valid_crds_neg': 323.0, 'epoch': 0.48}
{'loss': 0.026, 'grad_norm': 0.10546875, 'learning_rate': 0.00013733333333333333, 'loss_simcse': 0.022705078125, 'loss_crds': 0.06645635515451431, 'loss_total': 0.026027895510196686, 'avg_crds_neg_weight': 0.20410829782485962, 'avg_crds_reliability': 0.41787803173065186, 'avg_crds_semantic_similarity': 0.49958208203315735, 'avg_crds_cf_distance': 0.0, 'num_valid_crds_neg': 308.0, 'epoch': 0.48}
{'loss': 0.0341, 'grad_norm': 0.10205078125, 'learning_rate': 0.000138, 'loss_simcse': 0.0308837890625, 'loss_crds': 0.06468572467565536, 'loss_total': 0.03411807492375374, 'avg_crds_neg_weight': 0.19359727203845978, 'avg_crds_reliability': 0.4255189299583435, 'avg_crds_semantic_similarity': 0.49317705631256104, 'avg_crds_cf_distance': 0.0, 'num_valid_crds_neg': 325.0, 'epoch': 0.49}
{'loss': 0.0277, 'grad_norm': 0.11767578125, 'learning_rate': 0.00013866666666666669, 'loss_simcse': 0.0244140625, 'loss_crds': 0.0655440241098404, 'loss_total': 0.02769126370549202, 'avg_crds_neg_weight': 0.20923660695552826, 'avg_crds_reliability': 0.42162472009658813, 'avg_crds_semantic_similarity': 0.49651476740837097, 'avg_crds_cf_distance': 0.0, 'num_valid_crds_neg': 326.0, 'epoch': 0.49}
{'loss': 0.0237, 'grad_norm': 0.08642578125, 'learning_rate': 0.00013933333333333335, 'loss_simcse': 0.020751953125, 'loss_crds': 0.05982915684580803, 'loss_total': 0.023743411526083946, 'avg_crds_neg_weight': 0.20633666217327118, 'avg_crds_reliability': 0.41919422149658203, 'avg_crds_semantic_similarity': 0.4968269467353821, 'avg_crds_cf_distance': 0.0, 'num_valid_crds_neg': 314.0, 'epoch': 0.49}
{'loss': 0.0256, 'grad_norm': 0.115234375, 'learning_rate': 0.00014, 'loss_simcse': 0.0228271484375, 'loss_crds': 0.05464981496334076, 'loss_total': 0.025559639558196068, 'avg_crds_neg_weight': 0.1973065584897995, 'avg_crds_reliability': 0.4252960979938507, 'avg_crds_semantic_similarity': 0.4942028522491455, 'avg_crds_cf_distance': 0.0, 'num_valid_crds_neg': 254.0, 'epoch': 0.49}
{'loss': 0.024, 'grad_norm': 0.0888671875, 'learning_rate': 0.00014066666666666668, 'loss_simcse': 0.021484375, 'loss_crds': 0.05048910155892372, 'loss_total': 0.02400882914662361, 'avg_crds_neg_weight': 0.1960938721895218, 'avg_crds_reliability': 0.40879523754119873, 'avg_crds_semantic_similarity': 0.4923621416091919, 'avg_crds_cf_distance': 0.0, 'num_valid_crds_neg': 342.0, 'epoch': 0.5}
{'loss': 0.0238, 'grad_norm': 0.0908203125, 'learning_rate': 0.00014133333333333334, 'loss_simcse': 0.021240234375, 'loss_crds': 0.05029837414622307, 'loss_total': 0.023755153641104698, 'avg_crds_neg_weight': 0.2006131261587143, 'avg_crds_reliability': 0.43172696232795715, 'avg_crds_semantic_similarity': 0.47762322425842285, 'avg_crds_cf_distance': 0.0, 'num_valid_crds_neg': 310.0, 'epoch': 0.5}
{'loss': 0.0279, 'grad_norm': 0.10498046875, 'learning_rate': 0.000142, 'loss_simcse': 0.0247802734375, 'loss_crds': 0.06312058120965958, 'loss_total': 0.02793630212545395, 'avg_crds_neg_weight': 0.21378374099731445, 'avg_crds_reliability': 0.44642260670661926, 'avg_crds_semantic_similarity': 0.5078626871109009, 'avg_crds_cf_distance': 0.0, 'num_valid_crds_neg': 287.0, 'epoch': 0.5}
{'loss': 0.0248, 'grad_norm': 0.1005859375, 'learning_rate': 0.00014266666666666667, 'loss_simcse': 0.02197265625, 'loss_crds': 0.05679606273770332, 'loss_total': 0.02481245994567871, 'avg_crds_neg_weight': 0.20063970983028412, 'avg_crds_reliability': 0.42908036708831787, 'avg_crds_semantic_similarity': 0.4880867898464203, 'avg_crds_cf_distance': 0.0, 'num_valid_crds_neg': 331.0, 'epoch': 0.5}
{'loss': 0.0251, 'grad_norm': 0.10498046875, 'learning_rate': 0.00014333333333333334, 'loss_simcse': 0.0218505859375, 'loss_crds': 0.0650525838136673, 'loss_total': 0.025103215128183365, 'avg_crds_neg_weight': 0.1993047446012497, 'avg_crds_reliability': 0.42779767513275146, 'avg_crds_semantic_similarity': 0.4916894733905792, 'avg_crds_cf_distance': 0.0, 'num_valid_crds_neg': 289.0, 'epoch': 0.51}
{'loss': 0.0249, 'grad_norm': 0.09130859375, 'learning_rate': 0.000144, 'loss_simcse': 0.0213623046875, 'loss_crds': 0.07000554352998734, 'loss_total': 0.024862581863999367, 'avg_crds_neg_weight': 0.2026694118976593, 'avg_crds_reliability': 0.419685959815979, 'avg_crds_semantic_similarity': 0.5190392136573792, 'avg_crds_cf_distance': 0.0, 'num_valid_crds_neg': 362.0, 'epoch': 0.51}
{'loss': 0.0323, 'grad_norm': 0.111328125, 'learning_rate': 0.0001446666666666667, 'loss_simcse': 0.0294189453125, 'loss_crds': 0.05830156430602074, 'loss_total': 0.03233402222394943, 'avg_crds_neg_weight': 0.19208262860774994, 'avg_crds_reliability': 0.4169674515724182, 'avg_crds_semantic_similarity': 0.5078924298286438, 'avg_crds_cf_distance': 0.0, 'num_valid_crds_neg': 322.0, 'epoch': 0.51}
{'loss': 0.0259, 'grad_norm': 0.10546875, 'learning_rate': 0.00014533333333333333, 'loss_simcse': 0.0224609375, 'loss_crds': 0.06828560680150986, 'loss_total': 0.025875218212604523, 'avg_crds_neg_weight': 0.21116630733013153, 'avg_crds_reliability': 0.4298098683357239, 'avg_crds_semantic_similarity': 0.49822235107421875, 'avg_crds_cf_distance': 0.0, 'num_valid_crds_neg': 302.0, 'epoch': 0.51}
{'loss': 0.0237, 'grad_norm': 0.09326171875, 'learning_rate': 0.000146, 'loss_simcse': 0.0211181640625, 'loss_crds': 0.05111754685640335, 'loss_total': 0.023674041032791138, 'avg_crds_neg_weight': 0.20051327347755432, 'avg_crds_reliability': 0.4203168749809265, 'avg_crds_semantic_similarity': 0.4825560450553894, 'avg_crds_cf_distance': 0.0, 'num_valid_crds_neg': 333.0, 'epoch': 0.52}
{'loss': 0.0268, 'grad_norm': 0.10205078125, 'learning_rate': 0.00014666666666666666, 'loss_simcse': 0.0242919921875, 'loss_crds': 0.049958616495132446, 'loss_total': 0.026789922267198563, 'avg_crds_neg_weight': 0.19173553586006165, 'avg_crds_reliability': 0.4315010905265808, 'avg_crds_semantic_similarity': 0.47590330243110657, 'avg_crds_cf_distance': 0.0, 'num_valid_crds_neg': 365.0, 'epoch': 0.52}
{'loss': 0.0246, 'grad_norm': 0.095703125, 'learning_rate': 0.00014733333333333335, 'loss_simcse': 0.021484375, 'loss_crds': 0.062131527811288834, 'loss_total': 0.024590950459241867, 'avg_crds_neg_weight': 0.20590943098068237, 'avg_crds_reliability': 0.4322836995124817, 'avg_crds_semantic_similarity': 0.4978374242782593, 'avg_crds_cf_distance': 0.0, 'num_valid_crds_neg': 358.0, 'epoch': 0.52}
{'loss': 0.0238, 'grad_norm': 0.10400390625, 'learning_rate': 0.000148, 'loss_simcse': 0.0211181640625, 'loss_crds': 0.05362352356314659, 'loss_total': 0.023799341171979904, 'avg_crds_neg_weight': 0.21123847365379333, 'avg_crds_reliability': 0.4306848645210266, 'avg_crds_semantic_similarity': 0.4972635805606842, 'avg_crds_cf_distance': 0.0, 'num_valid_crds_neg': 392.0, 'epoch': 0.52}
{'loss': 0.024, 'grad_norm': 0.10205078125, 'learning_rate': 0.00014866666666666666, 'loss_simcse': 0.021240234375, 'loss_crds': 0.055910591036081314, 'loss_total': 0.02403576299548149, 'avg_crds_neg_weight': 0.20574575662612915, 'avg_crds_reliability': 0.44050168991088867, 'avg_crds_semantic_similarity': 0.4955458343029022, 'avg_crds_cf_distance': 0.0, 'num_valid_crds_neg': 337.0, 'epoch': 0.52}
{'loss': 0.0239, 'grad_norm': 0.09814453125, 'learning_rate': 0.00014933333333333335, 'loss_simcse': 0.0211181640625, 'loss_crds': 0.05601624399423599, 'loss_total': 0.02391897700726986, 'avg_crds_neg_weight': 0.20478643476963043, 'avg_crds_reliability': 0.43347007036209106, 'avg_crds_semantic_similarity': 0.49413520097732544, 'avg_crds_cf_distance': 0.0, 'num_valid_crds_neg': 281.0, 'epoch': 0.53}
{'loss': 0.0257, 'grad_norm': 0.1298828125, 'learning_rate': 0.00015000000000000001, 'loss_simcse': 0.0224609375, 'loss_crds': 0.06561874598264694, 'loss_total': 0.025741875171661377, 'avg_crds_neg_weight': 0.19356240332126617, 'avg_crds_reliability': 0.43172019720077515, 'avg_crds_semantic_similarity': 0.4974365830421448, 'avg_crds_cf_distance': 0.0, 'num_valid_crds_neg': 308.0, 'epoch': 0.53}
{'loss': 0.0275, 'grad_norm': 0.140625, 'learning_rate': 0.00015066666666666668, 'loss_simcse': 0.0240478515625, 'loss_crds': 0.0699542686343193, 'loss_total': 0.027545565739274025, 'avg_crds_neg_weight': 0.20149856805801392, 'avg_crds_reliability': 0.423535019159317, 'avg_crds_semantic_similarity': 0.4980638325214386, 'avg_crds_cf_distance': 0.0, 'num_valid_crds_neg': 364.0, 'epoch': 0.53}
{'loss': 0.0246, 'grad_norm': 0.1162109375, 'learning_rate': 0.00015133333333333334, 'loss_simcse': 0.022216796875, 'loss_crds': 0.0485919825732708, 'loss_total': 0.024646395817399025, 'avg_crds_neg_weight': 0.2008916586637497, 'avg_crds_reliability': 0.42080605030059814, 'avg_crds_semantic_similarity': 0.4811963140964508, 'avg_crds_cf_distance': 0.0, 'num_valid_crds_neg': 346.0, 'epoch': 0.53}
{'loss': 0.0246, 'grad_norm': 0.09912109375, 'learning_rate': 0.000152, 'loss_simcse': 0.02197265625, 'loss_crds': 0.05219057947397232, 'loss_total': 0.024582184851169586, 'avg_crds_neg_weight': 0.2080274373292923, 'avg_crds_reliability': 0.43222859501838684, 'avg_crds_semantic_similarity': 0.5031511187553406, 'avg_crds_cf_distance': 0.0, 'num_valid_crds_neg': 306.0, 'epoch': 0.54}
{'loss': 0.0245, 'grad_norm': 0.126953125, 'learning_rate': 0.00015266666666666667, 'loss_simcse': 0.02197265625, 'loss_crds': 0.050688888877630234, 'loss_total': 0.024507101625204086, 'avg_crds_neg_weight': 0.18941201269626617, 'avg_crds_reliability': 0.4180358052253723, 'avg_crds_semantic_similarity': 0.4943750202655792, 'avg_crds_cf_distance': 0.0, 'num_valid_crds_neg': 337.0, 'epoch': 0.54}
{'loss': 0.0241, 'grad_norm': 0.11865234375, 'learning_rate': 0.00015333333333333334, 'loss_simcse': 0.0216064453125, 'loss_crds': 0.04992591589689255, 'loss_total': 0.024102741852402687, 'avg_crds_neg_weight': 0.19806663691997528, 'avg_crds_reliability': 0.4225921332836151, 'avg_crds_semantic_similarity': 0.5066273212432861, 'avg_crds_cf_distance': 0.0, 'num_valid_crds_neg': 328.0, 'epoch': 0.54}
{'loss': 0.0244, 'grad_norm': 0.10595703125, 'learning_rate': 0.000154, 'loss_simcse': 0.0218505859375, 'loss_crds': 0.05043953284621239, 'loss_total': 0.024372562766075134, 'avg_crds_neg_weight': 0.19848670065402985, 'avg_crds_reliability': 0.4277111887931824, 'avg_crds_semantic_similarity': 0.4862656593322754, 'avg_crds_cf_distance': 0.0, 'num_valid_crds_neg': 329.0, 'epoch': 0.54}
{'loss': 0.0235, 'grad_norm': 0.10888671875, 'learning_rate': 0.00015466666666666667, 'loss_simcse': 0.021240234375, 'loss_crds': 0.045896295458078384, 'loss_total': 0.023535048589110374, 'avg_crds_neg_weight': 0.1933203637599945, 'avg_crds_reliability': 0.41893118619918823, 'avg_crds_semantic_similarity': 0.4760774075984955, 'avg_crds_cf_distance': 0.0, 'num_valid_crds_neg': 318.0, 'epoch': 0.55}
{'loss': 0.0251, 'grad_norm': 0.11572265625, 'learning_rate': 0.00015533333333333333, 'loss_simcse': 0.022216796875, 'loss_crds': 0.05788672715425491, 'loss_total': 0.025111133232712746, 'avg_crds_neg_weight': 0.19715069234371185, 'avg_crds_reliability': 0.41486138105392456, 'avg_crds_semantic_similarity': 0.5135863423347473, 'avg_crds_cf_distance': 0.0, 'num_valid_crds_neg': 379.0, 'epoch': 0.55}
{'loss': 0.0248, 'grad_norm': 0.12109375, 'learning_rate': 0.00015600000000000002, 'loss_simcse': 0.0216064453125, 'loss_crds': 0.06335622817277908, 'loss_total': 0.024774257093667984, 'avg_crds_neg_weight': 0.2019769698381424, 'avg_crds_reliability': 0.4048903286457062, 'avg_crds_semantic_similarity': 0.5178794860839844, 'avg_crds_cf_distance': 0.0, 'num_valid_crds_neg': 299.0, 'epoch': 0.55}
{'loss': 0.024, 'grad_norm': 0.09521484375, 'learning_rate': 0.00015666666666666666, 'loss_simcse': 0.021240234375, 'loss_crds': 0.05584235116839409, 'loss_total': 0.02403235249221325, 'avg_crds_neg_weight': 0.1934709995985031, 'avg_crds_reliability': 0.42613381147384644, 'avg_crds_semantic_similarity': 0.502238929271698, 'avg_crds_cf_distance': 0.0, 'num_valid_crds_neg': 289.0, 'epoch': 0.55}
{'loss': 0.0236, 'grad_norm': 0.10400390625, 'learning_rate': 0.00015733333333333333, 'loss_simcse': 0.0208740234375, 'loss_crds': 0.05440317466855049, 'loss_total': 0.02359418198466301, 'avg_crds_neg_weight': 0.19930224120616913, 'avg_crds_reliability': 0.41054126620292664, 'avg_crds_semantic_similarity': 0.5015119910240173, 'avg_crds_cf_distance': 0.0, 'num_valid_crds_neg': 326.0, 'epoch': 0.56}
{'loss': 0.0237, 'grad_norm': 0.107421875, 'learning_rate': 0.00015800000000000002, 'loss_simcse': 0.02099609375, 'loss_crds': 0.054079700261354446, 'loss_total': 0.023700078949332237, 'avg_crds_neg_weight': 0.19367510080337524, 'avg_crds_reliability': 0.4150559902191162, 'avg_crds_semantic_similarity': 0.5116809010505676, 'avg_crds_cf_distance': 0.0, 'num_valid_crds_neg': 337.0, 'epoch': 0.56}
{'loss': 0.0238, 'grad_norm': 0.0888671875, 'learning_rate': 0.00015866666666666668, 'loss_simcse': 0.02099609375, 'loss_crds': 0.05621199309825897, 'loss_total': 0.02380669303238392, 'avg_crds_neg_weight': 0.20735055208206177, 'avg_crds_reliability': 0.4369373321533203, 'avg_crds_semantic_similarity': 0.48966091871261597, 'avg_crds_cf_distance': 0.0, 'num_valid_crds_neg': 311.0, 'epoch': 0.56}
{'loss': 0.0248, 'grad_norm': 0.111328125, 'learning_rate': 0.00015933333333333332, 'loss_simcse': 0.021728515625, 'loss_crds': 0.06116662174463272, 'loss_total': 0.024786846712231636, 'avg_crds_neg_weight': 0.21867163479328156, 'avg_crds_reliability': 0.44697222113609314, 'avg_crds_semantic_similarity': 0.48543423414230347, 'avg_crds_cf_distance': 0.0, 'num_valid_crds_neg': 330.0, 'epoch': 0.56}
{'loss': 0.0235, 'grad_norm': 0.09765625, 'learning_rate': 0.00016, 'loss_simcse': 0.0208740234375, 'loss_crds': 0.052421633154153824, 'loss_total': 0.023495104163885117, 'avg_crds_neg_weight': 0.1904454231262207, 'avg_crds_reliability': 0.4137929379940033, 'avg_crds_semantic_similarity': 0.4820834696292877, 'avg_crds_cf_distance': 0.0, 'num_valid_crds_neg': 334.0, 'epoch': 0.56}
{'loss': 0.0252, 'grad_norm': 0.10498046875, 'learning_rate': 0.00016066666666666668, 'loss_simcse': 0.0218505859375, 'loss_crds': 0.0678936168551445, 'loss_total': 0.025245266035199165, 'avg_crds_neg_weight': 0.21000291407108307, 'avg_crds_reliability': 0.43373894691467285, 'avg_crds_semantic_similarity': 0.49712806940078735, 'avg_crds_cf_distance': 0.0, 'num_valid_crds_neg': 261.0, 'epoch': 0.57}
{'loss': 0.0241, 'grad_norm': 0.09326171875, 'learning_rate': 0.00016133333333333334, 'loss_simcse': 0.0216064453125, 'loss_crds': 0.04952964559197426, 'loss_total': 0.024082927033305168, 'avg_crds_neg_weight': 0.21565715968608856, 'avg_crds_reliability': 0.4450826644897461, 'avg_crds_semantic_similarity': 0.49934953451156616, 'avg_crds_cf_distance': 0.0, 'num_valid_crds_neg': 303.0, 'epoch': 0.57}
{'loss': 0.0251, 'grad_norm': 0.099609375, 'learning_rate': 0.000162, 'loss_simcse': 0.0216064453125, 'loss_crds': 0.06923481822013855, 'loss_total': 0.025068186223506927, 'avg_crds_neg_weight': 0.2038777619600296, 'avg_crds_reliability': 0.4269923269748688, 'avg_crds_semantic_similarity': 0.5260813236236572, 'avg_crds_cf_distance': 0.0, 'num_valid_crds_neg': 334.0, 'epoch': 0.57}
{'loss': 0.0241, 'grad_norm': 0.1015625, 'learning_rate': 0.00016266666666666667, 'loss_simcse': 0.021728515625, 'loss_crds': 0.04702227935194969, 'loss_total': 0.02407963015139103, 'avg_crds_neg_weight': 0.21141013503074646, 'avg_crds_reliability': 0.43373414874076843, 'avg_crds_semantic_similarity': 0.49907374382019043, 'avg_crds_cf_distance': 0.0, 'num_valid_crds_neg': 268.0, 'epoch': 0.57}
{'loss': 0.0231, 'grad_norm': 0.1005859375, 'learning_rate': 0.00016333333333333334, 'loss_simcse': 0.020751953125, 'loss_crds': 0.04719389230012894, 'loss_total': 0.023111646994948387, 'avg_crds_neg_weight': 0.20377954840660095, 'avg_crds_reliability': 0.423477441072464, 'avg_crds_semantic_similarity': 0.48092564940452576, 'avg_crds_cf_distance': 0.0, 'num_valid_crds_neg': 319.0, 'epoch': 0.58}
{'loss': 0.0229, 'grad_norm': 0.09423828125, 'learning_rate': 0.000164, 'loss_simcse': 0.020263671875, 'loss_crds': 0.05329651013016701, 'loss_total': 0.022928496822714806, 'avg_crds_neg_weight': 0.2042238563299179, 'avg_crds_reliability': 0.4338744878768921, 'avg_crds_semantic_similarity': 0.48936834931373596, 'avg_crds_cf_distance': 0.0, 'num_valid_crds_neg': 339.0, 'epoch': 0.58}
{'loss': 0.0233, 'grad_norm': 0.10107421875, 'learning_rate': 0.00016466666666666667, 'loss_simcse': 0.0206298828125, 'loss_crds': 0.05313245207071304, 'loss_total': 0.023286504670977592, 'avg_crds_neg_weight': 0.20149722695350647, 'avg_crds_reliability': 0.42093798518180847, 'avg_crds_semantic_similarity': 0.5008618235588074, 'avg_crds_cf_distance': 0.0, 'num_valid_crds_neg': 320.0, 'epoch': 0.58}
{'loss': 0.0234, 'grad_norm': 0.109375, 'learning_rate': 0.00016533333333333333, 'loss_simcse': 0.02099609375, 'loss_crds': 0.04798281937837601, 'loss_total': 0.0233952347189188, 'avg_crds_neg_weight': 0.20204903185367584, 'avg_crds_reliability': 0.4228213429450989, 'avg_crds_semantic_similarity': 0.5007044672966003, 'avg_crds_cf_distance': 0.0, 'num_valid_crds_neg': 327.0, 'epoch': 0.58}
{'loss': 0.023, 'grad_norm': 0.083984375, 'learning_rate': 0.000166, 'loss_simcse': 0.02001953125, 'loss_crds': 0.0602404922246933, 'loss_total': 0.023031555116176605, 'avg_crds_neg_weight': 0.2050495147705078, 'avg_crds_reliability': 0.42908504605293274, 'avg_crds_semantic_similarity': 0.5185806155204773, 'avg_crds_cf_distance': 0.0, 'num_valid_crds_neg': 286.0, 'epoch': 0.59}
{'loss': 0.024, 'grad_norm': 0.11328125, 'learning_rate': 0.0001666666666666667, 'loss_simcse': 0.0218505859375, 'loss_crds': 0.04304629564285278, 'loss_total': 0.02400290034711361, 'avg_crds_neg_weight': 0.18917478621006012, 'avg_crds_reliability': 0.41828885674476624, 'avg_crds_semantic_similarity': 0.5047651529312134, 'avg_crds_cf_distance': 0.0, 'num_valid_crds_neg': 284.0, 'epoch': 0.59}
{'loss': 0.0232, 'grad_norm': 0.09521484375, 'learning_rate': 0.00016733333333333335, 'loss_simcse': 0.020751953125, 'loss_crds': 0.04801501706242561, 'loss_total': 0.023152703419327736, 'avg_crds_neg_weight': 0.19202083349227905, 'avg_crds_reliability': 0.4180513322353363, 'avg_crds_semantic_similarity': 0.5016148090362549, 'avg_crds_cf_distance': 0.0, 'num_valid_crds_neg': 343.0, 'epoch': 0.59}
{'loss': 0.0229, 'grad_norm': 0.09765625, 'learning_rate': 0.000168, 'loss_simcse': 0.0205078125, 'loss_crds': 0.047046247869729996, 'loss_total': 0.022860124707221985, 'avg_crds_neg_weight': 0.19990718364715576, 'avg_crds_reliability': 0.4180503487586975, 'avg_crds_semantic_similarity': 0.4937935471534729, 'avg_crds_cf_distance': 0.0, 'num_valid_crds_neg': 265.0, 'epoch': 0.59}
{'loss': 0.0231, 'grad_norm': 0.1044921875, 'learning_rate': 0.00016866666666666668, 'loss_simcse': 0.0206298828125, 'loss_crds': 0.049429383128881454, 'loss_total': 0.023101352155208588, 'avg_crds_neg_weight': 0.20125003159046173, 'avg_crds_reliability': 0.42154231667518616, 'avg_crds_semantic_similarity': 0.4958131015300751, 'avg_crds_cf_distance': 0.0, 'num_valid_crds_neg': 331.0, 'epoch': 0.6}
{'loss': 0.0226, 'grad_norm': 0.0927734375, 'learning_rate': 0.00016933333333333335, 'loss_simcse': 0.02001953125, 'loss_crds': 0.05221451818943024, 'loss_total': 0.02263025753200054, 'avg_crds_neg_weight': 0.20467445254325867, 'avg_crds_reliability': 0.4361286163330078, 'avg_crds_semantic_similarity': 0.5014705061912537, 'avg_crds_cf_distance': 0.0, 'num_valid_crds_neg': 302.0, 'epoch': 0.6}
{'loss': 0.0225, 'grad_norm': 0.0888671875, 'learning_rate': 0.00017, 'loss_simcse': 0.0201416015625, 'loss_crds': 0.04633058235049248, 'loss_total': 0.02245813049376011, 'avg_crds_neg_weight': 0.2082480937242508, 'avg_crds_reliability': 0.4492948055267334, 'avg_crds_semantic_similarity': 0.5004047155380249, 'avg_crds_cf_distance': 0.0, 'num_valid_crds_neg': 312.0, 'epoch': 0.6}
{'loss': 0.0232, 'grad_norm': 0.09765625, 'learning_rate': 0.00017066666666666668, 'loss_simcse': 0.020751953125, 'loss_crds': 0.04934244230389595, 'loss_total': 0.023219075053930283, 'avg_crds_neg_weight': 0.19455504417419434, 'avg_crds_reliability': 0.42458024621009827, 'avg_crds_semantic_similarity': 0.5049999952316284, 'avg_crds_cf_distance': 0.0, 'num_valid_crds_neg': 314.0, 'epoch': 0.6}
{'loss': 0.0273, 'grad_norm': 0.11376953125, 'learning_rate': 0.00017133333333333334, 'loss_simcse': 0.024658203125, 'loss_crds': 0.052951373159885406, 'loss_total': 0.02730577252805233, 'avg_crds_neg_weight': 0.20755665004253387, 'avg_crds_reliability': 0.42737945914268494, 'avg_crds_semantic_similarity': 0.49489501118659973, 'avg_crds_cf_distance': 0.0, 'num_valid_crds_neg': 297.0, 'epoch': 0.6}
{'loss': 0.0225, 'grad_norm': 0.08447265625, 'learning_rate': 0.000172, 'loss_simcse': 0.0201416015625, 'loss_crds': 0.04660610854625702, 'loss_total': 0.02247190661728382, 'avg_crds_neg_weight': 0.2032499611377716, 'avg_crds_reliability': 0.42728307843208313, 'avg_crds_semantic_similarity': 0.508956253528595, 'avg_crds_cf_distance': 0.0, 'num_valid_crds_neg': 313.0, 'epoch': 0.61}
{'loss': 0.0238, 'grad_norm': 0.0966796875, 'learning_rate': 0.00017266666666666667, 'loss_simcse': 0.0206298828125, 'loss_crds': 0.06333690881729126, 'loss_total': 0.023796727880835533, 'avg_crds_neg_weight': 0.210024893283844, 'avg_crds_reliability': 0.4283711314201355, 'avg_crds_semantic_similarity': 0.5202193856239319, 'avg_crds_cf_distance': 0.0, 'num_valid_crds_neg': 308.0, 'epoch': 0.61}
{'loss': 0.0229, 'grad_norm': 0.150390625, 'learning_rate': 0.00017333333333333334, 'loss_simcse': 0.0205078125, 'loss_crds': 0.048598866909742355, 'loss_total': 0.022937756031751633, 'avg_crds_neg_weight': 0.2048892080783844, 'avg_crds_reliability': 0.4374924898147583, 'avg_crds_semantic_similarity': 0.49706605076789856, 'avg_crds_cf_distance': 0.0, 'num_valid_crds_neg': 300.0, 'epoch': 0.61}
{'loss': 0.0226, 'grad_norm': 0.0869140625, 'learning_rate': 0.000174, 'loss_simcse': 0.020263671875, 'loss_crds': 0.04738811030983925, 'loss_total': 0.022633077576756477, 'avg_crds_neg_weight': 0.20343463122844696, 'avg_crds_reliability': 0.4305320680141449, 'avg_crds_semantic_similarity': 0.48575127124786377, 'avg_crds_cf_distance': 0.0, 'num_valid_crds_neg': 312.0, 'epoch': 0.61}
{'loss': 0.0232, 'grad_norm': 0.08447265625, 'learning_rate': 0.00017466666666666667, 'loss_simcse': 0.020263671875, 'loss_crds': 0.05878017470240593, 'loss_total': 0.02320268005132675, 'avg_crds_neg_weight': 0.20375297963619232, 'avg_crds_reliability': 0.4366014897823334, 'avg_crds_semantic_similarity': 0.48503538966178894, 'avg_crds_cf_distance': 0.0, 'num_valid_crds_neg': 316.0, 'epoch': 0.62}
{'loss': 0.0229, 'grad_norm': 0.09423828125, 'learning_rate': 0.00017533333333333336, 'loss_simcse': 0.0206298828125, 'loss_crds': 0.04559434950351715, 'loss_total': 0.022909600287675858, 'avg_crds_neg_weight': 0.20811210572719574, 'avg_crds_reliability': 0.43185916543006897, 'avg_crds_semantic_similarity': 0.4977884888648987, 'avg_crds_cf_distance': 0.0, 'num_valid_crds_neg': 309.0, 'epoch': 0.62}
{'loss': 0.0229, 'grad_norm': 0.09326171875, 'learning_rate': 0.00017600000000000002, 'loss_simcse': 0.020751953125, 'loss_crds': 0.04388515278697014, 'loss_total': 0.022946210578083992, 'avg_crds_neg_weight': 0.19583287835121155, 'avg_crds_reliability': 0.4265218675136566, 'avg_crds_semantic_similarity': 0.4892157018184662, 'avg_crds_cf_distance': 0.0, 'num_valid_crds_neg': 320.0, 'epoch': 0.62}
{'loss': 0.0229, 'grad_norm': 0.0888671875, 'learning_rate': 0.00017666666666666666, 'loss_simcse': 0.0203857421875, 'loss_crds': 0.05078304186463356, 'loss_total': 0.022924894466996193, 'avg_crds_neg_weight': 0.2086535096168518, 'avg_crds_reliability': 0.44173452258110046, 'avg_crds_semantic_similarity': 0.492383748292923, 'avg_crds_cf_distance': 0.0, 'num_valid_crds_neg': 288.0, 'epoch': 0.62}
{'loss': 0.0225, 'grad_norm': 0.08984375, 'learning_rate': 0.00017733333333333335, 'loss_simcse': 0.0198974609375, 'loss_crds': 0.052607212215662, 'loss_total': 0.022527821362018585, 'avg_crds_neg_weight': 0.19515220820903778, 'avg_crds_reliability': 0.42390042543411255, 'avg_crds_semantic_similarity': 0.4896415174007416, 'avg_crds_cf_distance': 0.0, 'num_valid_crds_neg': 306.0, 'epoch': 0.63}
{'loss': 0.0228, 'grad_norm': 0.0888671875, 'learning_rate': 0.00017800000000000002, 'loss_simcse': 0.0203857421875, 'loss_crds': 0.04869133606553078, 'loss_total': 0.022820308804512024, 'avg_crds_neg_weight': 0.20468242466449738, 'avg_crds_reliability': 0.42431896924972534, 'avg_crds_semantic_similarity': 0.49870601296424866, 'avg_crds_cf_distance': 0.0, 'num_valid_crds_neg': 329.0, 'epoch': 0.63}
{'loss': 0.0215, 'grad_norm': 0.09033203125, 'learning_rate': 0.00017866666666666668, 'loss_simcse': 0.0198974609375, 'loss_crds': 0.032872531563043594, 'loss_total': 0.021541086956858635, 'avg_crds_neg_weight': 0.19146305322647095, 'avg_crds_reliability': 0.42738011479377747, 'avg_crds_semantic_similarity': 0.475405752658844, 'avg_crds_cf_distance': 0.0, 'num_valid_crds_neg': 308.0, 'epoch': 0.63}
{'loss': 0.0225, 'grad_norm': 0.083984375, 'learning_rate': 0.00017933333333333332, 'loss_simcse': 0.019775390625, 'loss_crds': 0.0535469613969326, 'loss_total': 0.022452738136053085, 'avg_crds_neg_weight': 0.19803108274936676, 'avg_crds_reliability': 0.42234113812446594, 'avg_crds_semantic_similarity': 0.5007218718528748, 'avg_crds_cf_distance': 0.0, 'num_valid_crds_neg': 310.0, 'epoch': 0.63}
{'loss': 0.0233, 'grad_norm': 0.09912109375, 'learning_rate': 0.00018, 'loss_simcse': 0.0206298828125, 'loss_crds': 0.05294441059231758, 'loss_total': 0.023277103900909424, 'avg_crds_neg_weight': 0.21141424775123596, 'avg_crds_reliability': 0.4415163993835449, 'avg_crds_semantic_similarity': 0.4955666661262512, 'avg_crds_cf_distance': 0.0, 'num_valid_crds_neg': 340.0, 'epoch': 0.64}
{'loss': 0.0225, 'grad_norm': 0.09130859375, 'learning_rate': 0.00018066666666666668, 'loss_simcse': 0.0201416015625, 'loss_crds': 0.047711506485939026, 'loss_total': 0.02252717688679695, 'avg_crds_neg_weight': 0.20039328932762146, 'avg_crds_reliability': 0.42495548725128174, 'avg_crds_semantic_similarity': 0.4938255846500397, 'avg_crds_cf_distance': 0.0, 'num_valid_crds_neg': 361.0, 'epoch': 0.64}
{'loss': 0.0226, 'grad_norm': 0.0869140625, 'learning_rate': 0.00018133333333333334, 'loss_simcse': 0.0201416015625, 'loss_crds': 0.048928402364254, 'loss_total': 0.02258802205324173, 'avg_crds_neg_weight': 0.20174497365951538, 'avg_crds_reliability': 0.4203853905200958, 'avg_crds_semantic_similarity': 0.49421045184135437, 'avg_crds_cf_distance': 0.0, 'num_valid_crds_neg': 362.0, 'epoch': 0.64}
{'loss': 0.0228, 'grad_norm': 0.09521484375, 'learning_rate': 0.000182, 'loss_simcse': 0.0201416015625, 'loss_crds': 0.0530782975256443, 'loss_total': 0.02279551699757576, 'avg_crds_neg_weight': 0.20841217041015625, 'avg_crds_reliability': 0.42069533467292786, 'avg_crds_semantic_similarity': 0.49616366624832153, 'avg_crds_cf_distance': 0.0, 'num_valid_crds_neg': 342.0, 'epoch': 0.64}
{'loss': 0.0221, 'grad_norm': 0.0830078125, 'learning_rate': 0.00018266666666666667, 'loss_simcse': 0.0201416015625, 'loss_crds': 0.039741359651088715, 'loss_total': 0.022128669545054436, 'avg_crds_neg_weight': 0.19496479630470276, 'avg_crds_reliability': 0.426594078540802, 'avg_crds_semantic_similarity': 0.48335760831832886, 'avg_crds_cf_distance': 0.0, 'num_valid_crds_neg': 266.0, 'epoch': 0.64}
{'loss': 0.0231, 'grad_norm': 0.09521484375, 'learning_rate': 0.00018333333333333334, 'loss_simcse': 0.020751953125, 'loss_crds': 0.046281442046165466, 'loss_total': 0.023066025227308273, 'avg_crds_neg_weight': 0.19811071455478668, 'avg_crds_reliability': 0.4311504662036896, 'avg_crds_semantic_similarity': 0.500469446182251, 'avg_crds_cf_distance': 0.0, 'num_valid_crds_neg': 359.0, 'epoch': 0.65}
{'loss': 0.0255, 'grad_norm': 0.1015625, 'learning_rate': 0.00018400000000000003, 'loss_simcse': 0.0228271484375, 'loss_crds': 0.05328736454248428, 'loss_total': 0.025491517037153244, 'avg_crds_neg_weight': 0.19448278844356537, 'avg_crds_reliability': 0.4120677411556244, 'avg_crds_semantic_similarity': 0.48645856976509094, 'avg_crds_cf_distance': 0.0, 'num_valid_crds_neg': 351.0, 'epoch': 0.65}
{'loss': 0.023, 'grad_norm': 0.09033203125, 'learning_rate': 0.00018466666666666666, 'loss_simcse': 0.0203857421875, 'loss_crds': 0.0532582588493824, 'loss_total': 0.023048654198646545, 'avg_crds_neg_weight': 0.2052515745162964, 'avg_crds_reliability': 0.4487246572971344, 'avg_crds_semantic_similarity': 0.4918617606163025, 'avg_crds_cf_distance': 0.0, 'num_valid_crds_neg': 288.0, 'epoch': 0.65}
{'loss': 0.0258, 'grad_norm': 0.10546875, 'learning_rate': 0.00018533333333333333, 'loss_simcse': 0.023193359375, 'loss_crds': 0.052568234503269196, 'loss_total': 0.02582177147269249, 'avg_crds_neg_weight': 0.2055610865354538, 'avg_crds_reliability': 0.41920730471611023, 'avg_crds_semantic_similarity': 0.4962145686149597, 'avg_crds_cf_distance': 0.0, 'num_valid_crds_neg': 300.0, 'epoch': 0.65}
{'loss': 0.0223, 'grad_norm': 0.08349609375, 'learning_rate': 0.00018600000000000002, 'loss_simcse': 0.019775390625, 'loss_crds': 0.04993601143360138, 'loss_total': 0.02227219194173813, 'avg_crds_neg_weight': 0.20633170008659363, 'avg_crds_reliability': 0.4279732406139374, 'avg_crds_semantic_similarity': 0.5057862997055054, 'avg_crds_cf_distance': 0.0, 'num_valid_crds_neg': 307.0, 'epoch': 0.66}
{'loss': 0.0242, 'grad_norm': 0.10986328125, 'learning_rate': 0.0001866666666666667, 'loss_simcse': 0.02197265625, 'loss_crds': 0.044054821133613586, 'loss_total': 0.02417539805173874, 'avg_crds_neg_weight': 0.2037142813205719, 'avg_crds_reliability': 0.44854748249053955, 'avg_crds_semantic_similarity': 0.48795413970947266, 'avg_crds_cf_distance': 0.0, 'num_valid_crds_neg': 303.0, 'epoch': 0.66}
{'loss': 0.0219, 'grad_norm': 0.09326171875, 'learning_rate': 0.00018733333333333335, 'loss_simcse': 0.019775390625, 'loss_crds': 0.042951054871082306, 'loss_total': 0.021922944113612175, 'avg_crds_neg_weight': 0.20146219432353973, 'avg_crds_reliability': 0.4212999939918518, 'avg_crds_semantic_similarity': 0.48808446526527405, 'avg_crds_cf_distance': 0.0, 'num_valid_crds_neg': 281.0, 'epoch': 0.66}
{'loss': 0.022, 'grad_norm': 0.08837890625, 'learning_rate': 0.000188, 'loss_simcse': 0.019775390625, 'loss_crds': 0.04533444717526436, 'loss_total': 0.022042112424969673, 'avg_crds_neg_weight': 0.19463761150836945, 'avg_crds_reliability': 0.41587740182876587, 'avg_crds_semantic_similarity': 0.5067923665046692, 'avg_crds_cf_distance': 0.0, 'num_valid_crds_neg': 293.0, 'epoch': 0.66}
{'loss': 0.0223, 'grad_norm': 0.09228515625, 'learning_rate': 0.00018866666666666668, 'loss_simcse': 0.020263671875, 'loss_crds': 0.04142475500702858, 'loss_total': 0.022334909066557884, 'avg_crds_neg_weight': 0.19604818522930145, 'avg_crds_reliability': 0.411068320274353, 'avg_crds_semantic_similarity': 0.49324026703834534, 'avg_crds_cf_distance': 0.0, 'num_valid_crds_neg': 346.0, 'epoch': 0.67}
{'loss': 0.023, 'grad_norm': 0.0966796875, 'learning_rate': 0.00018933333333333335, 'loss_simcse': 0.02001953125, 'loss_crds': 0.05939231067895889, 'loss_total': 0.022989146411418915, 'avg_crds_neg_weight': 0.2147011160850525, 'avg_crds_reliability': 0.43154406547546387, 'avg_crds_semantic_similarity': 0.5144612789154053, 'avg_crds_cf_distance': 0.0, 'num_valid_crds_neg': 287.0, 'epoch': 0.67}
{'loss': 0.0221, 'grad_norm': 0.08837890625, 'learning_rate': 0.00019, 'loss_simcse': 0.0201416015625, 'loss_crds': 0.03919932618737221, 'loss_total': 0.022101568058133125, 'avg_crds_neg_weight': 0.18876273930072784, 'avg_crds_reliability': 0.4187048375606537, 'avg_crds_semantic_similarity': 0.48232659697532654, 'avg_crds_cf_distance': 0.0, 'num_valid_crds_neg': 303.0, 'epoch': 0.67}
{'loss': 0.0229, 'grad_norm': 0.087890625, 'learning_rate': 0.00019066666666666668, 'loss_simcse': 0.020263671875, 'loss_crds': 0.05230909585952759, 'loss_total': 0.02287912741303444, 'avg_crds_neg_weight': 0.2000453621149063, 'avg_crds_reliability': 0.43173086643218994, 'avg_crds_semantic_similarity': 0.5051369071006775, 'avg_crds_cf_distance': 0.0, 'num_valid_crds_neg': 370.0, 'epoch': 0.67}
{'loss': 0.0221, 'grad_norm': 0.0869140625, 'learning_rate': 0.00019133333333333334, 'loss_simcse': 0.019775390625, 'loss_crds': 0.04712197557091713, 'loss_total': 0.02213148958981037, 'avg_crds_neg_weight': 0.20718711614608765, 'avg_crds_reliability': 0.4262215197086334, 'avg_crds_semantic_similarity': 0.4962107241153717, 'avg_crds_cf_distance': 0.0, 'num_valid_crds_neg': 256.0, 'epoch': 0.68}
{'loss': 0.0227, 'grad_norm': 0.10400390625, 'learning_rate': 0.000192, 'loss_simcse': 0.02001953125, 'loss_crds': 0.05449945852160454, 'loss_total': 0.02274450473487377, 'avg_crds_neg_weight': 0.21513724327087402, 'avg_crds_reliability': 0.4338855743408203, 'avg_crds_semantic_similarity': 0.5130453109741211, 'avg_crds_cf_distance': 0.0, 'num_valid_crds_neg': 279.0, 'epoch': 0.68}
{'loss': 0.0214, 'grad_norm': 0.078125, 'learning_rate': 0.0001926666666666667, 'loss_simcse': 0.01904296875, 'loss_crds': 0.04752999171614647, 'loss_total': 0.021419469267129898, 'avg_crds_neg_weight': 0.20875078439712524, 'avg_crds_reliability': 0.4250244200229645, 'avg_crds_semantic_similarity': 0.5054335594177246, 'avg_crds_cf_distance': 0.0, 'num_valid_crds_neg': 410.0, 'epoch': 0.68}
{'loss': 0.0223, 'grad_norm': 0.09814453125, 'learning_rate': 0.00019333333333333333, 'loss_simcse': 0.020263671875, 'loss_crds': 0.04131648316979408, 'loss_total': 0.02232949621975422, 'avg_crds_neg_weight': 0.2022554576396942, 'avg_crds_reliability': 0.43558940291404724, 'avg_crds_semantic_similarity': 0.481412410736084, 'avg_crds_cf_distance': 0.0, 'num_valid_crds_neg': 302.0, 'epoch': 0.68}
{'loss': 0.0226, 'grad_norm': 0.1015625, 'learning_rate': 0.000194, 'loss_simcse': 0.0203857421875, 'loss_crds': 0.04407088831067085, 'loss_total': 0.022589286789298058, 'avg_crds_neg_weight': 0.1909802407026291, 'avg_crds_reliability': 0.4189816117286682, 'avg_crds_semantic_similarity': 0.4959923326969147, 'avg_crds_cf_distance': 0.0, 'num_valid_crds_neg': 274.0, 'epoch': 0.68}
{'loss': 0.0217, 'grad_norm': 0.0908203125, 'learning_rate': 0.0001946666666666667, 'loss_simcse': 0.0196533203125, 'loss_crds': 0.041447848081588745, 'loss_total': 0.021725712344050407, 'avg_crds_neg_weight': 0.20720167458057404, 'avg_crds_reliability': 0.4260532259941101, 'avg_crds_semantic_similarity': 0.4907028377056122, 'avg_crds_cf_distance': 0.0, 'num_valid_crds_neg': 308.0, 'epoch': 0.69}
{'loss': 0.0221, 'grad_norm': 0.09228515625, 'learning_rate': 0.00019533333333333336, 'loss_simcse': 0.01953125, 'loss_crds': 0.05066322162747383, 'loss_total': 0.022064410150051117, 'avg_crds_neg_weight': 0.20038877427577972, 'avg_crds_reliability': 0.41266271471977234, 'avg_crds_semantic_similarity': 0.5048620700836182, 'avg_crds_cf_distance': 0.0, 'num_valid_crds_neg': 372.0, 'epoch': 0.69}
{'loss': 0.0228, 'grad_norm': 0.08642578125, 'learning_rate': 0.000196, 'loss_simcse': 0.0196533203125, 'loss_crds': 0.062037836760282516, 'loss_total': 0.0227552130818367, 'avg_crds_neg_weight': 0.2210949808359146, 'avg_crds_reliability': 0.43905848264694214, 'avg_crds_semantic_similarity': 0.5209288001060486, 'avg_crds_cf_distance': 0.0, 'num_valid_crds_neg': 332.0, 'epoch': 0.69}
{'loss': 0.0217, 'grad_norm': 0.09375, 'learning_rate': 0.00019666666666666666, 'loss_simcse': 0.0196533203125, 'loss_crds': 0.04063389450311661, 'loss_total': 0.02168501541018486, 'avg_crds_neg_weight': 0.20509742200374603, 'avg_crds_reliability': 0.42982017993927, 'avg_crds_semantic_similarity': 0.4878467917442322, 'avg_crds_cf_distance': 0.0, 'num_valid_crds_neg': 305.0, 'epoch': 0.69}
{'loss': 0.0223, 'grad_norm': 0.1005859375, 'learning_rate': 0.00019733333333333335, 'loss_simcse': 0.0196533203125, 'loss_crds': 0.05253920331597328, 'loss_total': 0.02228027954697609, 'avg_crds_neg_weight': 0.20351170003414154, 'avg_crds_reliability': 0.4379238784313202, 'avg_crds_semantic_similarity': 0.5003046989440918, 'avg_crds_cf_distance': 0.0, 'num_valid_crds_neg': 332.0, 'epoch': 0.7}
{'loss': 0.0218, 'grad_norm': 0.0830078125, 'learning_rate': 0.00019800000000000002, 'loss_simcse': 0.0194091796875, 'loss_crds': 0.047773007303476334, 'loss_total': 0.02179783023893833, 'avg_crds_neg_weight': 0.2015867382287979, 'avg_crds_reliability': 0.4258263409137726, 'avg_crds_semantic_similarity': 0.5050225853919983, 'avg_crds_cf_distance': 0.0, 'num_valid_crds_neg': 327.0, 'epoch': 0.7}
{'loss': 0.0215, 'grad_norm': 0.0791015625, 'learning_rate': 0.00019866666666666668, 'loss_simcse': 0.0191650390625, 'loss_crds': 0.047015588730573654, 'loss_total': 0.021515818312764168, 'avg_crds_neg_weight': 0.20253881812095642, 'avg_crds_reliability': 0.43442314863204956, 'avg_crds_semantic_similarity': 0.4942748248577118, 'avg_crds_cf_distance': 0.0, 'num_valid_crds_neg': 379.0, 'epoch': 0.7}
{'loss': 0.0228, 'grad_norm': 0.09326171875, 'learning_rate': 0.00019933333333333334, 'loss_simcse': 0.020263671875, 'loss_crds': 0.051513273268938065, 'loss_total': 0.022839335724711418, 'avg_crds_neg_weight': 0.20279262959957123, 'avg_crds_reliability': 0.4271574914455414, 'avg_crds_semantic_similarity': 0.5019985437393188, 'avg_crds_cf_distance': 0.0, 'num_valid_crds_neg': 395.0, 'epoch': 0.7}
{'loss': 0.0229, 'grad_norm': 0.103515625, 'learning_rate': 0.0002, 'loss_simcse': 0.0203857421875, 'loss_crds': 0.04999177157878876, 'loss_total': 0.022885330021381378, 'avg_crds_neg_weight': 0.20066168904304504, 'avg_crds_reliability': 0.42495012283325195, 'avg_crds_semantic_similarity': 0.49341467022895813, 'avg_crds_cf_distance': 0.0, 'num_valid_crds_neg': 336.0, 'epoch': 0.71}
{'loss': 0.0212, 'grad_norm': 0.0830078125, 'learning_rate': 0.00019989041095890413, 'loss_simcse': 0.019287109375, 'loss_crds': 0.037271834909915924, 'loss_total': 0.021150700747966766, 'avg_crds_neg_weight': 0.19230711460113525, 'avg_crds_reliability': 0.4134996831417084, 'avg_crds_semantic_similarity': 0.4923146665096283, 'avg_crds_cf_distance': 0.0, 'num_valid_crds_neg': 344.0, 'epoch': 0.71}
{'loss': 0.0219, 'grad_norm': 0.07861328125, 'learning_rate': 0.00019978082191780822, 'loss_simcse': 0.01953125, 'loss_crds': 0.047931328415870667, 'loss_total': 0.021927816793322563, 'avg_crds_neg_weight': 0.18890823423862457, 'avg_crds_reliability': 0.4058457911014557, 'avg_crds_semantic_similarity': 0.48618897795677185, 'avg_crds_cf_distance': 0.0, 'num_valid_crds_neg': 313.0, 'epoch': 0.71}
{'loss': 0.0218, 'grad_norm': 0.0859375, 'learning_rate': 0.00019967123287671233, 'loss_simcse': 0.01953125, 'loss_crds': 0.045955363661050797, 'loss_total': 0.021829018369317055, 'avg_crds_neg_weight': 0.19458359479904175, 'avg_crds_reliability': 0.41644740104675293, 'avg_crds_semantic_similarity': 0.49811047315597534, 'avg_crds_cf_distance': 0.0, 'num_valid_crds_neg': 379.0, 'epoch': 0.71}
{'loss': 0.022, 'grad_norm': 0.08251953125, 'learning_rate': 0.00019956164383561645, 'loss_simcse': 0.019287109375, 'loss_crds': 0.05505770817399025, 'loss_total': 0.022039994597434998, 'avg_crds_neg_weight': 0.21450206637382507, 'avg_crds_reliability': 0.43493393063545227, 'avg_crds_semantic_similarity': 0.5141573548316956, 'avg_crds_cf_distance': 0.0, 'num_valid_crds_neg': 303.0, 'epoch': 0.72}
{'loss': 0.0214, 'grad_norm': 0.0830078125, 'learning_rate': 0.00019945205479452057, 'loss_simcse': 0.0191650390625, 'loss_crds': 0.044948510825634, 'loss_total': 0.02141246385872364, 'avg_crds_neg_weight': 0.20952042937278748, 'avg_crds_reliability': 0.43150463700294495, 'avg_crds_semantic_similarity': 0.49741241335868835, 'avg_crds_cf_distance': 0.0, 'num_valid_crds_neg': 322.0, 'epoch': 0.72}
{'loss': 0.0213, 'grad_norm': 0.0830078125, 'learning_rate': 0.00019934246575342465, 'loss_simcse': 0.0191650390625, 'loss_crds': 0.042257972061634064, 'loss_total': 0.021277938038110733, 'avg_crds_neg_weight': 0.1960269808769226, 'avg_crds_reliability': 0.40889620780944824, 'avg_crds_semantic_similarity': 0.5076794624328613, 'avg_crds_cf_distance': 0.0, 'num_valid_crds_neg': 352.0, 'epoch': 0.72}
{'loss': 0.0219, 'grad_norm': 0.0869140625, 'learning_rate': 0.00019923287671232877, 'loss_simcse': 0.01953125, 'loss_crds': 0.04701436311006546, 'loss_total': 0.021881967782974243, 'avg_crds_neg_weight': 0.2078326940536499, 'avg_crds_reliability': 0.4364226162433624, 'avg_crds_semantic_similarity': 0.49404802918434143, 'avg_crds_cf_distance': 0.0, 'num_valid_crds_neg': 292.0, 'epoch': 0.72}
{'loss': 0.0245, 'grad_norm': 0.12158203125, 'learning_rate': 0.0001991232876712329, 'loss_simcse': 0.0220947265625, 'loss_crds': 0.04825987294316292, 'loss_total': 0.02450772002339363, 'avg_crds_neg_weight': 0.19988767802715302, 'avg_crds_reliability': 0.41548648476600647, 'avg_crds_semantic_similarity': 0.5103594660758972, 'avg_crds_cf_distance': 0.0, 'num_valid_crds_neg': 342.0, 'epoch': 0.72}
{'loss': 0.0226, 'grad_norm': 0.083984375, 'learning_rate': 0.00019901369863013698, 'loss_simcse': 0.0198974609375, 'loss_crds': 0.05470046028494835, 'loss_total': 0.022632483392953873, 'avg_crds_neg_weight': 0.21851256489753723, 'avg_crds_reliability': 0.43242910504341125, 'avg_crds_semantic_similarity': 0.4979002773761749, 'avg_crds_cf_distance': 0.0, 'num_valid_crds_neg': 275.0, 'epoch': 0.73}
{'loss': 0.0216, 'grad_norm': 0.09423828125, 'learning_rate': 0.00019890410958904112, 'loss_simcse': 0.0196533203125, 'loss_crds': 0.039417389780282974, 'loss_total': 0.021624188870191574, 'avg_crds_neg_weight': 0.20069551467895508, 'avg_crds_reliability': 0.42591214179992676, 'avg_crds_semantic_similarity': 0.49042049050331116, 'avg_crds_cf_distance': 0.0, 'num_valid_crds_neg': 332.0, 'epoch': 0.73}
{'loss': 0.0213, 'grad_norm': 0.0859375, 'learning_rate': 0.0001987945205479452, 'loss_simcse': 0.0194091796875, 'loss_crds': 0.036876972764730453, 'loss_total': 0.021253028884530067, 'avg_crds_neg_weight': 0.19559364020824432, 'avg_crds_reliability': 0.41290196776390076, 'avg_crds_semantic_similarity': 0.49975937604904175, 'avg_crds_cf_distance': 0.0, 'num_valid_crds_neg': 319.0, 'epoch': 0.73}
{'loss': 0.0214, 'grad_norm': 0.07275390625, 'learning_rate': 0.00019868493150684933, 'loss_simcse': 0.0191650390625, 'loss_crds': 0.04440535977482796, 'loss_total': 0.021385306492447853, 'avg_crds_neg_weight': 0.2106851190328598, 'avg_crds_reliability': 0.43247538805007935, 'avg_crds_semantic_similarity': 0.5016798377037048, 'avg_crds_cf_distance': 0.0, 'num_valid_crds_neg': 343.0, 'epoch': 0.73}
{'loss': 0.0212, 'grad_norm': 0.083984375, 'learning_rate': 0.00019857534246575344, 'loss_simcse': 0.019287109375, 'loss_crds': 0.038236524909734726, 'loss_total': 0.02119893580675125, 'avg_crds_neg_weight': 0.21058692038059235, 'avg_crds_reliability': 0.43083709478378296, 'avg_crds_semantic_similarity': 0.500116229057312, 'avg_crds_cf_distance': 0.0, 'num_valid_crds_neg': 368.0, 'epoch': 0.74}
{'loss': 0.0266, 'grad_norm': 0.09375, 'learning_rate': 0.00019846575342465753, 'loss_simcse': 0.0242919921875, 'loss_crds': 0.0454261340200901, 'loss_total': 0.02656329795718193, 'avg_crds_neg_weight': 0.19879840314388275, 'avg_crds_reliability': 0.42169806361198425, 'avg_crds_semantic_similarity': 0.49281734228134155, 'avg_crds_cf_distance': 0.0, 'num_valid_crds_neg': 303.0, 'epoch': 0.74}
{'loss': 0.0217, 'grad_norm': 0.076171875, 'learning_rate': 0.00019835616438356165, 'loss_simcse': 0.0194091796875, 'loss_crds': 0.04652804136276245, 'loss_total': 0.021735582500696182, 'avg_crds_neg_weight': 0.19480665028095245, 'avg_crds_reliability': 0.40966567397117615, 'avg_crds_semantic_similarity': 0.4874134361743927, 'avg_crds_cf_distance': 0.0, 'num_valid_crds_neg': 348.0, 'epoch': 0.74}
{'loss': 0.0221, 'grad_norm': 0.07763671875, 'learning_rate': 0.00019824657534246577, 'loss_simcse': 0.0194091796875, 'loss_crds': 0.05366130173206329, 'loss_total': 0.022092245519161224, 'avg_crds_neg_weight': 0.2057175487279892, 'avg_crds_reliability': 0.4333265423774719, 'avg_crds_semantic_similarity': 0.5197563171386719, 'avg_crds_cf_distance': 0.0, 'num_valid_crds_neg': 283.0, 'epoch': 0.74}
{'loss': 0.0216, 'grad_norm': 0.072265625, 'learning_rate': 0.00019813698630136988, 'loss_simcse': 0.01953125, 'loss_crds': 0.04121905565261841, 'loss_total': 0.02159220352768898, 'avg_crds_neg_weight': 0.21593213081359863, 'avg_crds_reliability': 0.4316294193267822, 'avg_crds_semantic_similarity': 0.505143940448761, 'avg_crds_cf_distance': 0.0, 'num_valid_crds_neg': 257.0, 'epoch': 0.75}
{'loss': 0.0223, 'grad_norm': 0.0810546875, 'learning_rate': 0.00019802739726027397, 'loss_simcse': 0.019775390625, 'loss_crds': 0.05053655430674553, 'loss_total': 0.02230221778154373, 'avg_crds_neg_weight': 0.20483984053134918, 'avg_crds_reliability': 0.43790924549102783, 'avg_crds_semantic_similarity': 0.48700734972953796, 'avg_crds_cf_distance': 0.0, 'num_valid_crds_neg': 350.0, 'epoch': 0.75}
{'loss': 0.024, 'grad_norm': 0.1181640625, 'learning_rate': 0.0001979178082191781, 'loss_simcse': 0.0211181640625, 'loss_crds': 0.05825979635119438, 'loss_total': 0.024031154811382294, 'avg_crds_neg_weight': 0.19819647073745728, 'avg_crds_reliability': 0.4217023551464081, 'avg_crds_semantic_similarity': 0.5066736936569214, 'avg_crds_cf_distance': 0.0, 'num_valid_crds_neg': 249.0, 'epoch': 0.75}
{'loss': 0.0212, 'grad_norm': 0.06689453125, 'learning_rate': 0.0001978082191780822, 'loss_simcse': 0.0189208984375, 'loss_crds': 0.04512487351894379, 'loss_total': 0.02117714285850525, 'avg_crds_neg_weight': 0.2024829238653183, 'avg_crds_reliability': 0.42740514874458313, 'avg_crds_semantic_similarity': 0.49558424949645996, 'avg_crds_cf_distance': 0.0, 'num_valid_crds_neg': 305.0, 'epoch': 0.75}
{'loss': 0.0258, 'grad_norm': 0.07666015625, 'learning_rate': 0.0001976986301369863, 'loss_simcse': 0.0235595703125, 'loss_crds': 0.044704869389534, 'loss_total': 0.02579481340944767, 'avg_crds_neg_weight': 0.20543299615383148, 'avg_crds_reliability': 0.43373656272888184, 'avg_crds_semantic_similarity': 0.5147721171379089, 'avg_crds_cf_distance': 0.0, 'num_valid_crds_neg': 297.0, 'epoch': 0.76}
{'loss': 0.0214, 'grad_norm': 0.0830078125, 'learning_rate': 0.00019758904109589044, 'loss_simcse': 0.019287109375, 'loss_crds': 0.043055541813373566, 'loss_total': 0.02143988572061062, 'avg_crds_neg_weight': 0.19667722284793854, 'avg_crds_reliability': 0.4081752598285675, 'avg_crds_semantic_similarity': 0.47952815890312195, 'avg_crds_cf_distance': 0.0, 'num_valid_crds_neg': 291.0, 'epoch': 0.76}
{'loss': 0.0222, 'grad_norm': 0.08544921875, 'learning_rate': 0.00019747945205479453, 'loss_simcse': 0.0198974609375, 'loss_crds': 0.045676521956920624, 'loss_total': 0.02218128740787506, 'avg_crds_neg_weight': 0.20912839472293854, 'avg_crds_reliability': 0.43528398871421814, 'avg_crds_semantic_similarity': 0.4858587384223938, 'avg_crds_cf_distance': 0.0, 'num_valid_crds_neg': 326.0, 'epoch': 0.76}
{'loss': 0.0215, 'grad_norm': 0.0791015625, 'learning_rate': 0.00019736986301369864, 'loss_simcse': 0.0196533203125, 'loss_crds': 0.03749602288007736, 'loss_total': 0.021528121083974838, 'avg_crds_neg_weight': 0.20554880797863007, 'avg_crds_reliability': 0.43668630719184875, 'avg_crds_semantic_similarity': 0.4826869070529938, 'avg_crds_cf_distance': 0.0, 'num_valid_crds_neg': 311.0, 'epoch': 0.76}
{'loss': 0.0221, 'grad_norm': 0.158203125, 'learning_rate': 0.00019726027397260273, 'loss_simcse': 0.020263671875, 'loss_crds': 0.03606075420975685, 'loss_total': 0.022066708654165268, 'avg_crds_neg_weight': 0.1881207376718521, 'avg_crds_reliability': 0.4157174229621887, 'avg_crds_semantic_similarity': 0.4752078652381897, 'avg_crds_cf_distance': 0.0, 'num_valid_crds_neg': 334.0, 'epoch': 0.76}
{'loss': 0.0211, 'grad_norm': 0.07373046875, 'learning_rate': 0.00019715068493150685, 'loss_simcse': 0.018798828125, 'loss_crds': 0.04603530094027519, 'loss_total': 0.021100593730807304, 'avg_crds_neg_weight': 0.2022252231836319, 'avg_crds_reliability': 0.4209707975387573, 'avg_crds_semantic_similarity': 0.48816370964050293, 'avg_crds_cf_distance': 0.0, 'num_valid_crds_neg': 310.0, 'epoch': 0.77}
{'loss': 0.0216, 'grad_norm': 0.0849609375, 'learning_rate': 0.00019704109589041097, 'loss_simcse': 0.019287109375, 'loss_crds': 0.046087417751550674, 'loss_total': 0.02159148082137108, 'avg_crds_neg_weight': 0.20354747772216797, 'avg_crds_reliability': 0.42661184072494507, 'avg_crds_semantic_similarity': 0.5059458017349243, 'avg_crds_cf_distance': 0.0, 'num_valid_crds_neg': 339.0, 'epoch': 0.77}
{'loss': 0.0205, 'grad_norm': 0.0654296875, 'learning_rate': 0.00019693150684931508, 'loss_simcse': 0.0186767578125, 'loss_crds': 0.03637127950787544, 'loss_total': 0.020495321601629257, 'avg_crds_neg_weight': 0.18685095012187958, 'avg_crds_reliability': 0.40823686122894287, 'avg_crds_semantic_similarity': 0.48243290185928345, 'avg_crds_cf_distance': 0.0, 'num_valid_crds_neg': 321.0, 'epoch': 0.77}
{'loss': 0.0205, 'grad_norm': 0.0732421875, 'learning_rate': 0.0001968219178082192, 'loss_simcse': 0.0185546875, 'loss_crds': 0.039273135364055634, 'loss_total': 0.020518343895673752, 'avg_crds_neg_weight': 0.20057936012744904, 'avg_crds_reliability': 0.42953068017959595, 'avg_crds_semantic_similarity': 0.49129772186279297, 'avg_crds_cf_distance': 0.0, 'num_valid_crds_neg': 320.0, 'epoch': 0.77}
{'loss': 0.0214, 'grad_norm': 0.08251953125, 'learning_rate': 0.0001967123287671233, 'loss_simcse': 0.01953125, 'loss_crds': 0.037518419325351715, 'loss_total': 0.021407170221209526, 'avg_crds_neg_weight': 0.19770115613937378, 'avg_crds_reliability': 0.4288707375526428, 'avg_crds_semantic_similarity': 0.4944801926612854, 'avg_crds_cf_distance': 0.0, 'num_valid_crds_neg': 320.0, 'epoch': 0.78}
{'loss': 0.0231, 'grad_norm': 0.10302734375, 'learning_rate': 0.0001966027397260274, 'loss_simcse': 0.0205078125, 'loss_crds': 0.05281279236078262, 'loss_total': 0.02314845286309719, 'avg_crds_neg_weight': 0.19450058043003082, 'avg_crds_reliability': 0.4180552661418915, 'avg_crds_semantic_similarity': 0.512940526008606, 'avg_crds_cf_distance': 0.0, 'num_valid_crds_neg': 304.0, 'epoch': 0.78}
{'loss': 0.0216, 'grad_norm': 0.0908203125, 'learning_rate': 0.00019649315068493152, 'loss_simcse': 0.019287109375, 'loss_crds': 0.04721018299460411, 'loss_total': 0.02164761908352375, 'avg_crds_neg_weight': 0.19699810445308685, 'avg_crds_reliability': 0.4113330841064453, 'avg_crds_semantic_similarity': 0.4883156716823578, 'avg_crds_cf_distance': 0.0, 'num_valid_crds_neg': 318.0, 'epoch': 0.78}
{'loss': 0.0218, 'grad_norm': 0.0830078125, 'learning_rate': 0.0001963835616438356, 'loss_simcse': 0.0189208984375, 'loss_crds': 0.05826002359390259, 'loss_total': 0.02183390036225319, 'avg_crds_neg_weight': 0.19599106907844543, 'avg_crds_reliability': 0.41719016432762146, 'avg_crds_semantic_similarity': 0.4977979362010956, 'avg_crds_cf_distance': 0.0, 'num_valid_crds_neg': 298.0, 'epoch': 0.78}
{'loss': 0.0214, 'grad_norm': 0.08837890625, 'learning_rate': 0.00019627397260273973, 'loss_simcse': 0.019287109375, 'loss_crds': 0.043058786541223526, 'loss_total': 0.0214400477707386, 'avg_crds_neg_weight': 0.19741931557655334, 'avg_crds_reliability': 0.4241035580635071, 'avg_crds_semantic_similarity': 0.4846590459346771, 'avg_crds_cf_distance': 0.0, 'num_valid_crds_neg': 320.0, 'epoch': 0.79}
{'loss': 0.0218, 'grad_norm': 0.07861328125, 'learning_rate': 0.00019616438356164385, 'loss_simcse': 0.0189208984375, 'loss_crds': 0.056667082011699677, 'loss_total': 0.021754251793026924, 'avg_crds_neg_weight': 0.20055203139781952, 'avg_crds_reliability': 0.4258417785167694, 'avg_crds_semantic_similarity': 0.4999060332775116, 'avg_crds_cf_distance': 0.0, 'num_valid_crds_neg': 304.0, 'epoch': 0.79}
{'loss': 0.0208, 'grad_norm': 0.07373046875, 'learning_rate': 0.00019605479452054796, 'loss_simcse': 0.018798828125, 'loss_crds': 0.040638141334056854, 'loss_total': 0.020830735564231873, 'avg_crds_neg_weight': 0.20809844136238098, 'avg_crds_reliability': 0.43080562353134155, 'avg_crds_semantic_similarity': 0.4917224049568176, 'avg_crds_cf_distance': 0.0, 'num_valid_crds_neg': 329.0, 'epoch': 0.79}
{'loss': 0.0219, 'grad_norm': 0.0830078125, 'learning_rate': 0.00019594520547945205, 'loss_simcse': 0.01953125, 'loss_crds': 0.04778435081243515, 'loss_total': 0.021920466795563698, 'avg_crds_neg_weight': 0.2122354358434677, 'avg_crds_reliability': 0.4259818196296692, 'avg_crds_semantic_similarity': 0.510024905204773, 'avg_crds_cf_distance': 0.0, 'num_valid_crds_neg': 327.0, 'epoch': 0.79}
{'loss': 0.0213, 'grad_norm': 0.0849609375, 'learning_rate': 0.00019583561643835617, 'loss_simcse': 0.01904296875, 'loss_crds': 0.046085864305496216, 'loss_total': 0.02134726196527481, 'avg_crds_neg_weight': 0.1942448765039444, 'avg_crds_reliability': 0.4214997887611389, 'avg_crds_semantic_similarity': 0.4987296164035797, 'avg_crds_cf_distance': 0.0, 'num_valid_crds_neg': 341.0, 'epoch': 0.8}
{'loss': 0.0217, 'grad_norm': 0.08349609375, 'learning_rate': 0.00019572602739726029, 'loss_simcse': 0.0194091796875, 'loss_crds': 0.0465693473815918, 'loss_total': 0.02173764631152153, 'avg_crds_neg_weight': 0.21436555683612823, 'avg_crds_reliability': 0.4406372606754303, 'avg_crds_semantic_similarity': 0.48502954840660095, 'avg_crds_cf_distance': 0.0, 'num_valid_crds_neg': 320.0, 'epoch': 0.8}
{'loss': 0.0215, 'grad_norm': 0.07470703125, 'learning_rate': 0.0001956164383561644, 'loss_simcse': 0.0194091796875, 'loss_crds': 0.04141831398010254, 'loss_total': 0.021480094641447067, 'avg_crds_neg_weight': 0.20491985976696014, 'avg_crds_reliability': 0.4452129304409027, 'avg_crds_semantic_similarity': 0.49085733294487, 'avg_crds_cf_distance': 0.0, 'num_valid_crds_neg': 304.0, 'epoch': 0.8}
{'loss': 0.0224, 'grad_norm': 0.0751953125, 'learning_rate': 0.00019550684931506852, 'loss_simcse': 0.019287109375, 'loss_crds': 0.06283775717020035, 'loss_total': 0.022428996860980988, 'avg_crds_neg_weight': 0.198223277926445, 'avg_crds_reliability': 0.4274996817111969, 'avg_crds_semantic_similarity': 0.5043111443519592, 'avg_crds_cf_distance': 0.0, 'num_valid_crds_neg': 287.0, 'epoch': 0.8}
{'loss': 0.0212, 'grad_norm': 0.07421875, 'learning_rate': 0.0001953972602739726, 'loss_simcse': 0.018798828125, 'loss_crds': 0.04725923761725426, 'loss_total': 0.021161790937185287, 'avg_crds_neg_weight': 0.1927095204591751, 'avg_crds_reliability': 0.418719083070755, 'avg_crds_semantic_similarity': 0.5014503598213196, 'avg_crds_cf_distance': 0.0, 'num_valid_crds_neg': 269.0, 'epoch': 0.8}
{'loss': 0.0219, 'grad_norm': 0.0869140625, 'learning_rate': 0.00019528767123287672, 'loss_simcse': 0.019775390625, 'loss_crds': 0.0424962192773819, 'loss_total': 0.021900201216340065, 'avg_crds_neg_weight': 0.2011822760105133, 'avg_crds_reliability': 0.4294239580631256, 'avg_crds_semantic_similarity': 0.5062291622161865, 'avg_crds_cf_distance': 0.0, 'num_valid_crds_neg': 317.0, 'epoch': 0.81}
{'loss': 0.0211, 'grad_norm': 0.07421875, 'learning_rate': 0.00019517808219178084, 'loss_simcse': 0.018798828125, 'loss_crds': 0.04592622071504593, 'loss_total': 0.021095139905810356, 'avg_crds_neg_weight': 0.20338399708271027, 'avg_crds_reliability': 0.43505844473838806, 'avg_crds_semantic_similarity': 0.4924244284629822, 'avg_crds_cf_distance': 0.0, 'num_valid_crds_neg': 300.0, 'epoch': 0.81}
{'loss': 0.0274, 'grad_norm': 0.0947265625, 'learning_rate': 0.00019506849315068493, 'loss_simcse': 0.025390625, 'loss_crds': 0.04049782082438469, 'loss_total': 0.02741551585495472, 'avg_crds_neg_weight': 0.19307467341423035, 'avg_crds_reliability': 0.42060357332229614, 'avg_crds_semantic_similarity': 0.4960905909538269, 'avg_crds_cf_distance': 0.0, 'num_valid_crds_neg': 278.0, 'epoch': 0.81}
{'loss': 0.0212, 'grad_norm': 0.08251953125, 'learning_rate': 0.00019495890410958905, 'loss_simcse': 0.019287109375, 'loss_crds': 0.03798700496554375, 'loss_total': 0.021186459809541702, 'avg_crds_neg_weight': 0.19937041401863098, 'avg_crds_reliability': 0.43082669377326965, 'avg_crds_semantic_similarity': 0.4946785867214203, 'avg_crds_cf_distance': 0.0, 'num_valid_crds_neg': 347.0, 'epoch': 0.81}
{'loss': 0.0203, 'grad_norm': 0.0751953125, 'learning_rate': 0.00019484931506849316, 'loss_simcse': 0.0186767578125, 'loss_crds': 0.03181324154138565, 'loss_total': 0.020267419517040253, 'avg_crds_neg_weight': 0.1850394308567047, 'avg_crds_reliability': 0.39653387665748596, 'avg_crds_semantic_similarity': 0.49271467328071594, 'avg_crds_cf_distance': 0.0, 'num_valid_crds_neg': 282.0, 'epoch': 0.82}
{'loss': 0.0217, 'grad_norm': 0.07470703125, 'learning_rate': 0.00019473972602739728, 'loss_simcse': 0.01953125, 'loss_crds': 0.043298084288835526, 'loss_total': 0.02169615402817726, 'avg_crds_neg_weight': 0.2075689136981964, 'avg_crds_reliability': 0.44132357835769653, 'avg_crds_semantic_similarity': 0.5035562515258789, 'avg_crds_cf_distance': 0.0, 'num_valid_crds_neg': 356.0, 'epoch': 0.82}
{'loss': 0.0212, 'grad_norm': 0.0751953125, 'learning_rate': 0.00019463013698630137, 'loss_simcse': 0.0191650390625, 'loss_crds': 0.0403597317636013, 'loss_total': 0.02118302509188652, 'avg_crds_neg_weight': 0.19186294078826904, 'avg_crds_reliability': 0.41951316595077515, 'avg_crds_semantic_similarity': 0.4858870208263397, 'avg_crds_cf_distance': 0.0, 'num_valid_crds_neg': 370.0, 'epoch': 0.82}
{'loss': 0.0208, 'grad_norm': 0.08251953125, 'learning_rate': 0.00019452054794520549, 'loss_simcse': 0.0186767578125, 'loss_crds': 0.04200338199734688, 'loss_total': 0.02077692747116089, 'avg_crds_neg_weight': 0.19816672801971436, 'avg_crds_reliability': 0.4118868112564087, 'avg_crds_semantic_similarity': 0.49511465430259705, 'avg_crds_cf_distance': 0.0, 'num_valid_crds_neg': 331.0, 'epoch': 0.82}
{'loss': 0.0205, 'grad_norm': 0.08154296875, 'learning_rate': 0.0001944109589041096, 'loss_simcse': 0.0184326171875, 'loss_crds': 0.04166830703616142, 'loss_total': 0.020516032353043556, 'avg_crds_neg_weight': 0.20037579536437988, 'avg_crds_reliability': 0.416788786649704, 'avg_crds_semantic_similarity': 0.4996916651725769, 'avg_crds_cf_distance': 0.0, 'num_valid_crds_neg': 337.0, 'epoch': 0.83}
{'loss': 0.0208, 'grad_norm': 0.06689453125, 'learning_rate': 0.0001943013698630137, 'loss_simcse': 0.0185546875, 'loss_crds': 0.045731622725725174, 'loss_total': 0.020841268822550774, 'avg_crds_neg_weight': 0.19831931591033936, 'avg_crds_reliability': 0.41827085614204407, 'avg_crds_semantic_similarity': 0.5097261071205139, 'avg_crds_cf_distance': 0.0, 'num_valid_crds_neg': 308.0, 'epoch': 0.83}
{'loss': 0.0209, 'grad_norm': 0.07958984375, 'learning_rate': 0.00019419178082191784, 'loss_simcse': 0.01904296875, 'loss_crds': 0.0378902405500412, 'loss_total': 0.020937480032444, 'avg_crds_neg_weight': 0.19732666015625, 'avg_crds_reliability': 0.42692431807518005, 'avg_crds_semantic_similarity': 0.487844318151474, 'avg_crds_cf_distance': 0.0, 'num_valid_crds_neg': 329.0, 'epoch': 0.83}
{'loss': 0.0206, 'grad_norm': 0.07763671875, 'learning_rate': 0.00019408219178082193, 'loss_simcse': 0.01904296875, 'loss_crds': 0.03097103163599968, 'loss_total': 0.02059151977300644, 'avg_crds_neg_weight': 0.19726204872131348, 'avg_crds_reliability': 0.4193093776702881, 'avg_crds_semantic_similarity': 0.48565346002578735, 'avg_crds_cf_distance': 0.0, 'num_valid_crds_neg': 352.0, 'epoch': 0.83}
{'loss': 0.0208, 'grad_norm': 0.07861328125, 'learning_rate': 0.00019397260273972604, 'loss_simcse': 0.0191650390625, 'loss_crds': 0.03240285813808441, 'loss_total': 0.02078518271446228, 'avg_crds_neg_weight': 0.19601471722126007, 'avg_crds_reliability': 0.41622498631477356, 'avg_crds_semantic_similarity': 0.5043231844902039, 'avg_crds_cf_distance': 0.0, 'num_valid_crds_neg': 328.0, 'epoch': 0.84}
{'loss': 0.0206, 'grad_norm': 0.078125, 'learning_rate': 0.00019386301369863013, 'loss_simcse': 0.0186767578125, 'loss_crds': 0.03880017250776291, 'loss_total': 0.020616766065359116, 'avg_crds_neg_weight': 0.1916922628879547, 'avg_crds_reliability': 0.40900781750679016, 'avg_crds_semantic_similarity': 0.5002109408378601, 'avg_crds_cf_distance': 0.0, 'num_valid_crds_neg': 272.0, 'epoch': 0.84}
{'loss': 0.0206, 'grad_norm': 0.07861328125, 'learning_rate': 0.00019375342465753425, 'loss_simcse': 0.0186767578125, 'loss_crds': 0.03826184198260307, 'loss_total': 0.02058985084295273, 'avg_crds_neg_weight': 0.2033761888742447, 'avg_crds_reliability': 0.4299839437007904, 'avg_crds_semantic_similarity': 0.4889916181564331, 'avg_crds_cf_distance': 0.0, 'num_valid_crds_neg': 346.0, 'epoch': 0.84}
{'loss': 0.0213, 'grad_norm': 0.07861328125, 'learning_rate': 0.00019364383561643836, 'loss_simcse': 0.0189208984375, 'loss_crds': 0.048467785120010376, 'loss_total': 0.02134428732097149, 'avg_crds_neg_weight': 0.19768236577510834, 'avg_crds_reliability': 0.4200531840324402, 'avg_crds_semantic_similarity': 0.5041787624359131, 'avg_crds_cf_distance': 0.0, 'num_valid_crds_neg': 353.0, 'epoch': 0.84}
{'loss': 0.0201, 'grad_norm': 0.06591796875, 'learning_rate': 0.00019353424657534248, 'loss_simcse': 0.0185546875, 'loss_crds': 0.03136974200606346, 'loss_total': 0.020123174414038658, 'avg_crds_neg_weight': 0.1982589066028595, 'avg_crds_reliability': 0.4225456118583679, 'avg_crds_semantic_similarity': 0.47490519285202026, 'avg_crds_cf_distance': 0.0, 'num_valid_crds_neg': 353.0, 'epoch': 0.84}
{'loss': 0.0205, 'grad_norm': 0.0810546875, 'learning_rate': 0.0001934246575342466, 'loss_simcse': 0.0186767578125, 'loss_crds': 0.03688405454158783, 'loss_total': 0.02052096091210842, 'avg_crds_neg_weight': 0.20800194144248962, 'avg_crds_reliability': 0.425949364900589, 'avg_crds_semantic_similarity': 0.5012131929397583, 'avg_crds_cf_distance': 0.0, 'num_valid_crds_neg': 281.0, 'epoch': 0.85}
{'loss': 0.0207, 'grad_norm': 0.0693359375, 'learning_rate': 0.0001933150684931507, 'loss_simcse': 0.0185546875, 'loss_crds': 0.04330470785498619, 'loss_total': 0.020719923079013824, 'avg_crds_neg_weight': 0.19838790595531464, 'avg_crds_reliability': 0.41739699244499207, 'avg_crds_semantic_similarity': 0.4995211660861969, 'avg_crds_cf_distance': 0.0, 'num_valid_crds_neg': 333.0, 'epoch': 0.85}
{'loss': 0.0211, 'grad_norm': 0.07861328125, 'learning_rate': 0.0001932054794520548, 'loss_simcse': 0.01904296875, 'loss_crds': 0.04159282520413399, 'loss_total': 0.021122610196471214, 'avg_crds_neg_weight': 0.20893354713916779, 'avg_crds_reliability': 0.42453017830848694, 'avg_crds_semantic_similarity': 0.4973968267440796, 'avg_crds_cf_distance': 0.0, 'num_valid_crds_neg': 308.0, 'epoch': 0.85}
{'loss': 0.02, 'grad_norm': 0.07373046875, 'learning_rate': 0.00019309589041095892, 'loss_simcse': 0.018310546875, 'loss_crds': 0.034029725939035416, 'loss_total': 0.020012032240629196, 'avg_crds_neg_weight': 0.19076459109783173, 'avg_crds_reliability': 0.4090709984302521, 'avg_crds_semantic_similarity': 0.4889366924762726, 'avg_crds_cf_distance': 0.0, 'num_valid_crds_neg': 306.0, 'epoch': 0.85}
{'loss': 0.0211, 'grad_norm': 0.06640625, 'learning_rate': 0.000192986301369863, 'loss_simcse': 0.0185546875, 'loss_crds': 0.05022837594151497, 'loss_total': 0.021066106855869293, 'avg_crds_neg_weight': 0.20548132061958313, 'avg_crds_reliability': 0.43894121050834656, 'avg_crds_semantic_similarity': 0.48933976888656616, 'avg_crds_cf_distance': 0.0, 'num_valid_crds_neg': 350.0, 'epoch': 0.86}
{'loss': 0.0204, 'grad_norm': 0.06884765625, 'learning_rate': 0.00019287671232876713, 'loss_simcse': 0.0181884765625, 'loss_crds': 0.04511958733201027, 'loss_total': 0.020444456487894058, 'avg_crds_neg_weight': 0.20405876636505127, 'avg_crds_reliability': 0.421680212020874, 'avg_crds_semantic_similarity': 0.48657143115997314, 'avg_crds_cf_distance': 0.0, 'num_valid_crds_neg': 308.0, 'epoch': 0.86}
{'loss': 0.0207, 'grad_norm': 0.07470703125, 'learning_rate': 0.00019276712328767124, 'loss_simcse': 0.0186767578125, 'loss_crds': 0.03991688787937164, 'loss_total': 0.020672602578997612, 'avg_crds_neg_weight': 0.20639868080615997, 'avg_crds_reliability': 0.43356752395629883, 'avg_crds_semantic_similarity': 0.5034140944480896, 'avg_crds_cf_distance': 0.0, 'num_valid_crds_neg': 342.0, 'epoch': 0.86}
{'loss': 0.0203, 'grad_norm': 0.0712890625, 'learning_rate': 0.00019265753424657536, 'loss_simcse': 0.0186767578125, 'loss_crds': 0.03153640776872635, 'loss_total': 0.020253578200936317, 'avg_crds_neg_weight': 0.19282452762126923, 'avg_crds_reliability': 0.41224706172943115, 'avg_crds_semantic_similarity': 0.48781874775886536, 'avg_crds_cf_distance': 0.0, 'num_valid_crds_neg': 302.0, 'epoch': 0.86}
{'loss': 0.0213, 'grad_norm': 0.076171875, 'learning_rate': 0.00019254794520547945, 'loss_simcse': 0.0189208984375, 'loss_crds': 0.0480172224342823, 'loss_total': 0.02132175862789154, 'avg_crds_neg_weight': 0.20304960012435913, 'avg_crds_reliability': 0.4315486252307892, 'avg_crds_semantic_similarity': 0.5079443454742432, 'avg_crds_cf_distance': 0.0, 'num_valid_crds_neg': 362.0, 'epoch': 0.87}
{'loss': 0.0245, 'grad_norm': 0.125, 'learning_rate': 0.00019243835616438357, 'loss_simcse': 0.0216064453125, 'loss_crds': 0.05732183903455734, 'loss_total': 0.024472536519169807, 'avg_crds_neg_weight': 0.19739265739917755, 'avg_crds_reliability': 0.4218125343322754, 'avg_crds_semantic_similarity': 0.5038850903511047, 'avg_crds_cf_distance': 0.0, 'num_valid_crds_neg': 286.0, 'epoch': 0.87}
{'loss': 0.0212, 'grad_norm': 0.0859375, 'learning_rate': 0.00019232876712328768, 'loss_simcse': 0.019287109375, 'loss_crds': 0.03818274289369583, 'loss_total': 0.02119624614715576, 'avg_crds_neg_weight': 0.1829380989074707, 'avg_crds_reliability': 0.4091641902923584, 'avg_crds_semantic_similarity': 0.500568151473999, 'avg_crds_cf_distance': 0.0, 'num_valid_crds_neg': 270.0, 'epoch': 0.87}
{'loss': 0.0206, 'grad_norm': 0.07080078125, 'learning_rate': 0.0001922191780821918, 'loss_simcse': 0.01806640625, 'loss_crds': 0.050340425223112106, 'loss_total': 0.02058342844247818, 'avg_crds_neg_weight': 0.20380601286888123, 'avg_crds_reliability': 0.4194844961166382, 'avg_crds_semantic_similarity': 0.49856626987457275, 'avg_crds_cf_distance': 0.0, 'num_valid_crds_neg': 384.0, 'epoch': 0.87}
{'loss': 0.0209, 'grad_norm': 0.0771484375, 'learning_rate': 0.00019210958904109592, 'loss_simcse': 0.0186767578125, 'loss_crds': 0.04498114064335823, 'loss_total': 0.020925814285874367, 'avg_crds_neg_weight': 0.195234015583992, 'avg_crds_reliability': 0.41669660806655884, 'avg_crds_semantic_similarity': 0.4907315671443939, 'avg_crds_cf_distance': 0.0, 'num_valid_crds_neg': 310.0, 'epoch': 0.88}
{'loss': 0.0204, 'grad_norm': 0.0693359375, 'learning_rate': 0.000192, 'loss_simcse': 0.0184326171875, 'loss_crds': 0.03984062746167183, 'loss_total': 0.020424649119377136, 'avg_crds_neg_weight': 0.20847097039222717, 'avg_crds_reliability': 0.4259762465953827, 'avg_crds_semantic_similarity': 0.5231724977493286, 'avg_crds_cf_distance': 0.0, 'num_valid_crds_neg': 316.0, 'epoch': 0.88}
{'loss': 0.0204, 'grad_norm': 0.07080078125, 'learning_rate': 0.00019189041095890412, 'loss_simcse': 0.0184326171875, 'loss_crds': 0.04032665491104126, 'loss_total': 0.020448949187994003, 'avg_crds_neg_weight': 0.1944907307624817, 'avg_crds_reliability': 0.4226573705673218, 'avg_crds_semantic_similarity': 0.49371248483657837, 'avg_crds_cf_distance': 0.0, 'num_valid_crds_neg': 339.0, 'epoch': 0.88}
{'loss': 0.0244, 'grad_norm': 0.0859375, 'learning_rate': 0.0001917808219178082, 'loss_simcse': 0.022216796875, 'loss_crds': 0.04272790998220444, 'loss_total': 0.02435319311916828, 'avg_crds_neg_weight': 0.21346858143806458, 'avg_crds_reliability': 0.4260651469230652, 'avg_crds_semantic_similarity': 0.5072060823440552, 'avg_crds_cf_distance': 0.0, 'num_valid_crds_neg': 318.0, 'epoch': 0.88}
{'loss': 0.0211, 'grad_norm': 0.09228515625, 'learning_rate': 0.00019167123287671233, 'loss_simcse': 0.0194091796875, 'loss_crds': 0.034741997718811035, 'loss_total': 0.021146278828382492, 'avg_crds_neg_weight': 0.1929890513420105, 'avg_crds_reliability': 0.4044659733772278, 'avg_crds_semantic_similarity': 0.4873184263706207, 'avg_crds_cf_distance': 0.0, 'num_valid_crds_neg': 326.0, 'epoch': 0.88}
{'loss': 0.0206, 'grad_norm': 0.076171875, 'learning_rate': 0.00019156164383561644, 'loss_simcse': 0.018310546875, 'loss_crds': 0.04519650340080261, 'loss_total': 0.02057037129998207, 'avg_crds_neg_weight': 0.19714225828647614, 'avg_crds_reliability': 0.4231846332550049, 'avg_crds_semantic_similarity': 0.49989789724349976, 'avg_crds_cf_distance': 0.0, 'num_valid_crds_neg': 297.0, 'epoch': 0.89}
{'loss': 0.0218, 'grad_norm': 0.083984375, 'learning_rate': 0.00019145205479452056, 'loss_simcse': 0.019287109375, 'loss_crds': 0.05034428834915161, 'loss_total': 0.02180432341992855, 'avg_crds_neg_weight': 0.19188296794891357, 'avg_crds_reliability': 0.41559359431266785, 'avg_crds_semantic_similarity': 0.5030571818351746, 'avg_crds_cf_distance': 0.0, 'num_valid_crds_neg': 343.0, 'epoch': 0.89}
{'loss': 0.0216, 'grad_norm': 0.185546875, 'learning_rate': 0.00019134246575342468, 'loss_simcse': 0.019775390625, 'loss_crds': 0.037050504237413406, 'loss_total': 0.021627916023135185, 'avg_crds_neg_weight': 0.20026570558547974, 'avg_crds_reliability': 0.4364081919193268, 'avg_crds_semantic_similarity': 0.485243558883667, 'avg_crds_cf_distance': 0.0, 'num_valid_crds_neg': 308.0, 'epoch': 0.89}
{'loss': 0.022, 'grad_norm': 0.09130859375, 'learning_rate': 0.00019123287671232877, 'loss_simcse': 0.019775390625, 'loss_crds': 0.04419776424765587, 'loss_total': 0.021985279396176338, 'avg_crds_neg_weight': 0.20322135090827942, 'avg_crds_reliability': 0.4182743728160858, 'avg_crds_semantic_similarity': 0.5027675628662109, 'avg_crds_cf_distance': 0.0, 'num_valid_crds_neg': 310.0, 'epoch': 0.89}
{'loss': 0.0211, 'grad_norm': 0.076171875, 'learning_rate': 0.00019112328767123288, 'loss_simcse': 0.018798828125, 'loss_crds': 0.04507044702768326, 'loss_total': 0.021052351221442223, 'avg_crds_neg_weight': 0.20966120064258575, 'avg_crds_reliability': 0.4286027252674103, 'avg_crds_semantic_similarity': 0.5022379159927368, 'avg_crds_cf_distance': 0.0, 'num_valid_crds_neg': 328.0, 'epoch': 0.9}
{'loss': 0.0205, 'grad_norm': 0.08203125, 'learning_rate': 0.000191013698630137, 'loss_simcse': 0.0186767578125, 'loss_crds': 0.037434693425893784, 'loss_total': 0.020548492670059204, 'avg_crds_neg_weight': 0.19935843348503113, 'avg_crds_reliability': 0.41411784291267395, 'avg_crds_semantic_similarity': 0.5014188289642334, 'avg_crds_cf_distance': 0.0, 'num_valid_crds_neg': 330.0, 'epoch': 0.9}
{'loss': 0.0205, 'grad_norm': 0.072265625, 'learning_rate': 0.0001909041095890411, 'loss_simcse': 0.0186767578125, 'loss_crds': 0.03708724305033684, 'loss_total': 0.020531119778752327, 'avg_crds_neg_weight': 0.20837897062301636, 'avg_crds_reliability': 0.4340225160121918, 'avg_crds_semantic_similarity': 0.489883154630661, 'avg_crds_cf_distance': 0.0, 'num_valid_crds_neg': 340.0, 'epoch': 0.9}
{'loss': 0.0202, 'grad_norm': 0.06787109375, 'learning_rate': 0.00019079452054794523, 'loss_simcse': 0.0185546875, 'loss_crds': 0.032363682985305786, 'loss_total': 0.02017287164926529, 'avg_crds_neg_weight': 0.19424749910831451, 'avg_crds_reliability': 0.41152632236480713, 'avg_crds_semantic_similarity': 0.49305108189582825, 'avg_crds_cf_distance': 0.0, 'num_valid_crds_neg': 296.0, 'epoch': 0.9}
{'loss': 0.0209, 'grad_norm': 0.072265625, 'learning_rate': 0.00019068493150684932, 'loss_simcse': 0.0185546875, 'loss_crds': 0.04715477302670479, 'loss_total': 0.020912425592541695, 'avg_crds_neg_weight': 0.20025843381881714, 'avg_crds_reliability': 0.41949382424354553, 'avg_crds_semantic_similarity': 0.49259936809539795, 'avg_crds_cf_distance': 0.0, 'num_valid_crds_neg': 311.0, 'epoch': 0.91}
{'loss': 0.0204, 'grad_norm': 0.06982421875, 'learning_rate': 0.00019057534246575344, 'loss_simcse': 0.0185546875, 'loss_crds': 0.03657953068614006, 'loss_total': 0.020383663475513458, 'avg_crds_neg_weight': 0.21007783710956573, 'avg_crds_reliability': 0.42622649669647217, 'avg_crds_semantic_similarity': 0.5128662586212158, 'avg_crds_cf_distance': 0.0, 'num_valid_crds_neg': 321.0, 'epoch': 0.91}
{'loss': 0.0214, 'grad_norm': 0.0810546875, 'learning_rate': 0.00019046575342465753, 'loss_simcse': 0.01904296875, 'loss_crds': 0.04780960828065872, 'loss_total': 0.021433448418974876, 'avg_crds_neg_weight': 0.21478556096553802, 'avg_crds_reliability': 0.4298630952835083, 'avg_crds_semantic_similarity': 0.500537097454071, 'avg_crds_cf_distance': 0.0, 'num_valid_crds_neg': 306.0, 'epoch': 0.91}
{'loss': 0.0206, 'grad_norm': 0.0673828125, 'learning_rate': 0.00019035616438356165, 'loss_simcse': 0.0186767578125, 'loss_crds': 0.03805173933506012, 'loss_total': 0.020579345524311066, 'avg_crds_neg_weight': 0.21854104101657867, 'avg_crds_reliability': 0.44584915041923523, 'avg_crds_semantic_similarity': 0.49756842851638794, 'avg_crds_cf_distance': 0.0, 'num_valid_crds_neg': 328.0, 'epoch': 0.91}
{'loss': 0.0221, 'grad_norm': 0.07666015625, 'learning_rate': 0.00019024657534246576, 'loss_simcse': 0.01953125, 'loss_crds': 0.051274705678224564, 'loss_total': 0.022094985470175743, 'avg_crds_neg_weight': 0.19415068626403809, 'avg_crds_reliability': 0.4095923900604248, 'avg_crds_semantic_similarity': 0.49198105931282043, 'avg_crds_cf_distance': 0.0, 'num_valid_crds_neg': 340.0, 'epoch': 0.92}
{'loss': 0.0199, 'grad_norm': 0.06884765625, 'learning_rate': 0.00019013698630136988, 'loss_simcse': 0.0184326171875, 'loss_crds': 0.030169200152158737, 'loss_total': 0.019941076636314392, 'avg_crds_neg_weight': 0.19586671888828278, 'avg_crds_reliability': 0.4178738594055176, 'avg_crds_semantic_similarity': 0.4963696002960205, 'avg_crds_cf_distance': 0.0, 'num_valid_crds_neg': 327.0, 'epoch': 0.92}
{'loss': 0.024, 'grad_norm': 0.0859375, 'learning_rate': 0.000190027397260274, 'loss_simcse': 0.02197265625, 'loss_crds': 0.040954314172267914, 'loss_total': 0.024020371958613396, 'avg_crds_neg_weight': 0.2055150419473648, 'avg_crds_reliability': 0.42635291814804077, 'avg_crds_semantic_similarity': 0.4909264147281647, 'avg_crds_cf_distance': 0.0, 'num_valid_crds_neg': 325.0, 'epoch': 0.92}
{'loss': 0.0217, 'grad_norm': 0.09130859375, 'learning_rate': 0.00018991780821917808, 'loss_simcse': 0.0198974609375, 'loss_crds': 0.03660134971141815, 'loss_total': 0.021727528423070908, 'avg_crds_neg_weight': 0.19914677739143372, 'avg_crds_reliability': 0.4166862368583679, 'avg_crds_semantic_similarity': 0.49216336011886597, 'avg_crds_cf_distance': 0.0, 'num_valid_crds_neg': 334.0, 'epoch': 0.92}
{'loss': 0.0265, 'grad_norm': 0.07080078125, 'learning_rate': 0.0001898082191780822, 'loss_simcse': 0.0240478515625, 'loss_crds': 0.048831257969141006, 'loss_total': 0.026489414274692535, 'avg_crds_neg_weight': 0.20043031871318817, 'avg_crds_reliability': 0.4284915030002594, 'avg_crds_semantic_similarity': 0.5027565360069275, 'avg_crds_cf_distance': 0.0, 'num_valid_crds_neg': 338.0, 'epoch': 0.92}
{'loss': 0.0205, 'grad_norm': 0.06494140625, 'learning_rate': 0.0001896986301369863, 'loss_simcse': 0.018310546875, 'loss_crds': 0.043908730149269104, 'loss_total': 0.020505983382463455, 'avg_crds_neg_weight': 0.20494969189167023, 'avg_crds_reliability': 0.4288713335990906, 'avg_crds_semantic_similarity': 0.4964902102947235, 'avg_crds_cf_distance': 0.0, 'num_valid_crds_neg': 348.0, 'epoch': 0.93}
{'loss': 0.0198, 'grad_norm': 0.05908203125, 'learning_rate': 0.0001895890410958904, 'loss_simcse': 0.0181884765625, 'loss_crds': 0.031584326177835464, 'loss_total': 0.01976769231259823, 'avg_crds_neg_weight': 0.18975597620010376, 'avg_crds_reliability': 0.40942880511283875, 'avg_crds_semantic_similarity': 0.4945037364959717, 'avg_crds_cf_distance': 0.0, 'num_valid_crds_neg': 292.0, 'epoch': 0.93}
{'loss': 0.0202, 'grad_norm': 0.064453125, 'learning_rate': 0.00018947945205479455, 'loss_simcse': 0.01806640625, 'loss_crds': 0.042342398315668106, 'loss_total': 0.02018352597951889, 'avg_crds_neg_weight': 0.20525991916656494, 'avg_crds_reliability': 0.4269939959049225, 'avg_crds_semantic_similarity': 0.48436444997787476, 'avg_crds_cf_distance': 0.0, 'num_valid_crds_neg': 326.0, 'epoch': 0.93}
{'loss': 0.0203, 'grad_norm': 0.0654296875, 'learning_rate': 0.00018936986301369864, 'loss_simcse': 0.018310546875, 'loss_crds': 0.03885946422815323, 'loss_total': 0.02025352045893669, 'avg_crds_neg_weight': 0.2027137577533722, 'avg_crds_reliability': 0.4270494878292084, 'avg_crds_semantic_similarity': 0.49955275654792786, 'avg_crds_cf_distance': 0.0, 'num_valid_crds_neg': 301.0, 'epoch': 0.93}
{'loss': 0.0209, 'grad_norm': 0.06591796875, 'learning_rate': 0.00018926027397260276, 'loss_simcse': 0.0185546875, 'loss_crds': 0.04767835885286331, 'loss_total': 0.020938605070114136, 'avg_crds_neg_weight': 0.2022516131401062, 'avg_crds_reliability': 0.4252454340457916, 'avg_crds_semantic_similarity': 0.49322599172592163, 'avg_crds_cf_distance': 0.0, 'num_valid_crds_neg': 352.0, 'epoch': 0.94}
{'loss': 0.0207, 'grad_norm': 0.06494140625, 'learning_rate': 0.00018915068493150685, 'loss_simcse': 0.018310546875, 'loss_crds': 0.04780443385243416, 'loss_total': 0.020700767636299133, 'avg_crds_neg_weight': 0.2083631306886673, 'avg_crds_reliability': 0.4265597462654114, 'avg_crds_semantic_similarity': 0.5123079419136047, 'avg_crds_cf_distance': 0.0, 'num_valid_crds_neg': 315.0, 'epoch': 0.94}
{'loss': 0.0235, 'grad_norm': 0.0859375, 'learning_rate': 0.00018904109589041096, 'loss_simcse': 0.0213623046875, 'loss_crds': 0.04349712282419205, 'loss_total': 0.023537160828709602, 'avg_crds_neg_weight': 0.19794395565986633, 'avg_crds_reliability': 0.42349717020988464, 'avg_crds_semantic_similarity': 0.49457859992980957, 'avg_crds_cf_distance': 0.0, 'num_valid_crds_neg': 362.0, 'epoch': 0.94}
{'loss': 0.021, 'grad_norm': 0.068359375, 'learning_rate': 0.00018893150684931508, 'loss_simcse': 0.0185546875, 'loss_crds': 0.04867979884147644, 'loss_total': 0.020988676697015762, 'avg_crds_neg_weight': 0.21242396533489227, 'avg_crds_reliability': 0.414592981338501, 'avg_crds_semantic_similarity': 0.5213183164596558, 'avg_crds_cf_distance': 0.0, 'num_valid_crds_neg': 374.0, 'epoch': 0.94}
{'loss': 0.0194, 'grad_norm': 0.06689453125, 'learning_rate': 0.0001888219178082192, 'loss_simcse': 0.0179443359375, 'loss_crds': 0.030041266232728958, 'loss_total': 0.019446399062871933, 'avg_crds_neg_weight': 0.1974775642156601, 'avg_crds_reliability': 0.4121708273887634, 'avg_crds_semantic_similarity': 0.4906157851219177, 'avg_crds_cf_distance': 0.0, 'num_valid_crds_neg': 310.0, 'epoch': 0.95}
{'loss': 0.0209, 'grad_norm': 0.0703125, 'learning_rate': 0.0001887123287671233, 'loss_simcse': 0.0189208984375, 'loss_crds': 0.0389983244240284, 'loss_total': 0.020870814099907875, 'avg_crds_neg_weight': 0.1934463530778885, 'avg_crds_reliability': 0.4108540117740631, 'avg_crds_semantic_similarity': 0.4882897138595581, 'avg_crds_cf_distance': 0.0, 'num_valid_crds_neg': 300.0, 'epoch': 0.95}
{'loss': 0.0197, 'grad_norm': 0.061279296875, 'learning_rate': 0.0001886027397260274, 'loss_simcse': 0.0181884765625, 'loss_crds': 0.03092239610850811, 'loss_total': 0.019734596833586693, 'avg_crds_neg_weight': 0.1919250637292862, 'avg_crds_reliability': 0.421575129032135, 'avg_crds_semantic_similarity': 0.4834020435810089, 'avg_crds_cf_distance': 0.0, 'num_valid_crds_neg': 314.0, 'epoch': 0.95}
{'loss': 0.0204, 'grad_norm': 0.072265625, 'learning_rate': 0.00018849315068493152, 'loss_simcse': 0.0184326171875, 'loss_crds': 0.03908456861972809, 'loss_total': 0.020386844873428345, 'avg_crds_neg_weight': 0.19577237963676453, 'avg_crds_reliability': 0.41288965940475464, 'avg_crds_semantic_similarity': 0.4936889111995697, 'avg_crds_cf_distance': 0.0, 'num_valid_crds_neg': 329.0, 'epoch': 0.95}
{'loss': 0.0198, 'grad_norm': 0.060546875, 'learning_rate': 0.0001883835616438356, 'loss_simcse': 0.0177001953125, 'loss_crds': 0.04276132956147194, 'loss_total': 0.01983826234936714, 'avg_crds_neg_weight': 0.19639672338962555, 'avg_crds_reliability': 0.42294758558273315, 'avg_crds_semantic_similarity': 0.5091592669487, 'avg_crds_cf_distance': 0.0, 'num_valid_crds_neg': 343.0, 'epoch': 0.96}
{'loss': 0.0199, 'grad_norm': 0.058349609375, 'learning_rate': 0.00018827397260273972, 'loss_simcse': 0.0179443359375, 'loss_crds': 0.03891996294260025, 'loss_total': 0.019890334457159042, 'avg_crds_neg_weight': 0.1944074034690857, 'avg_crds_reliability': 0.4164624810218811, 'avg_crds_semantic_similarity': 0.5057665705680847, 'avg_crds_cf_distance': 0.0, 'num_valid_crds_neg': 309.0, 'epoch': 0.96}
{'loss': 0.0198, 'grad_norm': 0.06494140625, 'learning_rate': 0.00018816438356164384, 'loss_simcse': 0.0177001953125, 'loss_crds': 0.04157785326242447, 'loss_total': 0.019779087975621223, 'avg_crds_neg_weight': 0.19938696920871735, 'avg_crds_reliability': 0.4247097671031952, 'avg_crds_semantic_similarity': 0.5007261633872986, 'avg_crds_cf_distance': 0.0, 'num_valid_crds_neg': 380.0, 'epoch': 0.96}
{'loss': 0.0207, 'grad_norm': 0.06396484375, 'learning_rate': 0.00018805479452054796, 'loss_simcse': 0.0181884765625, 'loss_crds': 0.05120514705777168, 'loss_total': 0.02074873447418213, 'avg_crds_neg_weight': 0.20774106681346893, 'avg_crds_reliability': 0.42367997765541077, 'avg_crds_semantic_similarity': 0.5034658312797546, 'avg_crds_cf_distance': 0.0, 'num_valid_crds_neg': 324.0, 'epoch': 0.96}
{'loss': 0.0215, 'grad_norm': 0.087890625, 'learning_rate': 0.00018794520547945207, 'loss_simcse': 0.01953125, 'loss_crds': 0.039682548493146896, 'loss_total': 0.0215153768658638, 'avg_crds_neg_weight': 0.2010549157857895, 'avg_crds_reliability': 0.41727519035339355, 'avg_crds_semantic_similarity': 0.49300193786621094, 'avg_crds_cf_distance': 0.0, 'num_valid_crds_neg': 320.0, 'epoch': 0.96}
{'loss': 0.0216, 'grad_norm': 0.10888671875, 'learning_rate': 0.00018783561643835616, 'loss_simcse': 0.0194091796875, 'loss_crds': 0.042922183871269226, 'loss_total': 0.02155528962612152, 'avg_crds_neg_weight': 0.20735642313957214, 'avg_crds_reliability': 0.4454965591430664, 'avg_crds_semantic_similarity': 0.49641552567481995, 'avg_crds_cf_distance': 0.0, 'num_valid_crds_neg': 347.0, 'epoch': 0.97}
{'loss': 0.0203, 'grad_norm': 0.0654296875, 'learning_rate': 0.00018772602739726028, 'loss_simcse': 0.0181884765625, 'loss_crds': 0.04180671274662018, 'loss_total': 0.02027881145477295, 'avg_crds_neg_weight': 0.21154512465000153, 'avg_crds_reliability': 0.43190300464630127, 'avg_crds_semantic_similarity': 0.4926770329475403, 'avg_crds_cf_distance': 0.0, 'num_valid_crds_neg': 313.0, 'epoch': 0.97}
{'loss': 0.0202, 'grad_norm': 0.064453125, 'learning_rate': 0.0001876164383561644, 'loss_simcse': 0.0181884765625, 'loss_crds': 0.039645664393901825, 'loss_total': 0.02017075940966606, 'avg_crds_neg_weight': 0.19387948513031006, 'avg_crds_reliability': 0.426667183637619, 'avg_crds_semantic_similarity': 0.4954075515270233, 'avg_crds_cf_distance': 0.0, 'num_valid_crds_neg': 349.0, 'epoch': 0.97}
{'loss': 0.0217, 'grad_norm': 0.08056640625, 'learning_rate': 0.00018750684931506851, 'loss_simcse': 0.0191650390625, 'loss_crds': 0.05092616379261017, 'loss_total': 0.02171134762465954, 'avg_crds_neg_weight': 0.21294844150543213, 'avg_crds_reliability': 0.44409647583961487, 'avg_crds_semantic_similarity': 0.48411792516708374, 'avg_crds_cf_distance': 0.0, 'num_valid_crds_neg': 336.0, 'epoch': 0.97}
{'loss': 0.0205, 'grad_norm': 0.072265625, 'learning_rate': 0.00018739726027397263, 'loss_simcse': 0.018310546875, 'loss_crds': 0.04431586340069771, 'loss_total': 0.0205263402312994, 'avg_crds_neg_weight': 0.20490948855876923, 'avg_crds_reliability': 0.41368627548217773, 'avg_crds_semantic_similarity': 0.49739861488342285, 'avg_crds_cf_distance': 0.0, 'num_valid_crds_neg': 315.0, 'epoch': 0.98}
{'loss': 0.0212, 'grad_norm': 0.07177734375, 'learning_rate': 0.00018728767123287672, 'loss_simcse': 0.018798828125, 'loss_crds': 0.04761141911149025, 'loss_total': 0.021179398521780968, 'avg_crds_neg_weight': 0.21221709251403809, 'avg_crds_reliability': 0.42319902777671814, 'avg_crds_semantic_similarity': 0.49042555689811707, 'avg_crds_cf_distance': 0.0, 'num_valid_crds_neg': 281.0, 'epoch': 0.98}
{'loss': 0.0197, 'grad_norm': 0.06884765625, 'learning_rate': 0.00018717808219178084, 'loss_simcse': 0.01806640625, 'loss_crds': 0.0333733968436718, 'loss_total': 0.019735075533390045, 'avg_crds_neg_weight': 0.192357137799263, 'avg_crds_reliability': 0.4152037501335144, 'avg_crds_semantic_similarity': 0.48165592551231384, 'avg_crds_cf_distance': 0.0, 'num_valid_crds_neg': 303.0, 'epoch': 0.98}
{'loss': 0.0206, 'grad_norm': 0.06494140625, 'learning_rate': 0.00018706849315068493, 'loss_simcse': 0.0186767578125, 'loss_crds': 0.03938805311918259, 'loss_total': 0.02064616046845913, 'avg_crds_neg_weight': 0.1998797506093979, 'avg_crds_reliability': 0.42250901460647583, 'avg_crds_semantic_similarity': 0.4954843819141388, 'avg_crds_cf_distance': 0.0, 'num_valid_crds_neg': 345.0, 'epoch': 0.98}
{'loss': 0.0204, 'grad_norm': 0.072265625, 'learning_rate': 0.00018695890410958904, 'loss_simcse': 0.0186767578125, 'loss_crds': 0.03445906937122345, 'loss_total': 0.020399712026119232, 'avg_crds_neg_weight': 0.20310156047344208, 'avg_crds_reliability': 0.4226163923740387, 'avg_crds_semantic_similarity': 0.49425405263900757, 'avg_crds_cf_distance': 0.0, 'num_valid_crds_neg': 277.0, 'epoch': 0.99}
{'loss': 0.0216, 'grad_norm': 0.0859375, 'learning_rate': 0.00018684931506849316, 'loss_simcse': 0.0191650390625, 'loss_crds': 0.04841981083154678, 'loss_total': 0.02158602885901928, 'avg_crds_neg_weight': 0.2006523609161377, 'avg_crds_reliability': 0.4345433712005615, 'avg_crds_semantic_similarity': 0.49951398372650146, 'avg_crds_cf_distance': 0.0, 'num_valid_crds_neg': 323.0, 'epoch': 0.99}
{'loss': 0.0195, 'grad_norm': 0.06591796875, 'learning_rate': 0.00018673972602739728, 'loss_simcse': 0.017822265625, 'loss_crds': 0.03445792198181152, 'loss_total': 0.019545162096619606, 'avg_crds_neg_weight': 0.2019602209329605, 'avg_crds_reliability': 0.4330114722251892, 'avg_crds_semantic_similarity': 0.4805697500705719, 'avg_crds_cf_distance': 0.0, 'num_valid_crds_neg': 322.0, 'epoch': 0.99}
{'loss': 0.0201, 'grad_norm': 0.07080078125, 'learning_rate': 0.0001866301369863014, 'loss_simcse': 0.018310546875, 'loss_crds': 0.03666618466377258, 'loss_total': 0.02014385536313057, 'avg_crds_neg_weight': 0.2049187570810318, 'avg_crds_reliability': 0.42136430740356445, 'avg_crds_semantic_similarity': 0.49867692589759827, 'avg_crds_cf_distance': 0.0, 'num_valid_crds_neg': 369.0, 'epoch': 0.99}
{'loss': 0.0194, 'grad_norm': 0.06591796875, 'learning_rate': 0.00018652054794520548, 'loss_simcse': 0.017578125, 'loss_crds': 0.035699356347322464, 'loss_total': 0.01936309225857258, 'avg_crds_neg_weight': 0.19854120910167694, 'avg_crds_reliability': 0.42709240317344666, 'avg_crds_semantic_similarity': 0.4999717175960541, 'avg_crds_cf_distance': 0.0, 'num_valid_crds_neg': 356.0, 'epoch': 1.0}
{'loss': 0.0197, 'grad_norm': 0.06640625, 'learning_rate': 0.0001864109589041096, 'loss_simcse': 0.0179443359375, 'loss_crds': 0.035992331802845, 'loss_total': 0.01974395290017128, 'avg_crds_neg_weight': 0.19840939342975616, 'avg_crds_reliability': 0.4225121736526489, 'avg_crds_semantic_similarity': 0.4859677851200104, 'avg_crds_cf_distance': 0.0, 'num_valid_crds_neg': 317.0, 'epoch': 1.0}
{'loss': 0.0157, 'grad_norm': 0.064453125, 'learning_rate': 0.0001863013698630137, 'loss_simcse': 0.013671875, 'loss_crds': 0.04089492931962013, 'loss_total': 0.01571662165224552, 'avg_crds_neg_weight': 0.18185287714004517, 'avg_crds_reliability': 0.4193856418132782, 'avg_crds_semantic_similarity': 0.48030775785446167, 'avg_crds_cf_distance': 0.0, 'num_valid_crds_neg': 246.0, 'epoch': 1.0}
{'loss': 0.0193, 'grad_norm': 0.0654296875, 'learning_rate': 0.0001861917808219178, 'loss_simcse': 0.0177001953125, 'loss_crds': 0.03143177181482315, 'loss_total': 0.019271783530712128, 'avg_crds_neg_weight': 0.209114208817482, 'avg_crds_reliability': 0.43003135919570923, 'avg_crds_semantic_similarity': 0.4938594102859497, 'avg_crds_cf_distance': 0.0, 'num_valid_crds_neg': 335.0, 'epoch': 1.0}
{'loss': 0.019, 'grad_norm': 0.054931640625, 'learning_rate': 0.00018608219178082195, 'loss_simcse': 0.0172119140625, 'loss_crds': 0.03528275713324547, 'loss_total': 0.01897605136036873, 'avg_crds_neg_weight': 0.20536984503269196, 'avg_crds_reliability': 0.4273330569267273, 'avg_crds_semantic_similarity': 0.4940337836742401, 'avg_crds_cf_distance': 0.0, 'num_valid_crds_neg': 335.0, 'epoch': 1.0}
{'loss': 0.0199, 'grad_norm': 0.0625, 'learning_rate': 0.00018597260273972604, 'loss_simcse': 0.0179443359375, 'loss_crds': 0.038564614951610565, 'loss_total': 0.019872566685080528, 'avg_crds_neg_weight': 0.204926997423172, 'avg_crds_reliability': 0.43185314536094666, 'avg_crds_semantic_similarity': 0.49098604917526245, 'avg_crds_cf_distance': 0.0, 'num_valid_crds_neg': 357.0, 'epoch': 1.01}
{'loss': 0.0198, 'grad_norm': 0.060791015625, 'learning_rate': 0.00018586301369863015, 'loss_simcse': 0.017822265625, 'loss_crds': 0.0399528443813324, 'loss_total': 0.01981990784406662, 'avg_crds_neg_weight': 0.20181934535503387, 'avg_crds_reliability': 0.4376143515110016, 'avg_crds_semantic_similarity': 0.4991235136985779, 'avg_crds_cf_distance': 0.0, 'num_valid_crds_neg': 299.0, 'epoch': 1.01}
{'loss': 0.0197, 'grad_norm': 0.06689453125, 'learning_rate': 0.00018575342465753424, 'loss_simcse': 0.018310546875, 'loss_crds': 0.027692509815096855, 'loss_total': 0.01969517208635807, 'avg_crds_neg_weight': 0.1891045719385147, 'avg_crds_reliability': 0.41800034046173096, 'avg_crds_semantic_similarity': 0.47545692324638367, 'avg_crds_cf_distance': 0.0, 'num_valid_crds_neg': 325.0, 'epoch': 1.01}
{'loss': 0.0213, 'grad_norm': 0.08203125, 'learning_rate': 0.00018564383561643836, 'loss_simcse': 0.01953125, 'loss_crds': 0.03585762530565262, 'loss_total': 0.02132413163781166, 'avg_crds_neg_weight': 0.20626838505268097, 'avg_crds_reliability': 0.42539259791374207, 'avg_crds_semantic_similarity': 0.49485674500465393, 'avg_crds_cf_distance': 0.0, 'num_valid_crds_neg': 343.0, 'epoch': 1.01}
{'loss': 0.0202, 'grad_norm': 0.07275390625, 'learning_rate': 0.00018553424657534248, 'loss_simcse': 0.0184326171875, 'loss_crds': 0.03513617813587189, 'loss_total': 0.020189426839351654, 'avg_crds_neg_weight': 0.2039380520582199, 'avg_crds_reliability': 0.4302041828632355, 'avg_crds_semantic_similarity': 0.49746420979499817, 'avg_crds_cf_distance': 0.0, 'num_valid_crds_neg': 289.0, 'epoch': 1.02}
{'loss': 0.0198, 'grad_norm': 0.0615234375, 'learning_rate': 0.0001854246575342466, 'loss_simcse': 0.0177001953125, 'loss_crds': 0.04217701032757759, 'loss_total': 0.019809044897556305, 'avg_crds_neg_weight': 0.1992204785346985, 'avg_crds_reliability': 0.42354339361190796, 'avg_crds_semantic_similarity': 0.5137808322906494, 'avg_crds_cf_distance': 0.0, 'num_valid_crds_neg': 378.0, 'epoch': 1.02}
{'loss': 0.0203, 'grad_norm': 0.064453125, 'learning_rate': 0.0001853150684931507, 'loss_simcse': 0.018310546875, 'loss_crds': 0.03985443711280823, 'loss_total': 0.02030326798558235, 'avg_crds_neg_weight': 0.19533802568912506, 'avg_crds_reliability': 0.4284361004829407, 'avg_crds_semantic_similarity': 0.49577903747558594, 'avg_crds_cf_distance': 0.0, 'num_valid_crds_neg': 315.0, 'epoch': 1.02}
{'loss': 0.0196, 'grad_norm': 0.062255859375, 'learning_rate': 0.0001852054794520548, 'loss_simcse': 0.017822265625, 'loss_crds': 0.035254012793302536, 'loss_total': 0.01958496682345867, 'avg_crds_neg_weight': 0.2068045437335968, 'avg_crds_reliability': 0.42305833101272583, 'avg_crds_semantic_similarity': 0.5097705721855164, 'avg_crds_cf_distance': 0.0, 'num_valid_crds_neg': 362.0, 'epoch': 1.02}
{'loss': 0.0196, 'grad_norm': 0.07177734375, 'learning_rate': 0.00018509589041095892, 'loss_simcse': 0.0181884765625, 'loss_crds': 0.029131053015589714, 'loss_total': 0.019645029678940773, 'avg_crds_neg_weight': 0.20244207978248596, 'avg_crds_reliability': 0.43362483382225037, 'avg_crds_semantic_similarity': 0.47741174697875977, 'avg_crds_cf_distance': 0.0, 'num_valid_crds_neg': 302.0, 'epoch': 1.03}
{'loss': 0.0196, 'grad_norm': 0.058349609375, 'learning_rate': 0.000184986301369863, 'loss_simcse': 0.0174560546875, 'loss_crds': 0.042349401861429214, 'loss_total': 0.019573524594306946, 'avg_crds_neg_weight': 0.21252810955047607, 'avg_crds_reliability': 0.43977436423301697, 'avg_crds_semantic_similarity': 0.5028398633003235, 'avg_crds_cf_distance': 0.0, 'num_valid_crds_neg': 306.0, 'epoch': 1.03}
{'loss': 0.0194, 'grad_norm': 0.05712890625, 'learning_rate': 0.00018487671232876712, 'loss_simcse': 0.017578125, 'loss_crds': 0.03739494830369949, 'loss_total': 0.019447872415184975, 'avg_crds_neg_weight': 0.19107060134410858, 'avg_crds_reliability': 0.41499063372612, 'avg_crds_semantic_similarity': 0.4917577803134918, 'avg_crds_cf_distance': 0.0, 'num_valid_crds_neg': 310.0, 'epoch': 1.03}
{'loss': 0.0208, 'grad_norm': 0.07080078125, 'learning_rate': 0.00018476712328767124, 'loss_simcse': 0.0186767578125, 'loss_crds': 0.042613618075847626, 'loss_total': 0.02080743946135044, 'avg_crds_neg_weight': 0.2088693082332611, 'avg_crds_reliability': 0.43181708455085754, 'avg_crds_semantic_similarity': 0.49953514337539673, 'avg_crds_cf_distance': 0.0, 'num_valid_crds_neg': 312.0, 'epoch': 1.03}
{'loss': 0.02, 'grad_norm': 0.06591796875, 'learning_rate': 0.00018465753424657535, 'loss_simcse': 0.017822265625, 'loss_crds': 0.04402247071266174, 'loss_total': 0.020023388788104057, 'avg_crds_neg_weight': 0.21022631227970123, 'avg_crds_reliability': 0.4317220449447632, 'avg_crds_semantic_similarity': 0.5063101649284363, 'avg_crds_cf_distance': 0.0, 'num_valid_crds_neg': 298.0, 'epoch': 1.04}
{'loss': 0.0198, 'grad_norm': 0.060791015625, 'learning_rate': 0.00018454794520547947, 'loss_simcse': 0.0177001953125, 'loss_crds': 0.04228190332651138, 'loss_total': 0.01981429010629654, 'avg_crds_neg_weight': 0.20173873007297516, 'avg_crds_reliability': 0.41982051730155945, 'avg_crds_semantic_similarity': 0.49055054783821106, 'avg_crds_cf_distance': 0.0, 'num_valid_crds_neg': 333.0, 'epoch': 1.04}
{'loss': 0.0201, 'grad_norm': 0.0625, 'learning_rate': 0.00018443835616438356, 'loss_simcse': 0.0177001953125, 'loss_crds': 0.04805698245763779, 'loss_total': 0.02010304480791092, 'avg_crds_neg_weight': 0.2004721760749817, 'avg_crds_reliability': 0.4167881906032562, 'avg_crds_semantic_similarity': 0.4958488941192627, 'avg_crds_cf_distance': 0.0, 'num_valid_crds_neg': 321.0, 'epoch': 1.04}
{'loss': 0.0196, 'grad_norm': 0.061767578125, 'learning_rate': 0.00018432876712328768, 'loss_simcse': 0.017578125, 'loss_crds': 0.04006189480423927, 'loss_total': 0.01958121918141842, 'avg_crds_neg_weight': 0.20665770769119263, 'avg_crds_reliability': 0.4209505617618561, 'avg_crds_semantic_similarity': 0.5085443258285522, 'avg_crds_cf_distance': 0.0, 'num_valid_crds_neg': 296.0, 'epoch': 1.04}
{'loss': 0.0203, 'grad_norm': 0.08642578125, 'learning_rate': 0.00018421917808219177, 'loss_simcse': 0.0186767578125, 'loss_crds': 0.03169761970639229, 'loss_total': 0.02026163786649704, 'avg_crds_neg_weight': 0.18797822296619415, 'avg_crds_reliability': 0.4070298969745636, 'avg_crds_semantic_similarity': 0.4934501051902771, 'avg_crds_cf_distance': 0.0, 'num_valid_crds_neg': 279.0, 'epoch': 1.04}
{'loss': 0.0202, 'grad_norm': 0.05908203125, 'learning_rate': 0.0001841095890410959, 'loss_simcse': 0.0177001953125, 'loss_crds': 0.04993971064686775, 'loss_total': 0.020197181031107903, 'avg_crds_neg_weight': 0.21300697326660156, 'avg_crds_reliability': 0.42743077874183655, 'avg_crds_semantic_similarity': 0.5076020956039429, 'avg_crds_cf_distance': 0.0, 'num_valid_crds_neg': 347.0, 'epoch': 1.05}
{'loss': 0.0224, 'grad_norm': 0.078125, 'learning_rate': 0.00018400000000000003, 'loss_simcse': 0.0206298828125, 'loss_crds': 0.03601418808102608, 'loss_total': 0.02243059128522873, 'avg_crds_neg_weight': 0.21124401688575745, 'avg_crds_reliability': 0.43939608335494995, 'avg_crds_semantic_similarity': 0.5024494528770447, 'avg_crds_cf_distance': 0.0, 'num_valid_crds_neg': 277.0, 'epoch': 1.05}
{'loss': 0.0215, 'grad_norm': 0.07861328125, 'learning_rate': 0.00018389041095890412, 'loss_simcse': 0.019287109375, 'loss_crds': 0.04488859325647354, 'loss_total': 0.021531539037823677, 'avg_crds_neg_weight': 0.18627414107322693, 'avg_crds_reliability': 0.40839123725891113, 'avg_crds_semantic_similarity': 0.49000775814056396, 'avg_crds_cf_distance': 0.0, 'num_valid_crds_neg': 275.0, 'epoch': 1.05}
{'loss': 0.0196, 'grad_norm': 0.0693359375, 'learning_rate': 0.00018378082191780823, 'loss_simcse': 0.01806640625, 'loss_crds': 0.03133804351091385, 'loss_total': 0.019633308053016663, 'avg_crds_neg_weight': 0.2043323665857315, 'avg_crds_reliability': 0.43208590149879456, 'avg_crds_semantic_similarity': 0.4957316219806671, 'avg_crds_cf_distance': 0.0, 'num_valid_crds_neg': 300.0, 'epoch': 1.05}
{'loss': 0.0202, 'grad_norm': 0.07080078125, 'learning_rate': 0.00018367123287671232, 'loss_simcse': 0.0185546875, 'loss_crds': 0.03308429569005966, 'loss_total': 0.020208902657032013, 'avg_crds_neg_weight': 0.19682247936725616, 'avg_crds_reliability': 0.4210132360458374, 'avg_crds_semantic_similarity': 0.48771828413009644, 'avg_crds_cf_distance': 0.0, 'num_valid_crds_neg': 327.0, 'epoch': 1.06}
{'loss': 0.0199, 'grad_norm': 0.0654296875, 'learning_rate': 0.00018356164383561644, 'loss_simcse': 0.0179443359375, 'loss_crds': 0.0381552018225193, 'loss_total': 0.01985209621489048, 'avg_crds_neg_weight': 0.1994246542453766, 'avg_crds_reliability': 0.4278513789176941, 'avg_crds_semantic_similarity': 0.4988399147987366, 'avg_crds_cf_distance': 0.0, 'num_valid_crds_neg': 293.0, 'epoch': 1.06}
{'loss': 0.0193, 'grad_norm': 0.06689453125, 'learning_rate': 0.00018345205479452056, 'loss_simcse': 0.017578125, 'loss_crds': 0.03542269766330719, 'loss_total': 0.01934926025569439, 'avg_crds_neg_weight': 0.195066437125206, 'avg_crds_reliability': 0.42906394600868225, 'avg_crds_semantic_similarity': 0.4735817015171051, 'avg_crds_cf_distance': 0.0, 'num_valid_crds_neg': 295.0, 'epoch': 1.06}
{'loss': 0.0195, 'grad_norm': 0.0673828125, 'learning_rate': 0.00018334246575342467, 'loss_simcse': 0.017822265625, 'loss_crds': 0.03428051993250847, 'loss_total': 0.019536292180418968, 'avg_crds_neg_weight': 0.19909025728702545, 'avg_crds_reliability': 0.4223918914794922, 'avg_crds_semantic_similarity': 0.49927428364753723, 'avg_crds_cf_distance': 0.0, 'num_valid_crds_neg': 388.0, 'epoch': 1.06}
{'loss': 0.0207, 'grad_norm': 0.07568359375, 'learning_rate': 0.0001832328767123288, 'loss_simcse': 0.01904296875, 'loss_crds': 0.033269185572862625, 'loss_total': 0.020706428214907646, 'avg_crds_neg_weight': 0.20434018969535828, 'avg_crds_reliability': 0.42942875623703003, 'avg_crds_semantic_similarity': 0.48868539929389954, 'avg_crds_cf_distance': 0.0, 'num_valid_crds_neg': 296.0, 'epoch': 1.07}
{'loss': 0.0194, 'grad_norm': 0.0673828125, 'learning_rate': 0.00018312328767123288, 'loss_simcse': 0.017822265625, 'loss_crds': 0.03247326239943504, 'loss_total': 0.019445929676294327, 'avg_crds_neg_weight': 0.19521471858024597, 'avg_crds_reliability': 0.41835737228393555, 'avg_crds_semantic_similarity': 0.4833739697933197, 'avg_crds_cf_distance': 0.0, 'num_valid_crds_neg': 348.0, 'epoch': 1.07}
{'loss': 0.0202, 'grad_norm': 0.07470703125, 'learning_rate': 0.000183013698630137, 'loss_simcse': 0.0184326171875, 'loss_crds': 0.035230763256549835, 'loss_total': 0.02019415609538555, 'avg_crds_neg_weight': 0.20092876255512238, 'avg_crds_reliability': 0.43590205907821655, 'avg_crds_semantic_similarity': 0.4939503073692322, 'avg_crds_cf_distance': 0.0, 'num_valid_crds_neg': 386.0, 'epoch': 1.07}
{'loss': 0.0196, 'grad_norm': 0.06640625, 'learning_rate': 0.00018290410958904108, 'loss_simcse': 0.0177001953125, 'loss_crds': 0.03706609085202217, 'loss_total': 0.019553499296307564, 'avg_crds_neg_weight': 0.21028485894203186, 'avg_crds_reliability': 0.4333048462867737, 'avg_crds_semantic_similarity': 0.4855351448059082, 'avg_crds_cf_distance': 0.0, 'num_valid_crds_neg': 315.0, 'epoch': 1.07}
{'loss': 0.0202, 'grad_norm': 0.07080078125, 'learning_rate': 0.0001827945205479452, 'loss_simcse': 0.0179443359375, 'loss_crds': 0.04599211364984512, 'loss_total': 0.020243940874934196, 'avg_crds_neg_weight': 0.20317214727401733, 'avg_crds_reliability': 0.421743780374527, 'avg_crds_semantic_similarity': 0.5041760206222534, 'avg_crds_cf_distance': 0.0, 'num_valid_crds_neg': 287.0, 'epoch': 1.08}
{'loss': 0.0201, 'grad_norm': 0.07763671875, 'learning_rate': 0.00018268493150684934, 'loss_simcse': 0.0181884765625, 'loss_crds': 0.03816763684153557, 'loss_total': 0.020096858963370323, 'avg_crds_neg_weight': 0.1880185455083847, 'avg_crds_reliability': 0.4150833189487457, 'avg_crds_semantic_similarity': 0.48730751872062683, 'avg_crds_cf_distance': 0.0, 'num_valid_crds_neg': 312.0, 'epoch': 1.08}
{'loss': 0.0197, 'grad_norm': 0.0654296875, 'learning_rate': 0.00018257534246575343, 'loss_simcse': 0.0179443359375, 'loss_crds': 0.036027196794748306, 'loss_total': 0.01974569633603096, 'avg_crds_neg_weight': 0.18980476260185242, 'avg_crds_reliability': 0.4152473509311676, 'avg_crds_semantic_similarity': 0.48149949312210083, 'avg_crds_cf_distance': 0.0, 'num_valid_crds_neg': 338.0, 'epoch': 1.08}
{'loss': 0.0217, 'grad_norm': 0.1162109375, 'learning_rate': 0.00018246575342465755, 'loss_simcse': 0.019775390625, 'loss_crds': 0.0378233939409256, 'loss_total': 0.02166656032204628, 'avg_crds_neg_weight': 0.2092003971338272, 'avg_crds_reliability': 0.4289233386516571, 'avg_crds_semantic_similarity': 0.49330002069473267, 'avg_crds_cf_distance': 0.0, 'num_valid_crds_neg': 270.0, 'epoch': 1.08}
{'loss': 0.0198, 'grad_norm': 0.07470703125, 'learning_rate': 0.00018235616438356164, 'loss_simcse': 0.01806640625, 'loss_crds': 0.03492257371544838, 'loss_total': 0.019812535494565964, 'avg_crds_neg_weight': 0.21168184280395508, 'avg_crds_reliability': 0.43929728865623474, 'avg_crds_semantic_similarity': 0.49075233936309814, 'avg_crds_cf_distance': 0.0, 'num_valid_crds_neg': 329.0, 'epoch': 1.08}
{'loss': 0.0208, 'grad_norm': 0.07421875, 'learning_rate': 0.00018224657534246576, 'loss_simcse': 0.01904296875, 'loss_crds': 0.03562340885400772, 'loss_total': 0.020824139937758446, 'avg_crds_neg_weight': 0.20606613159179688, 'avg_crds_reliability': 0.42301809787750244, 'avg_crds_semantic_similarity': 0.4991304278373718, 'avg_crds_cf_distance': 0.0, 'num_valid_crds_neg': 309.0, 'epoch': 1.09}
{'loss': 0.0217, 'grad_norm': 0.0947265625, 'learning_rate': 0.00018213698630136987, 'loss_simcse': 0.0194091796875, 'loss_crds': 0.044822175055742264, 'loss_total': 0.0216502882540226, 'avg_crds_neg_weight': 0.2032916396856308, 'avg_crds_reliability': 0.43976765871047974, 'avg_crds_semantic_similarity': 0.4997517466545105, 'avg_crds_cf_distance': 0.0, 'num_valid_crds_neg': 289.0, 'epoch': 1.09}
{'loss': 0.0197, 'grad_norm': 0.068359375, 'learning_rate': 0.000182027397260274, 'loss_simcse': 0.0179443359375, 'loss_crds': 0.03439270332455635, 'loss_total': 0.019663970917463303, 'avg_crds_neg_weight': 0.20146992802619934, 'avg_crds_reliability': 0.4247862994670868, 'avg_crds_semantic_similarity': 0.5011563301086426, 'avg_crds_cf_distance': 0.0, 'num_valid_crds_neg': 317.0, 'epoch': 1.09}
{'loss': 0.0214, 'grad_norm': 0.0927734375, 'learning_rate': 0.0001819178082191781, 'loss_simcse': 0.0191650390625, 'loss_crds': 0.04370053857564926, 'loss_total': 0.021350065246224403, 'avg_crds_neg_weight': 0.19823168218135834, 'avg_crds_reliability': 0.4160577952861786, 'avg_crds_semantic_similarity': 0.4948158264160156, 'avg_crds_cf_distance': 0.0, 'num_valid_crds_neg': 312.0, 'epoch': 1.09}
{'loss': 0.0203, 'grad_norm': 0.068359375, 'learning_rate': 0.0001818082191780822, 'loss_simcse': 0.0185546875, 'loss_crds': 0.0351187027990818, 'loss_total': 0.020310621708631516, 'avg_crds_neg_weight': 0.20485758781433105, 'avg_crds_reliability': 0.4208971858024597, 'avg_crds_semantic_similarity': 0.4955877363681793, 'avg_crds_cf_distance': 0.0, 'num_valid_crds_neg': 363.0, 'epoch': 1.1}
{'loss': 0.0205, 'grad_norm': 0.07177734375, 'learning_rate': 0.0001816986301369863, 'loss_simcse': 0.0181884765625, 'loss_crds': 0.04718359187245369, 'loss_total': 0.0205476563423872, 'avg_crds_neg_weight': 0.21125386655330658, 'avg_crds_reliability': 0.42005398869514465, 'avg_crds_semantic_similarity': 0.5206453204154968, 'avg_crds_cf_distance': 0.0, 'num_valid_crds_neg': 287.0, 'epoch': 1.1}
{'loss': 0.0244, 'grad_norm': 0.1181640625, 'learning_rate': 0.0001815890410958904, 'loss_simcse': 0.022705078125, 'loss_crds': 0.03462047129869461, 'loss_total': 0.0244361013174057, 'avg_crds_neg_weight': 0.2015274167060852, 'avg_crds_reliability': 0.4295068085193634, 'avg_crds_semantic_similarity': 0.48111405968666077, 'avg_crds_cf_distance': 0.0, 'num_valid_crds_neg': 251.0, 'epoch': 1.1}
{'loss': 0.0202, 'grad_norm': 0.078125, 'learning_rate': 0.00018147945205479452, 'loss_simcse': 0.0185546875, 'loss_crds': 0.033778443932533264, 'loss_total': 0.020243609324097633, 'avg_crds_neg_weight': 0.1996845006942749, 'avg_crds_reliability': 0.42742472887039185, 'avg_crds_semantic_similarity': 0.48869240283966064, 'avg_crds_cf_distance': 0.0, 'num_valid_crds_neg': 355.0, 'epoch': 1.1}
{'loss': 0.0195, 'grad_norm': 0.06787109375, 'learning_rate': 0.00018136986301369864, 'loss_simcse': 0.0179443359375, 'loss_crds': 0.031268078833818436, 'loss_total': 0.019507739692926407, 'avg_crds_neg_weight': 0.2008589804172516, 'avg_crds_reliability': 0.41758957505226135, 'avg_crds_semantic_similarity': 0.49232450127601624, 'avg_crds_cf_distance': 0.0, 'num_valid_crds_neg': 315.0, 'epoch': 1.11}
{'loss': 0.0203, 'grad_norm': 0.06396484375, 'learning_rate': 0.00018126027397260275, 'loss_simcse': 0.018310546875, 'loss_crds': 0.03927669674158096, 'loss_total': 0.020274382084608078, 'avg_crds_neg_weight': 0.19961115717887878, 'avg_crds_reliability': 0.4047664403915405, 'avg_crds_semantic_similarity': 0.5040344595909119, 'avg_crds_cf_distance': 0.0, 'num_valid_crds_neg': 296.0, 'epoch': 1.11}
{'loss': 0.0196, 'grad_norm': 0.064453125, 'learning_rate': 0.00018115068493150687, 'loss_simcse': 0.017822265625, 'loss_crds': 0.036077748984098434, 'loss_total': 0.019626153632998466, 'avg_crds_neg_weight': 0.1958359330892563, 'avg_crds_reliability': 0.4162988066673279, 'avg_crds_semantic_similarity': 0.5044651627540588, 'avg_crds_cf_distance': 0.0, 'num_valid_crds_neg': 308.0, 'epoch': 1.11}
{'loss': 0.0203, 'grad_norm': 0.07275390625, 'learning_rate': 0.00018104109589041096, 'loss_simcse': 0.0181884765625, 'loss_crds': 0.04141998663544655, 'loss_total': 0.020259475335478783, 'avg_crds_neg_weight': 0.21662583947181702, 'avg_crds_reliability': 0.4415300488471985, 'avg_crds_semantic_similarity': 0.5042383670806885, 'avg_crds_cf_distance': 0.0, 'num_valid_crds_neg': 350.0, 'epoch': 1.11}
{'loss': 0.021, 'grad_norm': 0.07763671875, 'learning_rate': 0.00018093150684931507, 'loss_simcse': 0.01904296875, 'loss_crds': 0.038884926587343216, 'loss_total': 0.020987214520573616, 'avg_crds_neg_weight': 0.20685888826847076, 'avg_crds_reliability': 0.4343458414077759, 'avg_crds_semantic_similarity': 0.49688538908958435, 'avg_crds_cf_distance': 0.0, 'num_valid_crds_neg': 332.0, 'epoch': 1.12}
{'loss': 0.0201, 'grad_norm': 0.05517578125, 'learning_rate': 0.00018082191780821916, 'loss_simcse': 0.0174560546875, 'loss_crds': 0.05328848212957382, 'loss_total': 0.02012047916650772, 'avg_crds_neg_weight': 0.2114056944847107, 'avg_crds_reliability': 0.42925047874450684, 'avg_crds_semantic_similarity': 0.5161139369010925, 'avg_crds_cf_distance': 0.0, 'num_valid_crds_neg': 309.0, 'epoch': 1.12}
{'loss': 0.0203, 'grad_norm': 0.072265625, 'learning_rate': 0.0001807123287671233, 'loss_simcse': 0.0181884765625, 'loss_crds': 0.04134507104754448, 'loss_total': 0.02025572955608368, 'avg_crds_neg_weight': 0.19102109968662262, 'avg_crds_reliability': 0.417350709438324, 'avg_crds_semantic_similarity': 0.4921552240848541, 'avg_crds_cf_distance': 0.0, 'num_valid_crds_neg': 343.0, 'epoch': 1.12}
{'loss': 0.0194, 'grad_norm': 0.059326171875, 'learning_rate': 0.00018060273972602742, 'loss_simcse': 0.017578125, 'loss_crds': 0.03709247708320618, 'loss_total': 0.01943274959921837, 'avg_crds_neg_weight': 0.1938776820898056, 'avg_crds_reliability': 0.41294094920158386, 'avg_crds_semantic_similarity': 0.5008315443992615, 'avg_crds_cf_distance': 0.0, 'num_valid_crds_neg': 321.0, 'epoch': 1.12}
{'loss': 0.026, 'grad_norm': 0.06884765625, 'learning_rate': 0.00018049315068493151, 'loss_simcse': 0.023681640625, 'loss_crds': 0.04617912694811821, 'loss_total': 0.025990597903728485, 'avg_crds_neg_weight': 0.2055375576019287, 'avg_crds_reliability': 0.4252307116985321, 'avg_crds_semantic_similarity': 0.508261501789093, 'avg_crds_cf_distance': 0.0, 'num_valid_crds_neg': 355.0, 'epoch': 1.12}
{'loss': 0.0194, 'grad_norm': 0.06005859375, 'learning_rate': 0.00018038356164383563, 'loss_simcse': 0.017333984375, 'loss_crds': 0.04196154326200485, 'loss_total': 0.019432062283158302, 'avg_crds_neg_weight': 0.20464834570884705, 'avg_crds_reliability': 0.4247087240219116, 'avg_crds_semantic_similarity': 0.49434858560562134, 'avg_crds_cf_distance': 0.0, 'num_valid_crds_neg': 286.0, 'epoch': 1.13}
{'loss': 0.0232, 'grad_norm': 0.08837890625, 'learning_rate': 0.00018027397260273972, 'loss_simcse': 0.0211181640625, 'loss_crds': 0.04226630553603172, 'loss_total': 0.02323148027062416, 'avg_crds_neg_weight': 0.21208961308002472, 'avg_crds_reliability': 0.41862058639526367, 'avg_crds_semantic_similarity': 0.5111474394798279, 'avg_crds_cf_distance': 0.0, 'num_valid_crds_neg': 307.0, 'epoch': 1.13}
{'loss': 0.0195, 'grad_norm': 0.06298828125, 'learning_rate': 0.00018016438356164384, 'loss_simcse': 0.017822265625, 'loss_crds': 0.0327511765062809, 'loss_total': 0.01945982500910759, 'avg_crds_neg_weight': 0.20318114757537842, 'avg_crds_reliability': 0.4451122283935547, 'avg_crds_semantic_similarity': 0.4898095726966858, 'avg_crds_cf_distance': 0.0, 'num_valid_crds_neg': 275.0, 'epoch': 1.13}
{'loss': 0.0194, 'grad_norm': 0.06298828125, 'learning_rate': 0.00018005479452054795, 'loss_simcse': 0.017578125, 'loss_crds': 0.03609243407845497, 'loss_total': 0.019382746890187263, 'avg_crds_neg_weight': 0.20177491009235382, 'avg_crds_reliability': 0.4229852259159088, 'avg_crds_semantic_similarity': 0.49643784761428833, 'avg_crds_cf_distance': 0.0, 'num_valid_crds_neg': 291.0, 'epoch': 1.13}
{'loss': 0.0209, 'grad_norm': 0.07763671875, 'learning_rate': 0.00017994520547945207, 'loss_simcse': 0.0194091796875, 'loss_crds': 0.030467741191387177, 'loss_total': 0.02093256637454033, 'avg_crds_neg_weight': 0.2131769359111786, 'avg_crds_reliability': 0.4362916350364685, 'avg_crds_semantic_similarity': 0.4956502914428711, 'avg_crds_cf_distance': 0.0, 'num_valid_crds_neg': 351.0, 'epoch': 1.14}
{'loss': 0.019, 'grad_norm': 0.059814453125, 'learning_rate': 0.00017983561643835619, 'loss_simcse': 0.017578125, 'loss_crds': 0.02852296642959118, 'loss_total': 0.019004274159669876, 'avg_crds_neg_weight': 0.19529835879802704, 'avg_crds_reliability': 0.41906681656837463, 'avg_crds_semantic_similarity': 0.496537446975708, 'avg_crds_cf_distance': 0.0, 'num_valid_crds_neg': 326.0, 'epoch': 1.14}
{'loss': 0.0201, 'grad_norm': 0.0673828125, 'learning_rate': 0.00017972602739726028, 'loss_simcse': 0.0179443359375, 'loss_crds': 0.04381982609629631, 'loss_total': 0.02013532817363739, 'avg_crds_neg_weight': 0.19992420077323914, 'avg_crds_reliability': 0.42601725459098816, 'avg_crds_semantic_similarity': 0.4965146780014038, 'avg_crds_cf_distance': 0.0, 'num_valid_crds_neg': 310.0, 'epoch': 1.14}
{'loss': 0.02, 'grad_norm': 0.068359375, 'learning_rate': 0.0001796164383561644, 'loss_simcse': 0.0184326171875, 'loss_crds': 0.032045621424913406, 'loss_total': 0.020034898072481155, 'avg_crds_neg_weight': 0.2034456878900528, 'avg_crds_reliability': 0.4318266212940216, 'avg_crds_semantic_similarity': 0.46782147884368896, 'avg_crds_cf_distance': 0.0, 'num_valid_crds_neg': 305.0, 'epoch': 1.14}
{'loss': 0.0193, 'grad_norm': 0.058349609375, 'learning_rate': 0.00017950684931506848, 'loss_simcse': 0.017578125, 'loss_crds': 0.03375675901770592, 'loss_total': 0.01926596276462078, 'avg_crds_neg_weight': 0.21189376711845398, 'avg_crds_reliability': 0.4627949893474579, 'avg_crds_semantic_similarity': 0.5021374225616455, 'avg_crds_cf_distance': 0.0, 'num_valid_crds_neg': 297.0, 'epoch': 1.15}
{'loss': 0.02, 'grad_norm': 0.0634765625, 'learning_rate': 0.0001793972602739726, 'loss_simcse': 0.01806640625, 'loss_crds': 0.03813628479838371, 'loss_total': 0.01997322030365467, 'avg_crds_neg_weight': 0.20290501415729523, 'avg_crds_reliability': 0.41603150963783264, 'avg_crds_semantic_similarity': 0.4918608069419861, 'avg_crds_cf_distance': 0.0, 'num_valid_crds_neg': 271.0, 'epoch': 1.15}
{'loss': 0.0193, 'grad_norm': 0.060546875, 'learning_rate': 0.00017928767123287674, 'loss_simcse': 0.0177001953125, 'loss_crds': 0.031615860760211945, 'loss_total': 0.019280988723039627, 'avg_crds_neg_weight': 0.18429125845432281, 'avg_crds_reliability': 0.40611839294433594, 'avg_crds_semantic_similarity': 0.49430230259895325, 'avg_crds_cf_distance': 0.0, 'num_valid_crds_neg': 319.0, 'epoch': 1.15}
{'loss': 0.0207, 'grad_norm': 0.0673828125, 'learning_rate': 0.00017917808219178083, 'loss_simcse': 0.0186767578125, 'loss_crds': 0.03968587890267372, 'loss_total': 0.02066105231642723, 'avg_crds_neg_weight': 0.20020480453968048, 'avg_crds_reliability': 0.4298872649669647, 'avg_crds_semantic_similarity': 0.4821792244911194, 'avg_crds_cf_distance': 0.0, 'num_valid_crds_neg': 340.0, 'epoch': 1.15}
{'loss': 0.02, 'grad_norm': 0.06494140625, 'learning_rate': 0.00017906849315068495, 'loss_simcse': 0.0179443359375, 'loss_crds': 0.04071521759033203, 'loss_total': 0.01998009718954563, 'avg_crds_neg_weight': 0.20195408165454865, 'avg_crds_reliability': 0.42016640305519104, 'avg_crds_semantic_similarity': 0.503638744354248, 'avg_crds_cf_distance': 0.0, 'num_valid_crds_neg': 346.0, 'epoch': 1.16}
{'loss': 0.0194, 'grad_norm': 0.06298828125, 'learning_rate': 0.00017895890410958904, 'loss_simcse': 0.0177001953125, 'loss_crds': 0.03300495073199272, 'loss_total': 0.01935044303536415, 'avg_crds_neg_weight': 0.20149298012256622, 'avg_crds_reliability': 0.4188510775566101, 'avg_crds_semantic_similarity': 0.4807347059249878, 'avg_crds_cf_distance': 0.0, 'num_valid_crds_neg': 329.0, 'epoch': 1.16}
{'loss': 0.0312, 'grad_norm': 0.06787109375, 'learning_rate': 0.00017884931506849315, 'loss_simcse': 0.028564453125, 'loss_crds': 0.053678128868341446, 'loss_total': 0.031248359009623528, 'avg_crds_neg_weight': 0.213738813996315, 'avg_crds_reliability': 0.43582719564437866, 'avg_crds_semantic_similarity': 0.5027214288711548, 'avg_crds_cf_distance': 0.0, 'num_valid_crds_neg': 329.0, 'epoch': 1.16}
{'loss': 0.0202, 'grad_norm': 0.0634765625, 'learning_rate': 0.00017873972602739727, 'loss_simcse': 0.0177001953125, 'loss_crds': 0.050984472036361694, 'loss_total': 0.020249418914318085, 'avg_crds_neg_weight': 0.21746550500392914, 'avg_crds_reliability': 0.4367610216140747, 'avg_crds_semantic_similarity': 0.5119190812110901, 'avg_crds_cf_distance': 0.0, 'num_valid_crds_neg': 277.0, 'epoch': 1.16}
{'loss': 0.02, 'grad_norm': 0.07373046875, 'learning_rate': 0.0001786301369863014, 'loss_simcse': 0.0184326171875, 'loss_crds': 0.031152551993727684, 'loss_total': 0.01999024488031864, 'avg_crds_neg_weight': 0.19484905898571014, 'avg_crds_reliability': 0.42209652066230774, 'avg_crds_semantic_similarity': 0.48773854970932007, 'avg_crds_cf_distance': 0.0, 'num_valid_crds_neg': 333.0, 'epoch': 1.16}
{'loss': 0.0195, 'grad_norm': 0.057861328125, 'learning_rate': 0.0001785205479452055, 'loss_simcse': 0.0174560546875, 'loss_crds': 0.04020219296216965, 'loss_total': 0.019466163590550423, 'avg_crds_neg_weight': 0.19106483459472656, 'avg_crds_reliability': 0.41630318760871887, 'avg_crds_semantic_similarity': 0.4969962537288666, 'avg_crds_cf_distance': 0.0, 'num_valid_crds_neg': 309.0, 'epoch': 1.17}
{'loss': 0.0204, 'grad_norm': 0.0703125, 'learning_rate': 0.0001784109589041096, 'loss_simcse': 0.0181884765625, 'loss_crds': 0.04367788881063461, 'loss_total': 0.02037237025797367, 'avg_crds_neg_weight': 0.20909036695957184, 'avg_crds_reliability': 0.4305185079574585, 'avg_crds_semantic_similarity': 0.5024637579917908, 'avg_crds_cf_distance': 0.0, 'num_valid_crds_neg': 295.0, 'epoch': 1.17}
{'loss': 0.0232, 'grad_norm': 0.1064453125, 'learning_rate': 0.0001783013698630137, 'loss_simcse': 0.0213623046875, 'loss_crds': 0.03601465001702309, 'loss_total': 0.02316303737461567, 'avg_crds_neg_weight': 0.20760630071163177, 'avg_crds_reliability': 0.4303475320339203, 'avg_crds_semantic_similarity': 0.5075736045837402, 'avg_crds_cf_distance': 0.0, 'num_valid_crds_neg': 286.0, 'epoch': 1.17}
{'loss': 0.0191, 'grad_norm': 0.060791015625, 'learning_rate': 0.0001781917808219178, 'loss_simcse': 0.017333984375, 'loss_crds': 0.03541900962591171, 'loss_total': 0.019104935228824615, 'avg_crds_neg_weight': 0.19089245796203613, 'avg_crds_reliability': 0.4149654507637024, 'avg_crds_semantic_similarity': 0.4814932346343994, 'avg_crds_cf_distance': 0.0, 'num_valid_crds_neg': 363.0, 'epoch': 1.17}
{'loss': 0.0203, 'grad_norm': 0.07373046875, 'learning_rate': 0.00017808219178082192, 'loss_simcse': 0.0185546875, 'loss_crds': 0.03554859384894371, 'loss_total': 0.02033211663365364, 'avg_crds_neg_weight': 0.20424608886241913, 'avg_crds_reliability': 0.42781347036361694, 'avg_crds_semantic_similarity': 0.49616438150405884, 'avg_crds_cf_distance': 0.0, 'num_valid_crds_neg': 353.0, 'epoch': 1.18}
{'train_runtime': 989.9115, 'train_samples_per_second': 549.221, 'train_steps_per_second': 2.147, 'train_loss': 0.0190995283536613, 'epoch': 1.18}
