TrainingArguments(
_n_gpu=1,
accelerator_config={'split_batches': False, 'dispatch_batches': None, 'even_batches': True, 'use_seedable_sampler': True, 'non_blocking': False, 'gradient_accumulation_kwargs': None, 'use_configured_state': False},
adafactor=False,
adam_beta1=0.9,
adam_beta2=0.999,
adam_epsilon=1e-08,
auto_find_batch_size=False,
batch_eval_metrics=False,
bf16=False,
bf16_full_eval=False,
data_seed=None,
dataloader_drop_last=False,
dataloader_num_workers=0,
dataloader_persistent_workers=False,
dataloader_pin_memory=True,
dataloader_prefetch_factor=None,
ddp_backend=None,
ddp_broadcast_buffers=None,
ddp_bucket_cap_mb=None,
ddp_find_unused_parameters=None,
ddp_timeout=1800,
debug=[],
deepspeed=None,
disable_tqdm=False,
dispatch_batches=None,
do_eval=False,
do_predict=False,
do_train=True,
eval_accumulation_steps=None,
eval_delay=0,
eval_do_concat_batches=True,
eval_on_start=False,
eval_steps=None,
eval_strategy=IntervalStrategy.NO,
eval_use_gather_object=False,
evaluation_strategy=None,
fp16=False,
fp16_backend=auto,
fp16_full_eval=False,
fp16_opt_level=O1,
fsdp=[],
fsdp_config={'min_num_params': 0, 'xla': False, 'xla_fsdp_v2': False, 'xla_fsdp_grad_ckpt': False},
fsdp_min_num_params=0,
fsdp_transformer_layer_cls_to_wrap=None,
full_determinism=False,
gradient_accumulation_steps=1,
gradient_checkpointing=True,
gradient_checkpointing_kwargs={'use_reentrant': False},
greater_is_better=None,
group_by_length=False,
half_precision_backend=auto,
hub_always_push=False,
hub_model_id=None,
hub_private_repo=False,
hub_strategy=HubStrategy.EVERY_SAVE,
hub_token=<HUB_TOKEN>,
ignore_data_skip=False,
include_inputs_for_metrics=False,
include_num_input_tokens_seen=False,
include_tokens_per_second=False,
jit_mode_eval=False,
label_names=None,
label_smoothing_factor=0.0,
learning_rate=0.0002,
length_column_name=length,
load_best_model_at_end=False,
local_rank=0,
log_level=passive,
log_level_replica=warning,
log_on_each_node=True,
logging_dir=outputs/crds_step500_failure/AmazonMix-6/crds_weak/runs/Jul04_20-52-58_ubuntu-4U-GPU-Server,
logging_first_step=False,
logging_nan_inf_filter=True,
logging_steps=1,
logging_strategy=IntervalStrategy.STEPS,
lr_scheduler_kwargs={},
lr_scheduler_type=SchedulerType.LINEAR,
max_grad_norm=1.0,
max_steps=-1,
metric_for_best_model=None,
mp_parameters=,
neftune_noise_alpha=None,
no_cuda=False,
num_train_epochs=5,
optim=OptimizerNames.ADAMW_TORCH,
optim_args=None,
optim_target_modules=None,
output_dir=outputs/crds_step500_failure/AmazonMix-6/crds_weak,
overwrite_output_dir=False,
past_index=-1,
per_device_eval_batch_size=256,
per_device_train_batch_size=256,
prediction_loss_only=False,
push_to_hub=False,
push_to_hub_model_id=None,
push_to_hub_organization=None,
push_to_hub_token=<PUSH_TO_HUB_TOKEN>,
ray_scope=last,
remove_unused_columns=False,
report_to=[],
restore_callback_states_from_checkpoint=False,
resume_from_checkpoint=output/iem_stage2_crds/Qwen2-0.5B-AmazonMix6-CSFT/checkpoint-100,
run_name=outputs/crds_step500_failure/AmazonMix-6/crds_weak,
save_on_each_node=False,
save_only_model=False,
save_safetensors=True,
save_steps=100,
save_strategy=IntervalStrategy.STEPS,
save_total_limit=None,
seed=42,
skip_memory_metrics=True,
split_batches=None,
tf32=None,
torch_compile=False,
torch_compile_backend=None,
torch_compile_mode=None,
torch_empty_cache_steps=None,
torchdynamo=None,
tpu_metrics_debug=False,
tpu_num_cores=None,
use_cpu=False,
use_ipex=False,
use_legacy_prediction_loop=False,
use_mps_device=False,
warmup_ratio=0.0,
warmup_steps=300,
weight_decay=0.0,
)
{'loss': 0.0295, 'grad_norm': 0.08935546875, 'learning_rate': 6.733333333333333e-05, 'loss_simcse': 0.02880859375, 'loss_crds': 0.07010038942098618, 'loss_total': 0.02950959838926792, 'avg_crds_neg_weight': 0.14539054036140442, 'avg_crds_reliability': 0.44168180227279663, 'avg_crds_semantic_similarity': 0.4679882526397705, 'avg_crds_cf_distance': 0.10540879517793655, 'num_valid_crds_neg': 364.0, 'epoch': 0.24}
{'loss': 0.0295, 'grad_norm': 0.0927734375, 'learning_rate': 6.800000000000001e-05, 'loss_simcse': 0.029052734375, 'loss_crds': 0.04810917377471924, 'loss_total': 0.02953382581472397, 'avg_crds_neg_weight': 0.13724125921726227, 'avg_crds_reliability': 0.4455335736274719, 'avg_crds_semantic_similarity': 0.4367998540401459, 'avg_crds_cf_distance': 0.1082015112042427, 'num_valid_crds_neg': 356.0, 'epoch': 0.24}
{'loss': 0.0326, 'grad_norm': 0.11083984375, 'learning_rate': 6.866666666666666e-05, 'loss_simcse': 0.031982421875, 'loss_crds': 0.05803447589278221, 'loss_total': 0.03256276622414589, 'avg_crds_neg_weight': 0.14075404405593872, 'avg_crds_reliability': 0.442929208278656, 'avg_crds_semantic_similarity': 0.4431956708431244, 'avg_crds_cf_distance': 0.0992504358291626, 'num_valid_crds_neg': 384.0, 'epoch': 0.24}
{'loss': 0.0272, 'grad_norm': 0.07177734375, 'learning_rate': 6.933333333333334e-05, 'loss_simcse': 0.026611328125, 'loss_crds': 0.060225147753953934, 'loss_total': 0.027213579043745995, 'avg_crds_neg_weight': 0.14038687944412231, 'avg_crds_reliability': 0.4382326602935791, 'avg_crds_semantic_similarity': 0.44318947196006775, 'avg_crds_cf_distance': 0.10149675607681274, 'num_valid_crds_neg': 372.0, 'epoch': 0.24}
{'loss': 0.0293, 'grad_norm': 0.09765625, 'learning_rate': 7e-05, 'loss_simcse': 0.02880859375, 'loss_crds': 0.05048513785004616, 'loss_total': 0.02931344509124756, 'avg_crds_neg_weight': 0.13928698003292084, 'avg_crds_reliability': 0.4418000876903534, 'avg_crds_semantic_similarity': 0.4380456805229187, 'avg_crds_cf_distance': 0.10002952069044113, 'num_valid_crds_neg': 388.0, 'epoch': 0.25}
{'loss': 0.0287, 'grad_norm': 0.0986328125, 'learning_rate': 7.066666666666667e-05, 'loss_simcse': 0.0281982421875, 'loss_crds': 0.04642387107014656, 'loss_total': 0.028662480413913727, 'avg_crds_neg_weight': 0.13604430854320526, 'avg_crds_reliability': 0.42368021607398987, 'avg_crds_semantic_similarity': 0.4475356936454773, 'avg_crds_cf_distance': 0.10590323805809021, 'num_valid_crds_neg': 328.0, 'epoch': 0.25}
{'loss': 0.0301, 'grad_norm': 0.130859375, 'learning_rate': 7.133333333333334e-05, 'loss_simcse': 0.029541015625, 'loss_crds': 0.05609806254506111, 'loss_total': 0.030101995915174484, 'avg_crds_neg_weight': 0.13550680875778198, 'avg_crds_reliability': 0.44418179988861084, 'avg_crds_semantic_similarity': 0.4564318060874939, 'avg_crds_cf_distance': 0.10249146074056625, 'num_valid_crds_neg': 312.0, 'epoch': 0.25}
{'loss': 0.0273, 'grad_norm': 0.08837890625, 'learning_rate': 7.2e-05, 'loss_simcse': 0.02685546875, 'loss_crds': 0.04115241393446922, 'loss_total': 0.02726699225604534, 'avg_crds_neg_weight': 0.13534791767597198, 'avg_crds_reliability': 0.4420871436595917, 'avg_crds_semantic_similarity': 0.428923636674881, 'avg_crds_cf_distance': 0.09564243257045746, 'num_valid_crds_neg': 356.0, 'epoch': 0.25}
{'loss': 0.0285, 'grad_norm': 0.09033203125, 'learning_rate': 7.266666666666667e-05, 'loss_simcse': 0.0279541015625, 'loss_crds': 0.05388020724058151, 'loss_total': 0.02849290333688259, 'avg_crds_neg_weight': 0.1408931016921997, 'avg_crds_reliability': 0.4496289789676666, 'avg_crds_semantic_similarity': 0.44446152448654175, 'avg_crds_cf_distance': 0.1098036989569664, 'num_valid_crds_neg': 312.0, 'epoch': 0.26}
{'loss': 0.0325, 'grad_norm': 0.10546875, 'learning_rate': 7.333333333333333e-05, 'loss_simcse': 0.031982421875, 'loss_crds': 0.04790757596492767, 'loss_total': 0.0324614979326725, 'avg_crds_neg_weight': 0.1429208517074585, 'avg_crds_reliability': 0.45410212874412537, 'avg_crds_semantic_similarity': 0.42568889260292053, 'avg_crds_cf_distance': 0.10916478931903839, 'num_valid_crds_neg': 304.0, 'epoch': 0.26}
{'loss': 0.0277, 'grad_norm': 0.087890625, 'learning_rate': 7.4e-05, 'loss_simcse': 0.027099609375, 'loss_crds': 0.055296946316957474, 'loss_total': 0.027652578428387642, 'avg_crds_neg_weight': 0.14769333600997925, 'avg_crds_reliability': 0.46223893761634827, 'avg_crds_semantic_similarity': 0.45189112424850464, 'avg_crds_cf_distance': 0.09991294145584106, 'num_valid_crds_neg': 352.0, 'epoch': 0.26}
{'loss': 0.033, 'grad_norm': 0.1494140625, 'learning_rate': 7.466666666666667e-05, 'loss_simcse': 0.032470703125, 'loss_crds': 0.055990464985370636, 'loss_total': 0.03303060680627823, 'avg_crds_neg_weight': 0.14361301064491272, 'avg_crds_reliability': 0.4566856324672699, 'avg_crds_semantic_similarity': 0.4484460651874542, 'avg_crds_cf_distance': 0.11400073766708374, 'num_valid_crds_neg': 348.0, 'epoch': 0.26}
{'loss': 0.0325, 'grad_norm': 0.08642578125, 'learning_rate': 7.533333333333334e-05, 'loss_simcse': 0.031982421875, 'loss_crds': 0.051391296088695526, 'loss_total': 0.03249633312225342, 'avg_crds_neg_weight': 0.1320699006319046, 'avg_crds_reliability': 0.424652099609375, 'avg_crds_semantic_similarity': 0.44191017746925354, 'avg_crds_cf_distance': 0.09701967984437943, 'num_valid_crds_neg': 348.0, 'epoch': 0.27}
{'loss': 0.0272, 'grad_norm': 0.08203125, 'learning_rate': 7.6e-05, 'loss_simcse': 0.0267333984375, 'loss_crds': 0.04781263694167137, 'loss_total': 0.027211524546146393, 'avg_crds_neg_weight': 0.14477546513080597, 'avg_crds_reliability': 0.45558640360832214, 'avg_crds_semantic_similarity': 0.4304151237010956, 'avg_crds_cf_distance': 0.10445431619882584, 'num_valid_crds_neg': 404.0, 'epoch': 0.27}
{'loss': 0.0274, 'grad_norm': 0.10400390625, 'learning_rate': 7.666666666666667e-05, 'loss_simcse': 0.02685546875, 'loss_crds': 0.057426661252975464, 'loss_total': 0.02742973528802395, 'avg_crds_neg_weight': 0.13562683761119843, 'avg_crds_reliability': 0.42967745661735535, 'avg_crds_semantic_similarity': 0.45505112409591675, 'avg_crds_cf_distance': 0.10185437649488449, 'num_valid_crds_neg': 348.0, 'epoch': 0.27}
{'loss': 0.0275, 'grad_norm': 0.09228515625, 'learning_rate': 7.733333333333333e-05, 'loss_simcse': 0.027099609375, 'loss_crds': 0.04253023862838745, 'loss_total': 0.027524910867214203, 'avg_crds_neg_weight': 0.14012083411216736, 'avg_crds_reliability': 0.4493781626224518, 'avg_crds_semantic_similarity': 0.433438777923584, 'avg_crds_cf_distance': 0.09898962825536728, 'num_valid_crds_neg': 344.0, 'epoch': 0.27}
{'loss': 0.0283, 'grad_norm': 0.09521484375, 'learning_rate': 7.800000000000001e-05, 'loss_simcse': 0.02783203125, 'loss_crds': 0.05091751366853714, 'loss_total': 0.028341205790638924, 'avg_crds_neg_weight': 0.14810089766979218, 'avg_crds_reliability': 0.4647427499294281, 'avg_crds_semantic_similarity': 0.45551538467407227, 'avg_crds_cf_distance': 0.1033344715833664, 'num_valid_crds_neg': 336.0, 'epoch': 0.28}
{'loss': 0.0266, 'grad_norm': 0.08935546875, 'learning_rate': 7.866666666666666e-05, 'loss_simcse': 0.0260009765625, 'loss_crds': 0.05639992654323578, 'loss_total': 0.026564976200461388, 'avg_crds_neg_weight': 0.1361619085073471, 'avg_crds_reliability': 0.4389101266860962, 'avg_crds_semantic_similarity': 0.4389139711856842, 'avg_crds_cf_distance': 0.10601957142353058, 'num_valid_crds_neg': 328.0, 'epoch': 0.28}
{'loss': 0.0288, 'grad_norm': 0.97265625, 'learning_rate': 7.933333333333334e-05, 'loss_simcse': 0.0283203125, 'loss_crds': 0.04315450042486191, 'loss_total': 0.028751857578754425, 'avg_crds_neg_weight': 0.13886180520057678, 'avg_crds_reliability': 0.44199639558792114, 'avg_crds_semantic_similarity': 0.43285244703292847, 'avg_crds_cf_distance': 0.10025691986083984, 'num_valid_crds_neg': 364.0, 'epoch': 0.28}
{'loss': 0.0266, 'grad_norm': 0.09326171875, 'learning_rate': 8e-05, 'loss_simcse': 0.0260009765625, 'loss_crds': 0.057768188416957855, 'loss_total': 0.026578659191727638, 'avg_crds_neg_weight': 0.13885881006717682, 'avg_crds_reliability': 0.4455868601799011, 'avg_crds_semantic_similarity': 0.4596915543079376, 'avg_crds_cf_distance': 0.10034830868244171, 'num_valid_crds_neg': 344.0, 'epoch': 0.28}
{'loss': 0.0286, 'grad_norm': 0.279296875, 'learning_rate': 8.066666666666667e-05, 'loss_simcse': 0.028076171875, 'loss_crds': 0.051551129668951035, 'loss_total': 0.028591683134436607, 'avg_crds_neg_weight': 0.13716334104537964, 'avg_crds_reliability': 0.43734148144721985, 'avg_crds_semantic_similarity': 0.4482212960720062, 'avg_crds_cf_distance': 0.09892451018095016, 'num_valid_crds_neg': 360.0, 'epoch': 0.28}
{'loss': 0.0303, 'grad_norm': 0.10400390625, 'learning_rate': 8.133333333333334e-05, 'loss_simcse': 0.0299072265625, 'loss_crds': 0.04314875975251198, 'loss_total': 0.0303387138992548, 'avg_crds_neg_weight': 0.13515424728393555, 'avg_crds_reliability': 0.44034045934677124, 'avg_crds_semantic_similarity': 0.4292179048061371, 'avg_crds_cf_distance': 0.1028522402048111, 'num_valid_crds_neg': 404.0, 'epoch': 0.29}
{'loss': 0.0263, 'grad_norm': 0.1259765625, 'learning_rate': 8.2e-05, 'loss_simcse': 0.02587890625, 'loss_crds': 0.037842754274606705, 'loss_total': 0.026257334277033806, 'avg_crds_neg_weight': 0.13512536883354187, 'avg_crds_reliability': 0.45082730054855347, 'avg_crds_semantic_similarity': 0.4269654154777527, 'avg_crds_cf_distance': 0.10200034081935883, 'num_valid_crds_neg': 340.0, 'epoch': 0.29}
{'loss': 0.0269, 'grad_norm': 0.0888671875, 'learning_rate': 8.266666666666667e-05, 'loss_simcse': 0.0262451171875, 'loss_crds': 0.06642520427703857, 'loss_total': 0.026909369975328445, 'avg_crds_neg_weight': 0.14816290140151978, 'avg_crds_reliability': 0.4604005217552185, 'avg_crds_semantic_similarity': 0.46147990226745605, 'avg_crds_cf_distance': 0.1033770889043808, 'num_valid_crds_neg': 400.0, 'epoch': 0.29}
{'loss': 0.0355, 'grad_norm': 0.109375, 'learning_rate': 8.333333333333334e-05, 'loss_simcse': 0.034912109375, 'loss_crds': 0.0637638047337532, 'loss_total': 0.035549748688936234, 'avg_crds_neg_weight': 0.1342015266418457, 'avg_crds_reliability': 0.421823650598526, 'avg_crds_semantic_similarity': 0.4523082375526428, 'avg_crds_cf_distance': 0.09413280338048935, 'num_valid_crds_neg': 372.0, 'epoch': 0.29}
{'loss': 0.0263, 'grad_norm': 0.0888671875, 'learning_rate': 8.4e-05, 'loss_simcse': 0.0257568359375, 'loss_crds': 0.0538007915019989, 'loss_total': 0.02629484422504902, 'avg_crds_neg_weight': 0.13656356930732727, 'avg_crds_reliability': 0.4401407539844513, 'avg_crds_semantic_similarity': 0.4520092308521271, 'avg_crds_cf_distance': 0.09872955828905106, 'num_valid_crds_neg': 340.0, 'epoch': 0.3}
{'loss': 0.027, 'grad_norm': 0.1015625, 'learning_rate': 8.466666666666667e-05, 'loss_simcse': 0.0263671875, 'loss_crds': 0.06145939603447914, 'loss_total': 0.026981782168149948, 'avg_crds_neg_weight': 0.14542712271213531, 'avg_crds_reliability': 0.4527793526649475, 'avg_crds_semantic_similarity': 0.4660600423812866, 'avg_crds_cf_distance': 0.10422193259000778, 'num_valid_crds_neg': 352.0, 'epoch': 0.3}
{'loss': 0.0268, 'grad_norm': 0.10107421875, 'learning_rate': 8.533333333333334e-05, 'loss_simcse': 0.0262451171875, 'loss_crds': 0.054428163915872574, 'loss_total': 0.02678939886391163, 'avg_crds_neg_weight': 0.1389959305524826, 'avg_crds_reliability': 0.448111891746521, 'avg_crds_semantic_similarity': 0.46310776472091675, 'avg_crds_cf_distance': 0.10745596885681152, 'num_valid_crds_neg': 384.0, 'epoch': 0.3}
{'loss': 0.0257, 'grad_norm': 0.1025390625, 'learning_rate': 8.6e-05, 'loss_simcse': 0.0252685546875, 'loss_crds': 0.046118102967739105, 'loss_total': 0.02572973631322384, 'avg_crds_neg_weight': 0.13652962446212769, 'avg_crds_reliability': 0.43147292733192444, 'avg_crds_semantic_similarity': 0.4419119656085968, 'avg_crds_cf_distance': 0.10170534253120422, 'num_valid_crds_neg': 404.0, 'epoch': 0.3}
{'loss': 0.0283, 'grad_norm': 0.392578125, 'learning_rate': 8.666666666666667e-05, 'loss_simcse': 0.02783203125, 'loss_crds': 0.05157674103975296, 'loss_total': 0.028347797691822052, 'avg_crds_neg_weight': 0.141821026802063, 'avg_crds_reliability': 0.4450370669364929, 'avg_crds_semantic_similarity': 0.4560627043247223, 'avg_crds_cf_distance': 0.10386283695697784, 'num_valid_crds_neg': 316.0, 'epoch': 0.31}
{'loss': 0.0267, 'grad_norm': 0.107421875, 'learning_rate': 8.733333333333333e-05, 'loss_simcse': 0.0262451171875, 'loss_crds': 0.04855663701891899, 'loss_total': 0.02673068270087242, 'avg_crds_neg_weight': 0.13788634538650513, 'avg_crds_reliability': 0.4365413188934326, 'avg_crds_semantic_similarity': 0.4446931779384613, 'avg_crds_cf_distance': 0.10250041633844376, 'num_valid_crds_neg': 400.0, 'epoch': 0.31}
{'loss': 0.0282, 'grad_norm': 1.0546875, 'learning_rate': 8.800000000000001e-05, 'loss_simcse': 0.0277099609375, 'loss_crds': 0.05359618738293648, 'loss_total': 0.028245922178030014, 'avg_crds_neg_weight': 0.13791966438293457, 'avg_crds_reliability': 0.4372594356536865, 'avg_crds_semantic_similarity': 0.4634317457675934, 'avg_crds_cf_distance': 0.09947178512811661, 'num_valid_crds_neg': 316.0, 'epoch': 0.31}
{'loss': 0.0266, 'grad_norm': 0.103515625, 'learning_rate': 8.866666666666668e-05, 'loss_simcse': 0.026123046875, 'loss_crds': 0.04769548401236534, 'loss_total': 0.026600001379847527, 'avg_crds_neg_weight': 0.1417703479528427, 'avg_crds_reliability': 0.4675557613372803, 'avg_crds_semantic_similarity': 0.4381251931190491, 'avg_crds_cf_distance': 0.10040967166423798, 'num_valid_crds_neg': 384.0, 'epoch': 0.31}
{'loss': 0.0253, 'grad_norm': 0.10595703125, 'learning_rate': 8.933333333333334e-05, 'loss_simcse': 0.0247802734375, 'loss_crds': 0.053376875817775726, 'loss_total': 0.02531404234468937, 'avg_crds_neg_weight': 0.1473608762025833, 'avg_crds_reliability': 0.4568793475627899, 'avg_crds_semantic_similarity': 0.46502286195755005, 'avg_crds_cf_distance': 0.10550298541784286, 'num_valid_crds_neg': 392.0, 'epoch': 0.32}
{'loss': 0.0256, 'grad_norm': 0.10107421875, 'learning_rate': 9e-05, 'loss_simcse': 0.025146484375, 'loss_crds': 0.047725241631269455, 'loss_total': 0.025623736903071404, 'avg_crds_neg_weight': 0.1466040164232254, 'avg_crds_reliability': 0.4616211950778961, 'avg_crds_semantic_similarity': 0.44638609886169434, 'avg_crds_cf_distance': 0.09946639835834503, 'num_valid_crds_neg': 404.0, 'epoch': 0.32}
{'loss': 0.0305, 'grad_norm': 0.8359375, 'learning_rate': 9.066666666666667e-05, 'loss_simcse': 0.030029296875, 'loss_crds': 0.04968290030956268, 'loss_total': 0.03052612580358982, 'avg_crds_neg_weight': 0.14191944897174835, 'avg_crds_reliability': 0.4529866874217987, 'avg_crds_semantic_similarity': 0.43632784485816956, 'avg_crds_cf_distance': 0.10248631238937378, 'num_valid_crds_neg': 376.0, 'epoch': 0.32}
{'loss': 0.0246, 'grad_norm': 0.08984375, 'learning_rate': 9.133333333333334e-05, 'loss_simcse': 0.024169921875, 'loss_crds': 0.043247830122709274, 'loss_total': 0.02460240013897419, 'avg_crds_neg_weight': 0.13232870399951935, 'avg_crds_reliability': 0.43338996171951294, 'avg_crds_semantic_similarity': 0.44762495160102844, 'avg_crds_cf_distance': 0.10190369188785553, 'num_valid_crds_neg': 368.0, 'epoch': 0.32}
{'loss': 0.0253, 'grad_norm': 0.0869140625, 'learning_rate': 9.200000000000001e-05, 'loss_simcse': 0.0247802734375, 'loss_crds': 0.05208183079957962, 'loss_total': 0.025301091372966766, 'avg_crds_neg_weight': 0.1448749303817749, 'avg_crds_reliability': 0.45630505681037903, 'avg_crds_semantic_similarity': 0.4471074938774109, 'avg_crds_cf_distance': 0.10272963345050812, 'num_valid_crds_neg': 332.0, 'epoch': 0.32}
{'loss': 0.0293, 'grad_norm': 0.1572265625, 'learning_rate': 9.266666666666666e-05, 'loss_simcse': 0.0289306640625, 'loss_crds': 0.03963732346892357, 'loss_total': 0.029327036812901497, 'avg_crds_neg_weight': 0.13219237327575684, 'avg_crds_reliability': 0.42883554100990295, 'avg_crds_semantic_similarity': 0.42850905656814575, 'avg_crds_cf_distance': 0.09949170798063278, 'num_valid_crds_neg': 348.0, 'epoch': 0.33}
{'loss': 0.0255, 'grad_norm': 0.095703125, 'learning_rate': 9.333333333333334e-05, 'loss_simcse': 0.0250244140625, 'loss_crds': 0.04489993304014206, 'loss_total': 0.02547341398894787, 'avg_crds_neg_weight': 0.13683846592903137, 'avg_crds_reliability': 0.44847071170806885, 'avg_crds_semantic_similarity': 0.4437122344970703, 'avg_crds_cf_distance': 0.10361262410879135, 'num_valid_crds_neg': 296.0, 'epoch': 0.33}
{'loss': 0.0258, 'grad_norm': 0.0859375, 'learning_rate': 9.4e-05, 'loss_simcse': 0.0252685546875, 'loss_crds': 0.054175760596990585, 'loss_total': 0.02581031247973442, 'avg_crds_neg_weight': 0.14497926831245422, 'avg_crds_reliability': 0.4569389820098877, 'avg_crds_semantic_similarity': 0.45743680000305176, 'avg_crds_cf_distance': 0.10931191593408585, 'num_valid_crds_neg': 328.0, 'epoch': 0.33}
{'loss': 0.0263, 'grad_norm': 0.09619140625, 'learning_rate': 9.466666666666667e-05, 'loss_simcse': 0.02587890625, 'loss_crds': 0.03939969837665558, 'loss_total': 0.026272904127836227, 'avg_crds_neg_weight': 0.1350131779909134, 'avg_crds_reliability': 0.435683012008667, 'avg_crds_semantic_similarity': 0.42760246992111206, 'avg_crds_cf_distance': 0.10378541797399521, 'num_valid_crds_neg': 352.0, 'epoch': 0.33}
{'loss': 0.0308, 'grad_norm': 0.10888671875, 'learning_rate': 9.533333333333334e-05, 'loss_simcse': 0.0302734375, 'loss_crds': 0.0558539554476738, 'loss_total': 0.03083197772502899, 'avg_crds_neg_weight': 0.14340730011463165, 'avg_crds_reliability': 0.45419812202453613, 'avg_crds_semantic_similarity': 0.4472130537033081, 'avg_crds_cf_distance': 0.09958817064762115, 'num_valid_crds_neg': 336.0, 'epoch': 0.34}
{'loss': 0.0256, 'grad_norm': 0.1298828125, 'learning_rate': 9.6e-05, 'loss_simcse': 0.025146484375, 'loss_crds': 0.04632577300071716, 'loss_total': 0.02560974285006523, 'avg_crds_neg_weight': 0.1352764368057251, 'avg_crds_reliability': 0.4310862421989441, 'avg_crds_semantic_similarity': 0.438408225774765, 'avg_crds_cf_distance': 0.10497161000967026, 'num_valid_crds_neg': 392.0, 'epoch': 0.34}
{'loss': 0.0277, 'grad_norm': 0.1572265625, 'learning_rate': 9.666666666666667e-05, 'loss_simcse': 0.0272216796875, 'loss_crds': 0.04385301470756531, 'loss_total': 0.02766020968556404, 'avg_crds_neg_weight': 0.12927792966365814, 'avg_crds_reliability': 0.4113851487636566, 'avg_crds_semantic_similarity': 0.43955597281455994, 'avg_crds_cf_distance': 0.09910991042852402, 'num_valid_crds_neg': 324.0, 'epoch': 0.34}
{'loss': 0.027, 'grad_norm': 0.75390625, 'learning_rate': 9.733333333333335e-05, 'loss_simcse': 0.026611328125, 'loss_crds': 0.043607037514448166, 'loss_total': 0.027047399431467056, 'avg_crds_neg_weight': 0.14233845472335815, 'avg_crds_reliability': 0.450011283159256, 'avg_crds_semantic_similarity': 0.42805081605911255, 'avg_crds_cf_distance': 0.10624063014984131, 'num_valid_crds_neg': 348.0, 'epoch': 0.34}
{'loss': 0.029, 'grad_norm': 0.10888671875, 'learning_rate': 9.8e-05, 'loss_simcse': 0.028564453125, 'loss_crds': 0.04743516445159912, 'loss_total': 0.02903880551457405, 'avg_crds_neg_weight': 0.13309724628925323, 'avg_crds_reliability': 0.43820151686668396, 'avg_crds_semantic_similarity': 0.4415624737739563, 'avg_crds_cf_distance': 0.09713564068078995, 'num_valid_crds_neg': 320.0, 'epoch': 0.35}
{'loss': 0.0289, 'grad_norm': 0.1279296875, 'learning_rate': 9.866666666666668e-05, 'loss_simcse': 0.0284423828125, 'loss_crds': 0.04891125485301018, 'loss_total': 0.028931494802236557, 'avg_crds_neg_weight': 0.13741841912269592, 'avg_crds_reliability': 0.4349557161331177, 'avg_crds_semantic_similarity': 0.45365476608276367, 'avg_crds_cf_distance': 0.09964241087436676, 'num_valid_crds_neg': 348.0, 'epoch': 0.35}
{'loss': 0.024, 'grad_norm': 0.09765625, 'learning_rate': 9.933333333333334e-05, 'loss_simcse': 0.023681640625, 'loss_crds': 0.03321271017193794, 'loss_total': 0.024013767018914223, 'avg_crds_neg_weight': 0.13221710920333862, 'avg_crds_reliability': 0.43029341101646423, 'avg_crds_semantic_similarity': 0.41650113463401794, 'avg_crds_cf_distance': 0.11068328469991684, 'num_valid_crds_neg': 352.0, 'epoch': 0.35}
{'loss': 0.0304, 'grad_norm': 0.216796875, 'learning_rate': 0.0001, 'loss_simcse': 0.0299072265625, 'loss_crds': 0.05357641726732254, 'loss_total': 0.030442990362644196, 'avg_crds_neg_weight': 0.1385677456855774, 'avg_crds_reliability': 0.44745737314224243, 'avg_crds_semantic_similarity': 0.4426804184913635, 'avg_crds_cf_distance': 0.09952268749475479, 'num_valid_crds_neg': 392.0, 'epoch': 0.35}
{'loss': 0.0249, 'grad_norm': 0.11572265625, 'learning_rate': 0.00010066666666666667, 'loss_simcse': 0.0244140625, 'loss_crds': 0.04899602010846138, 'loss_total': 0.024904021993279457, 'avg_crds_neg_weight': 0.13645701110363007, 'avg_crds_reliability': 0.43453773856163025, 'avg_crds_semantic_similarity': 0.4529229998588562, 'avg_crds_cf_distance': 0.0961293876171112, 'num_valid_crds_neg': 388.0, 'epoch': 0.36}
{'loss': 0.0281, 'grad_norm': 0.1455078125, 'learning_rate': 0.00010133333333333335, 'loss_simcse': 0.027587890625, 'loss_crds': 0.04681016877293587, 'loss_total': 0.028055991977453232, 'avg_crds_neg_weight': 0.14516524970531464, 'avg_crds_reliability': 0.45194461941719055, 'avg_crds_semantic_similarity': 0.44424188137054443, 'avg_crds_cf_distance': 0.11125056445598602, 'num_valid_crds_neg': 392.0, 'epoch': 0.36}
{'loss': 0.0257, 'grad_norm': 0.1123046875, 'learning_rate': 0.00010200000000000001, 'loss_simcse': 0.025146484375, 'loss_crds': 0.05512163043022156, 'loss_total': 0.025697700679302216, 'avg_crds_neg_weight': 0.14321522414684296, 'avg_crds_reliability': 0.44948893785476685, 'avg_crds_semantic_similarity': 0.43661078810691833, 'avg_crds_cf_distance': 0.10157453268766403, 'num_valid_crds_neg': 328.0, 'epoch': 0.36}
{'loss': 0.024, 'grad_norm': 0.09521484375, 'learning_rate': 0.00010266666666666666, 'loss_simcse': 0.0235595703125, 'loss_crds': 0.04687231406569481, 'loss_total': 0.024028293788433075, 'avg_crds_neg_weight': 0.13838407397270203, 'avg_crds_reliability': 0.4412117898464203, 'avg_crds_semantic_similarity': 0.421953946352005, 'avg_crds_cf_distance': 0.10420981794595718, 'num_valid_crds_neg': 356.0, 'epoch': 0.36}
{'loss': 0.0237, 'grad_norm': 0.09814453125, 'learning_rate': 0.00010333333333333334, 'loss_simcse': 0.0233154296875, 'loss_crds': 0.03940116986632347, 'loss_total': 0.023709440603852272, 'avg_crds_neg_weight': 0.1425468474626541, 'avg_crds_reliability': 0.46253517270088196, 'avg_crds_semantic_similarity': 0.4250531792640686, 'avg_crds_cf_distance': 0.10117334127426147, 'num_valid_crds_neg': 400.0, 'epoch': 0.36}
{'loss': 0.0245, 'grad_norm': 0.09716796875, 'learning_rate': 0.00010400000000000001, 'loss_simcse': 0.0240478515625, 'loss_crds': 0.045254938304424286, 'loss_total': 0.024500401690602303, 'avg_crds_neg_weight': 0.1303870528936386, 'avg_crds_reliability': 0.4192485809326172, 'avg_crds_semantic_similarity': 0.4255565404891968, 'avg_crds_cf_distance': 0.1072341576218605, 'num_valid_crds_neg': 316.0, 'epoch': 0.37}
{'loss': 0.0289, 'grad_norm': 0.494140625, 'learning_rate': 0.00010466666666666667, 'loss_simcse': 0.028564453125, 'loss_crds': 0.03580775111913681, 'loss_total': 0.02892252989113331, 'avg_crds_neg_weight': 0.13606779277324677, 'avg_crds_reliability': 0.4296971559524536, 'avg_crds_semantic_similarity': 0.42135143280029297, 'avg_crds_cf_distance': 0.10593336820602417, 'num_valid_crds_neg': 384.0, 'epoch': 0.37}
{'loss': 0.0277, 'grad_norm': 0.1005859375, 'learning_rate': 0.00010533333333333332, 'loss_simcse': 0.0272216796875, 'loss_crds': 0.04560551792383194, 'loss_total': 0.027677735313773155, 'avg_crds_neg_weight': 0.1336996704339981, 'avg_crds_reliability': 0.44694268703460693, 'avg_crds_semantic_similarity': 0.4439436197280884, 'avg_crds_cf_distance': 0.10329675674438477, 'num_valid_crds_neg': 340.0, 'epoch': 0.37}
{'loss': 0.0263, 'grad_norm': 0.095703125, 'learning_rate': 0.00010600000000000002, 'loss_simcse': 0.0257568359375, 'loss_crds': 0.0525737926363945, 'loss_total': 0.026282573118805885, 'avg_crds_neg_weight': 0.13206516206264496, 'avg_crds_reliability': 0.43324801325798035, 'avg_crds_semantic_similarity': 0.44381338357925415, 'avg_crds_cf_distance': 0.10492165386676788, 'num_valid_crds_neg': 320.0, 'epoch': 0.37}
{'loss': 0.0238, 'grad_norm': 0.1318359375, 'learning_rate': 0.00010666666666666667, 'loss_simcse': 0.0233154296875, 'loss_crds': 0.04612204059958458, 'loss_total': 0.023776650428771973, 'avg_crds_neg_weight': 0.13628274202346802, 'avg_crds_reliability': 0.4443340599536896, 'avg_crds_semantic_similarity': 0.44373178482055664, 'avg_crds_cf_distance': 0.09889838099479675, 'num_valid_crds_neg': 412.0, 'epoch': 0.38}
{'loss': 0.024, 'grad_norm': 0.0908203125, 'learning_rate': 0.00010733333333333333, 'loss_simcse': 0.0235595703125, 'loss_crds': 0.047567225992679596, 'loss_total': 0.024035243317484856, 'avg_crds_neg_weight': 0.14684250950813293, 'avg_crds_reliability': 0.44753649830818176, 'avg_crds_semantic_similarity': 0.44665655493736267, 'avg_crds_cf_distance': 0.10784287005662918, 'num_valid_crds_neg': 328.0, 'epoch': 0.38}
{'loss': 0.0241, 'grad_norm': 0.087890625, 'learning_rate': 0.00010800000000000001, 'loss_simcse': 0.023681640625, 'loss_crds': 0.04139348119497299, 'loss_total': 0.024095576256513596, 'avg_crds_neg_weight': 0.13505595922470093, 'avg_crds_reliability': 0.43600496649742126, 'avg_crds_semantic_similarity': 0.4277009963989258, 'avg_crds_cf_distance': 0.10579194128513336, 'num_valid_crds_neg': 368.0, 'epoch': 0.38}
{'loss': 0.0234, 'grad_norm': 0.08984375, 'learning_rate': 0.00010866666666666667, 'loss_simcse': 0.0228271484375, 'loss_crds': 0.05752628669142723, 'loss_total': 0.023402411490678787, 'avg_crds_neg_weight': 0.14225786924362183, 'avg_crds_reliability': 0.4498600661754608, 'avg_crds_semantic_similarity': 0.4412367343902588, 'avg_crds_cf_distance': 0.10676687210798264, 'num_valid_crds_neg': 348.0, 'epoch': 0.38}
{'loss': 0.0243, 'grad_norm': 0.2177734375, 'learning_rate': 0.00010933333333333333, 'loss_simcse': 0.0238037109375, 'loss_crds': 0.052472107112407684, 'loss_total': 0.024328431114554405, 'avg_crds_neg_weight': 0.13959115743637085, 'avg_crds_reliability': 0.4573506712913513, 'avg_crds_semantic_similarity': 0.43627291917800903, 'avg_crds_cf_distance': 0.10376157611608505, 'num_valid_crds_neg': 296.0, 'epoch': 0.39}
{'loss': 0.0237, 'grad_norm': 0.09765625, 'learning_rate': 0.00011000000000000002, 'loss_simcse': 0.0233154296875, 'loss_crds': 0.03913189843297005, 'loss_total': 0.023706749081611633, 'avg_crds_neg_weight': 0.1423114836215973, 'avg_crds_reliability': 0.4502910375595093, 'avg_crds_semantic_similarity': 0.42067307233810425, 'avg_crds_cf_distance': 0.1034025251865387, 'num_valid_crds_neg': 336.0, 'epoch': 0.39}
{'loss': 0.0236, 'grad_norm': 0.09814453125, 'learning_rate': 0.00011066666666666667, 'loss_simcse': 0.023193359375, 'loss_crds': 0.04208222031593323, 'loss_total': 0.023614181205630302, 'avg_crds_neg_weight': 0.13839642703533173, 'avg_crds_reliability': 0.433655321598053, 'avg_crds_semantic_similarity': 0.4389248490333557, 'avg_crds_cf_distance': 0.10232249647378922, 'num_valid_crds_neg': 372.0, 'epoch': 0.39}
{'loss': 0.0288, 'grad_norm': 0.15625, 'learning_rate': 0.00011133333333333333, 'loss_simcse': 0.0281982421875, 'loss_crds': 0.06153823807835579, 'loss_total': 0.028813624754548073, 'avg_crds_neg_weight': 0.14281465113162994, 'avg_crds_reliability': 0.45312392711639404, 'avg_crds_semantic_similarity': 0.4624372720718384, 'avg_crds_cf_distance': 0.09762947261333466, 'num_valid_crds_neg': 340.0, 'epoch': 0.39}
{'loss': 0.0234, 'grad_norm': 0.09033203125, 'learning_rate': 0.00011200000000000001, 'loss_simcse': 0.0228271484375, 'loss_crds': 0.053750358521938324, 'loss_total': 0.023364651948213577, 'avg_crds_neg_weight': 0.139359250664711, 'avg_crds_reliability': 0.44282037019729614, 'avg_crds_semantic_similarity': 0.4669189453125, 'avg_crds_cf_distance': 0.10482142120599747, 'num_valid_crds_neg': 424.0, 'epoch': 0.4}
{'loss': 0.0243, 'grad_norm': 0.1005859375, 'learning_rate': 0.00011266666666666668, 'loss_simcse': 0.0238037109375, 'loss_crds': 0.04553034529089928, 'loss_total': 0.024259014055132866, 'avg_crds_neg_weight': 0.13782963156700134, 'avg_crds_reliability': 0.4257735311985016, 'avg_crds_semantic_similarity': 0.45724567770957947, 'avg_crds_cf_distance': 0.10187028348445892, 'num_valid_crds_neg': 428.0, 'epoch': 0.4}
{'loss': 0.0228, 'grad_norm': 0.1259765625, 'learning_rate': 0.00011333333333333334, 'loss_simcse': 0.0223388671875, 'loss_crds': 0.04562405124306679, 'loss_total': 0.02279510721564293, 'avg_crds_neg_weight': 0.1408434808254242, 'avg_crds_reliability': 0.44513267278671265, 'avg_crds_semantic_similarity': 0.4289771318435669, 'avg_crds_cf_distance': 0.10500934720039368, 'num_valid_crds_neg': 360.0, 'epoch': 0.4}
{'loss': 0.0227, 'grad_norm': 0.0810546875, 'learning_rate': 0.00011399999999999999, 'loss_simcse': 0.022216796875, 'loss_crds': 0.04790426045656204, 'loss_total': 0.022695839405059814, 'avg_crds_neg_weight': 0.13457491993904114, 'avg_crds_reliability': 0.42927828431129456, 'avg_crds_semantic_similarity': 0.43817707896232605, 'avg_crds_cf_distance': 0.09817171096801758, 'num_valid_crds_neg': 336.0, 'epoch': 0.4}
{'loss': 0.0239, 'grad_norm': 0.10986328125, 'learning_rate': 0.00011466666666666667, 'loss_simcse': 0.0234375, 'loss_crds': 0.041936781257390976, 'loss_total': 0.023856867104768753, 'avg_crds_neg_weight': 0.13176961243152618, 'avg_crds_reliability': 0.4213657081127167, 'avg_crds_semantic_similarity': 0.4467182159423828, 'avg_crds_cf_distance': 0.09489456564188004, 'num_valid_crds_neg': 320.0, 'epoch': 0.4}
{'loss': 0.0224, 'grad_norm': 0.0849609375, 'learning_rate': 0.00011533333333333334, 'loss_simcse': 0.02197265625, 'loss_crds': 0.04271615296602249, 'loss_total': 0.022399818524718285, 'avg_crds_neg_weight': 0.13607580959796906, 'avg_crds_reliability': 0.4356608986854553, 'avg_crds_semantic_similarity': 0.4306512176990509, 'avg_crds_cf_distance': 0.10277343541383743, 'num_valid_crds_neg': 388.0, 'epoch': 0.41}
{'loss': 0.0243, 'grad_norm': 0.1044921875, 'learning_rate': 0.000116, 'loss_simcse': 0.02392578125, 'loss_crds': 0.04136471822857857, 'loss_total': 0.024339428171515465, 'avg_crds_neg_weight': 0.1382029950618744, 'avg_crds_reliability': 0.43493255972862244, 'avg_crds_semantic_similarity': 0.437942236661911, 'avg_crds_cf_distance': 0.10484892129898071, 'num_valid_crds_neg': 384.0, 'epoch': 0.41}
{'loss': 0.025, 'grad_norm': 0.10498046875, 'learning_rate': 0.00011666666666666668, 'loss_simcse': 0.024658203125, 'loss_crds': 0.037996698170900345, 'loss_total': 0.02503816969692707, 'avg_crds_neg_weight': 0.12928606569766998, 'avg_crds_reliability': 0.41812795400619507, 'avg_crds_semantic_similarity': 0.43920543789863586, 'avg_crds_cf_distance': 0.09883645921945572, 'num_valid_crds_neg': 360.0, 'epoch': 0.41}
{'loss': 0.0237, 'grad_norm': 0.1865234375, 'learning_rate': 0.00011733333333333334, 'loss_simcse': 0.023193359375, 'loss_crds': 0.050059009343385696, 'loss_total': 0.023693948984146118, 'avg_crds_neg_weight': 0.14693015813827515, 'avg_crds_reliability': 0.46201688051223755, 'avg_crds_semantic_similarity': 0.4511023163795471, 'avg_crds_cf_distance': 0.10841706395149231, 'num_valid_crds_neg': 376.0, 'epoch': 0.41}
{'loss': 0.0244, 'grad_norm': 0.10595703125, 'learning_rate': 0.000118, 'loss_simcse': 0.02392578125, 'loss_crds': 0.050297994166612625, 'loss_total': 0.02442876063287258, 'avg_crds_neg_weight': 0.13702009618282318, 'avg_crds_reliability': 0.42360785603523254, 'avg_crds_semantic_similarity': 0.4551349878311157, 'avg_crds_cf_distance': 0.1078023612499237, 'num_valid_crds_neg': 364.0, 'epoch': 0.42}
{'loss': 0.023, 'grad_norm': 0.08935546875, 'learning_rate': 0.00011866666666666669, 'loss_simcse': 0.0225830078125, 'loss_crds': 0.045353539288043976, 'loss_total': 0.023036543279886246, 'avg_crds_neg_weight': 0.14024978876113892, 'avg_crds_reliability': 0.44989830255508423, 'avg_crds_semantic_similarity': 0.43976572155952454, 'avg_crds_cf_distance': 0.10721056163311005, 'num_valid_crds_neg': 348.0, 'epoch': 0.42}
{'loss': 0.0234, 'grad_norm': 0.23046875, 'learning_rate': 0.00011933333333333334, 'loss_simcse': 0.0228271484375, 'loss_crds': 0.058241937309503555, 'loss_total': 0.023409567773342133, 'avg_crds_neg_weight': 0.14053259789943695, 'avg_crds_reliability': 0.4391482174396515, 'avg_crds_semantic_similarity': 0.45985907316207886, 'avg_crds_cf_distance': 0.09947066009044647, 'num_valid_crds_neg': 332.0, 'epoch': 0.42}
{'loss': 0.0252, 'grad_norm': 0.11669921875, 'learning_rate': 0.00012, 'loss_simcse': 0.0247802734375, 'loss_crds': 0.03984002396464348, 'loss_total': 0.02517867460846901, 'avg_crds_neg_weight': 0.13751037418842316, 'avg_crds_reliability': 0.4423189163208008, 'avg_crds_semantic_similarity': 0.44232550263404846, 'avg_crds_cf_distance': 0.1033267006278038, 'num_valid_crds_neg': 380.0, 'epoch': 0.42}
{'loss': 0.0227, 'grad_norm': 0.10400390625, 'learning_rate': 0.00012066666666666668, 'loss_simcse': 0.022216796875, 'loss_crds': 0.051854416728019714, 'loss_total': 0.022735340520739555, 'avg_crds_neg_weight': 0.14461174607276917, 'avg_crds_reliability': 0.46051880717277527, 'avg_crds_semantic_similarity': 0.45151031017303467, 'avg_crds_cf_distance': 0.10489857941865921, 'num_valid_crds_neg': 364.0, 'epoch': 0.43}
{'loss': 0.0231, 'grad_norm': 0.09716796875, 'learning_rate': 0.00012133333333333335, 'loss_simcse': 0.022705078125, 'loss_crds': 0.04310549423098564, 'loss_total': 0.023136133328080177, 'avg_crds_neg_weight': 0.13407960534095764, 'avg_crds_reliability': 0.44033700227737427, 'avg_crds_semantic_similarity': 0.4404723346233368, 'avg_crds_cf_distance': 0.10047201067209244, 'num_valid_crds_neg': 332.0, 'epoch': 0.43}
{'loss': 0.0265, 'grad_norm': 1.0234375, 'learning_rate': 0.000122, 'loss_simcse': 0.026123046875, 'loss_crds': 0.0415453277528286, 'loss_total': 0.02653850056231022, 'avg_crds_neg_weight': 0.13334695994853973, 'avg_crds_reliability': 0.42991137504577637, 'avg_crds_semantic_similarity': 0.4347393810749054, 'avg_crds_cf_distance': 0.09676945209503174, 'num_valid_crds_neg': 364.0, 'epoch': 0.43}
{'loss': 0.0234, 'grad_norm': 0.138671875, 'learning_rate': 0.00012266666666666668, 'loss_simcse': 0.0230712890625, 'loss_crds': 0.03534829989075661, 'loss_total': 0.023424772545695305, 'avg_crds_neg_weight': 0.12895947694778442, 'avg_crds_reliability': 0.4157135784626007, 'avg_crds_semantic_similarity': 0.43694695830345154, 'avg_crds_cf_distance': 0.10152897238731384, 'num_valid_crds_neg': 352.0, 'epoch': 0.43}
{'loss': 0.0255, 'grad_norm': 0.1943359375, 'learning_rate': 0.00012333333333333334, 'loss_simcse': 0.0250244140625, 'loss_crds': 0.04550105705857277, 'loss_total': 0.025479424744844437, 'avg_crds_neg_weight': 0.14588771760463715, 'avg_crds_reliability': 0.4612940549850464, 'avg_crds_semantic_similarity': 0.44125664234161377, 'avg_crds_cf_distance': 0.11428746581077576, 'num_valid_crds_neg': 400.0, 'epoch': 0.44}
{'loss': 0.0229, 'grad_norm': 0.09375, 'learning_rate': 0.000124, 'loss_simcse': 0.0224609375, 'loss_crds': 0.04116172343492508, 'loss_total': 0.022872554138302803, 'avg_crds_neg_weight': 0.14720693230628967, 'avg_crds_reliability': 0.4648379385471344, 'avg_crds_semantic_similarity': 0.4597090184688568, 'avg_crds_cf_distance': 0.11016038060188293, 'num_valid_crds_neg': 376.0, 'epoch': 0.44}
{'loss': 0.03, 'grad_norm': 0.1083984375, 'learning_rate': 0.00012466666666666667, 'loss_simcse': 0.029541015625, 'loss_crds': 0.04621792584657669, 'loss_total': 0.030003195628523827, 'avg_crds_neg_weight': 0.13894039392471313, 'avg_crds_reliability': 0.4414975047111511, 'avg_crds_semantic_similarity': 0.44307583570480347, 'avg_crds_cf_distance': 0.09892091900110245, 'num_valid_crds_neg': 332.0, 'epoch': 0.44}
{'loss': 0.0332, 'grad_norm': 0.1240234375, 'learning_rate': 0.00012533333333333334, 'loss_simcse': 0.03271484375, 'loss_crds': 0.048303306102752686, 'loss_total': 0.03319787606596947, 'avg_crds_neg_weight': 0.14514823257923126, 'avg_crds_reliability': 0.43982434272766113, 'avg_crds_semantic_similarity': 0.4470950663089752, 'avg_crds_cf_distance': 0.11365487426519394, 'num_valid_crds_neg': 328.0, 'epoch': 0.44}
{'loss': 0.0227, 'grad_norm': 0.09716796875, 'learning_rate': 0.000126, 'loss_simcse': 0.022216796875, 'loss_crds': 0.04477199167013168, 'loss_total': 0.022664517164230347, 'avg_crds_neg_weight': 0.13623301684856415, 'avg_crds_reliability': 0.4413582682609558, 'avg_crds_semantic_similarity': 0.4489949643611908, 'avg_crds_cf_distance': 0.10526236146688461, 'num_valid_crds_neg': 240.0, 'epoch': 0.44}
{'loss': 0.0219, 'grad_norm': 0.091796875, 'learning_rate': 0.00012666666666666666, 'loss_simcse': 0.0216064453125, 'loss_crds': 0.034266237169504166, 'loss_total': 0.021949106827378273, 'avg_crds_neg_weight': 0.14128628373146057, 'avg_crds_reliability': 0.45187562704086304, 'avg_crds_semantic_similarity': 0.421342670917511, 'avg_crds_cf_distance': 0.10721015930175781, 'num_valid_crds_neg': 364.0, 'epoch': 0.45}
{'loss': 0.0235, 'grad_norm': 0.12060546875, 'learning_rate': 0.00012733333333333336, 'loss_simcse': 0.023193359375, 'loss_crds': 0.033213064074516296, 'loss_total': 0.02352548949420452, 'avg_crds_neg_weight': 0.1359592229127884, 'avg_crds_reliability': 0.44313839077949524, 'avg_crds_semantic_similarity': 0.42049098014831543, 'avg_crds_cf_distance': 0.10348986834287643, 'num_valid_crds_neg': 340.0, 'epoch': 0.45}
{'loss': 0.0221, 'grad_norm': 0.1044921875, 'learning_rate': 0.00012800000000000002, 'loss_simcse': 0.021728515625, 'loss_crds': 0.036685388535261154, 'loss_total': 0.022095369175076485, 'avg_crds_neg_weight': 0.14047843217849731, 'avg_crds_reliability': 0.4499989151954651, 'avg_crds_semantic_similarity': 0.4310830235481262, 'avg_crds_cf_distance': 0.10402002930641174, 'num_valid_crds_neg': 372.0, 'epoch': 0.45}
{'loss': 0.023, 'grad_norm': 0.1123046875, 'learning_rate': 0.00012866666666666666, 'loss_simcse': 0.0225830078125, 'loss_crds': 0.041285883635282516, 'loss_total': 0.02299586683511734, 'avg_crds_neg_weight': 0.14229704439640045, 'avg_crds_reliability': 0.4461561143398285, 'avg_crds_semantic_similarity': 0.44112157821655273, 'avg_crds_cf_distance': 0.10798537731170654, 'num_valid_crds_neg': 348.0, 'epoch': 0.45}
{'loss': 0.023, 'grad_norm': 0.1162109375, 'learning_rate': 0.00012933333333333332, 'loss_simcse': 0.0224609375, 'loss_crds': 0.05310678482055664, 'loss_total': 0.022992005571722984, 'avg_crds_neg_weight': 0.13653384149074554, 'avg_crds_reliability': 0.4259513020515442, 'avg_crds_semantic_similarity': 0.4568445086479187, 'avg_crds_cf_distance': 0.1019129604101181, 'num_valid_crds_neg': 328.0, 'epoch': 0.46}
{'loss': 0.0226, 'grad_norm': 0.150390625, 'learning_rate': 0.00013000000000000002, 'loss_simcse': 0.022216796875, 'loss_crds': 0.040271636098623276, 'loss_total': 0.022619513794779778, 'avg_crds_neg_weight': 0.1417924016714096, 'avg_crds_reliability': 0.447396844625473, 'avg_crds_semantic_similarity': 0.43803671002388, 'avg_crds_cf_distance': 0.10619678348302841, 'num_valid_crds_neg': 344.0, 'epoch': 0.46}
{'loss': 0.0227, 'grad_norm': 0.10205078125, 'learning_rate': 0.00013066666666666668, 'loss_simcse': 0.0223388671875, 'loss_crds': 0.03584996238350868, 'loss_total': 0.022697366774082184, 'avg_crds_neg_weight': 0.1373574584722519, 'avg_crds_reliability': 0.43789902329444885, 'avg_crds_semantic_similarity': 0.4227662980556488, 'avg_crds_cf_distance': 0.10632077604532242, 'num_valid_crds_neg': 360.0, 'epoch': 0.46}
{'loss': 0.0234, 'grad_norm': 0.10888671875, 'learning_rate': 0.00013133333333333332, 'loss_simcse': 0.02294921875, 'loss_crds': 0.04262274503707886, 'loss_total': 0.02337544597685337, 'avg_crds_neg_weight': 0.1319642812013626, 'avg_crds_reliability': 0.4191179871559143, 'avg_crds_semantic_similarity': 0.45407387614250183, 'avg_crds_cf_distance': 0.10004375129938126, 'num_valid_crds_neg': 344.0, 'epoch': 0.46}
{'loss': 0.0276, 'grad_norm': 0.09228515625, 'learning_rate': 0.000132, 'loss_simcse': 0.0272216796875, 'loss_crds': 0.033538904041051865, 'loss_total': 0.027557069435715675, 'avg_crds_neg_weight': 0.1394331306219101, 'avg_crds_reliability': 0.4386999011039734, 'avg_crds_semantic_similarity': 0.4444560408592224, 'avg_crds_cf_distance': 0.10725352168083191, 'num_valid_crds_neg': 352.0, 'epoch': 0.47}
{'loss': 0.0233, 'grad_norm': 0.87109375, 'learning_rate': 0.00013266666666666667, 'loss_simcse': 0.02294921875, 'loss_crds': 0.03952375799417496, 'loss_total': 0.023344457149505615, 'avg_crds_neg_weight': 0.1361764669418335, 'avg_crds_reliability': 0.4396853744983673, 'avg_crds_semantic_similarity': 0.44296079874038696, 'avg_crds_cf_distance': 0.09999444335699081, 'num_valid_crds_neg': 348.0, 'epoch': 0.47}
{'loss': 0.0224, 'grad_norm': 0.10546875, 'learning_rate': 0.00013333333333333334, 'loss_simcse': 0.02197265625, 'loss_crds': 0.04234808310866356, 'loss_total': 0.022396137937903404, 'avg_crds_neg_weight': 0.13479293882846832, 'avg_crds_reliability': 0.43937787413597107, 'avg_crds_semantic_similarity': 0.4405350983142853, 'avg_crds_cf_distance': 0.09853625297546387, 'num_valid_crds_neg': 376.0, 'epoch': 0.47}
{'loss': 0.0258, 'grad_norm': 1.0234375, 'learning_rate': 0.000134, 'loss_simcse': 0.025390625, 'loss_crds': 0.04177207872271538, 'loss_total': 0.025808345526456833, 'avg_crds_neg_weight': 0.14121267199516296, 'avg_crds_reliability': 0.4467707574367523, 'avg_crds_semantic_similarity': 0.4336051046848297, 'avg_crds_cf_distance': 0.10627178102731705, 'num_valid_crds_neg': 304.0, 'epoch': 0.47}
{'loss': 0.0215, 'grad_norm': 0.08935546875, 'learning_rate': 0.00013466666666666667, 'loss_simcse': 0.0211181640625, 'loss_crds': 0.04152551665902138, 'loss_total': 0.02153341844677925, 'avg_crds_neg_weight': 0.14593099057674408, 'avg_crds_reliability': 0.454803466796875, 'avg_crds_semantic_similarity': 0.4524391293525696, 'avg_crds_cf_distance': 0.1032317727804184, 'num_valid_crds_neg': 316.0, 'epoch': 0.48}
{'loss': 0.0243, 'grad_norm': 0.11865234375, 'learning_rate': 0.00013533333333333333, 'loss_simcse': 0.0238037109375, 'loss_crds': 0.04951603338122368, 'loss_total': 0.02429887093603611, 'avg_crds_neg_weight': 0.14137279987335205, 'avg_crds_reliability': 0.443252831697464, 'avg_crds_semantic_similarity': 0.44336920976638794, 'avg_crds_cf_distance': 0.10342413932085037, 'num_valid_crds_neg': 356.0, 'epoch': 0.48}
{'loss': 0.023, 'grad_norm': 0.1328125, 'learning_rate': 0.00013600000000000003, 'loss_simcse': 0.0225830078125, 'loss_crds': 0.04202724248170853, 'loss_total': 0.02300328016281128, 'avg_crds_neg_weight': 0.14256858825683594, 'avg_crds_reliability': 0.4660012722015381, 'avg_crds_semantic_similarity': 0.44304388761520386, 'avg_crds_cf_distance': 0.11408860981464386, 'num_valid_crds_neg': 348.0, 'epoch': 0.48}
{'loss': 0.023, 'grad_norm': 0.10693359375, 'learning_rate': 0.00013666666666666666, 'loss_simcse': 0.0225830078125, 'loss_crds': 0.042309947311878204, 'loss_total': 0.023006107658147812, 'avg_crds_neg_weight': 0.1376316249370575, 'avg_crds_reliability': 0.44135892391204834, 'avg_crds_semantic_similarity': 0.4485703110694885, 'avg_crds_cf_distance': 0.11021105945110321, 'num_valid_crds_neg': 340.0, 'epoch': 0.48}
{'loss': 0.0233, 'grad_norm': 0.107421875, 'learning_rate': 0.00013733333333333333, 'loss_simcse': 0.02294921875, 'loss_crds': 0.03813181445002556, 'loss_total': 0.023330537602305412, 'avg_crds_neg_weight': 0.14020466804504395, 'avg_crds_reliability': 0.44572311639785767, 'avg_crds_semantic_similarity': 0.42951273918151855, 'avg_crds_cf_distance': 0.10853259265422821, 'num_valid_crds_neg': 352.0, 'epoch': 0.48}
{'loss': 0.0322, 'grad_norm': 0.126953125, 'learning_rate': 0.000138, 'loss_simcse': 0.03173828125, 'loss_crds': 0.04802935570478439, 'loss_total': 0.0322185754776001, 'avg_crds_neg_weight': 0.13905003666877747, 'avg_crds_reliability': 0.43362662196159363, 'avg_crds_semantic_similarity': 0.4422224760055542, 'avg_crds_cf_distance': 0.10051129758358002, 'num_valid_crds_neg': 348.0, 'epoch': 0.49}
{'loss': 0.0265, 'grad_norm': 0.1884765625, 'learning_rate': 0.00013866666666666669, 'loss_simcse': 0.026123046875, 'loss_crds': 0.03713454306125641, 'loss_total': 0.02649439312517643, 'avg_crds_neg_weight': 0.13316863775253296, 'avg_crds_reliability': 0.4350537359714508, 'avg_crds_semantic_similarity': 0.42904403805732727, 'avg_crds_cf_distance': 0.09848389774560928, 'num_valid_crds_neg': 364.0, 'epoch': 0.49}
{'loss': 0.0215, 'grad_norm': 0.09375, 'learning_rate': 0.00013933333333333335, 'loss_simcse': 0.0211181640625, 'loss_crds': 0.040147777646780014, 'loss_total': 0.02151964232325554, 'avg_crds_neg_weight': 0.13402891159057617, 'avg_crds_reliability': 0.4338853061199188, 'avg_crds_semantic_similarity': 0.43235573172569275, 'avg_crds_cf_distance': 0.09690655767917633, 'num_valid_crds_neg': 356.0, 'epoch': 0.49}
{'loss': 0.025, 'grad_norm': 0.1845703125, 'learning_rate': 0.00014, 'loss_simcse': 0.0245361328125, 'loss_crds': 0.050442762672901154, 'loss_total': 0.025040559470653534, 'avg_crds_neg_weight': 0.14671233296394348, 'avg_crds_reliability': 0.45975440740585327, 'avg_crds_semantic_similarity': 0.4630245268344879, 'avg_crds_cf_distance': 0.10874909907579422, 'num_valid_crds_neg': 268.0, 'epoch': 0.49}
{'loss': 0.0226, 'grad_norm': 0.1630859375, 'learning_rate': 0.00014066666666666668, 'loss_simcse': 0.0223388671875, 'loss_crds': 0.031112903729081154, 'loss_total': 0.022649995982646942, 'avg_crds_neg_weight': 0.1357223242521286, 'avg_crds_reliability': 0.42991364002227783, 'avg_crds_semantic_similarity': 0.4299788773059845, 'avg_crds_cf_distance': 0.10335937142372131, 'num_valid_crds_neg': 368.0, 'epoch': 0.5}
{'loss': 0.0223, 'grad_norm': 0.1005859375, 'learning_rate': 0.00014133333333333334, 'loss_simcse': 0.0218505859375, 'loss_crds': 0.04119238257408142, 'loss_total': 0.022262509912252426, 'avg_crds_neg_weight': 0.14186225831508636, 'avg_crds_reliability': 0.4510921239852905, 'avg_crds_semantic_similarity': 0.4257957935333252, 'avg_crds_cf_distance': 0.10193001478910446, 'num_valid_crds_neg': 336.0, 'epoch': 0.5}
{'loss': 0.0262, 'grad_norm': 0.10546875, 'learning_rate': 0.000142, 'loss_simcse': 0.0257568359375, 'loss_crds': 0.0409468375146389, 'loss_total': 0.02616630494594574, 'avg_crds_neg_weight': 0.14192774891853333, 'avg_crds_reliability': 0.4561035633087158, 'avg_crds_semantic_similarity': 0.4507347047328949, 'avg_crds_cf_distance': 0.10175717622041702, 'num_valid_crds_neg': 316.0, 'epoch': 0.5}
{'loss': 0.0225, 'grad_norm': 0.1083984375, 'learning_rate': 0.00014266666666666667, 'loss_simcse': 0.0220947265625, 'loss_crds': 0.044998813420534134, 'loss_total': 0.02254471555352211, 'avg_crds_neg_weight': 0.14296451210975647, 'avg_crds_reliability': 0.4465562701225281, 'avg_crds_semantic_similarity': 0.4627332091331482, 'avg_crds_cf_distance': 0.09985452145338058, 'num_valid_crds_neg': 356.0, 'epoch': 0.5}
{'loss': 0.0228, 'grad_norm': 0.1298828125, 'learning_rate': 0.00014333333333333334, 'loss_simcse': 0.0223388671875, 'loss_crds': 0.04992527514696121, 'loss_total': 0.02283811941742897, 'avg_crds_neg_weight': 0.13980057835578918, 'avg_crds_reliability': 0.44155174493789673, 'avg_crds_semantic_similarity': 0.44800129532814026, 'avg_crds_cf_distance': 0.10291950404644012, 'num_valid_crds_neg': 328.0, 'epoch': 0.51}
{'loss': 0.0219, 'grad_norm': 0.10888671875, 'learning_rate': 0.000144, 'loss_simcse': 0.021484375, 'loss_crds': 0.037459876388311386, 'loss_total': 0.021858973428606987, 'avg_crds_neg_weight': 0.1341795176267624, 'avg_crds_reliability': 0.4317939877510071, 'avg_crds_semantic_similarity': 0.44917118549346924, 'avg_crds_cf_distance': 0.09995748102664948, 'num_valid_crds_neg': 392.0, 'epoch': 0.51}
{'loss': 0.031, 'grad_norm': 0.23828125, 'learning_rate': 0.0001446666666666667, 'loss_simcse': 0.030517578125, 'loss_crds': 0.04592778533697128, 'loss_total': 0.030976856127381325, 'avg_crds_neg_weight': 0.13488152623176575, 'avg_crds_reliability': 0.42459407448768616, 'avg_crds_semantic_similarity': 0.4584404230117798, 'avg_crds_cf_distance': 0.09916538000106812, 'num_valid_crds_neg': 356.0, 'epoch': 0.51}
{'loss': 0.0247, 'grad_norm': 0.71484375, 'learning_rate': 0.00014533333333333333, 'loss_simcse': 0.0242919921875, 'loss_crds': 0.0401633195579052, 'loss_total': 0.024693625047802925, 'avg_crds_neg_weight': 0.13532553613185883, 'avg_crds_reliability': 0.4367804229259491, 'avg_crds_semantic_similarity': 0.4452977776527405, 'avg_crds_cf_distance': 0.10492974519729614, 'num_valid_crds_neg': 332.0, 'epoch': 0.51}
{'loss': 0.0213, 'grad_norm': 0.0986328125, 'learning_rate': 0.000146, 'loss_simcse': 0.0208740234375, 'loss_crds': 0.04463068023324013, 'loss_total': 0.02132032997906208, 'avg_crds_neg_weight': 0.1390259712934494, 'avg_crds_reliability': 0.4358934462070465, 'avg_crds_semantic_similarity': 0.4437382221221924, 'avg_crds_cf_distance': 0.11213251203298569, 'num_valid_crds_neg': 356.0, 'epoch': 0.52}
{'loss': 0.0254, 'grad_norm': 0.12060546875, 'learning_rate': 0.00014666666666666666, 'loss_simcse': 0.02490234375, 'loss_crds': 0.04685818776488304, 'loss_total': 0.025370925664901733, 'avg_crds_neg_weight': 0.1446983516216278, 'avg_crds_reliability': 0.45830726623535156, 'avg_crds_semantic_similarity': 0.442125141620636, 'avg_crds_cf_distance': 0.10624494403600693, 'num_valid_crds_neg': 384.0, 'epoch': 0.52}
{'loss': 0.0217, 'grad_norm': 0.09619140625, 'learning_rate': 0.00014733333333333335, 'loss_simcse': 0.021240234375, 'loss_crds': 0.04593418538570404, 'loss_total': 0.0216995757073164, 'avg_crds_neg_weight': 0.14656545221805573, 'avg_crds_reliability': 0.44804438948631287, 'avg_crds_semantic_similarity': 0.455255925655365, 'avg_crds_cf_distance': 0.10768327116966248, 'num_valid_crds_neg': 384.0, 'epoch': 0.52}
{'loss': 0.0216, 'grad_norm': 0.1025390625, 'learning_rate': 0.000148, 'loss_simcse': 0.0211181640625, 'loss_crds': 0.04666774719953537, 'loss_total': 0.02158484235405922, 'avg_crds_neg_weight': 0.1413601189851761, 'avg_crds_reliability': 0.4355892241001129, 'avg_crds_semantic_similarity': 0.4720362722873688, 'avg_crds_cf_distance': 0.100511834025383, 'num_valid_crds_neg': 408.0, 'epoch': 0.52}
{'loss': 0.022, 'grad_norm': 0.111328125, 'learning_rate': 0.00014866666666666666, 'loss_simcse': 0.0216064453125, 'loss_crds': 0.04391650855541229, 'loss_total': 0.02204561047255993, 'avg_crds_neg_weight': 0.13678281009197235, 'avg_crds_reliability': 0.43952155113220215, 'avg_crds_semantic_similarity': 0.45251139998435974, 'avg_crds_cf_distance': 0.10065435618162155, 'num_valid_crds_neg': 364.0, 'epoch': 0.52}
{'loss': 0.0218, 'grad_norm': 0.10107421875, 'learning_rate': 0.00014933333333333335, 'loss_simcse': 0.0213623046875, 'loss_crds': 0.04166745766997337, 'loss_total': 0.021778978407382965, 'avg_crds_neg_weight': 0.14059962332248688, 'avg_crds_reliability': 0.45404744148254395, 'avg_crds_semantic_similarity': 0.43507787585258484, 'avg_crds_cf_distance': 0.1083316057920456, 'num_valid_crds_neg': 332.0, 'epoch': 0.53}
{'loss': 0.0234, 'grad_norm': 0.236328125, 'learning_rate': 0.00015000000000000001, 'loss_simcse': 0.02294921875, 'loss_crds': 0.049235910177230835, 'loss_total': 0.023441577330231667, 'avg_crds_neg_weight': 0.1447322815656662, 'avg_crds_reliability': 0.4622430205345154, 'avg_crds_semantic_similarity': 0.443685919046402, 'avg_crds_cf_distance': 0.10821497440338135, 'num_valid_crds_neg': 340.0, 'epoch': 0.53}
{'loss': 0.0258, 'grad_norm': 0.1298828125, 'learning_rate': 0.00015066666666666668, 'loss_simcse': 0.025390625, 'loss_crds': 0.04348578676581383, 'loss_total': 0.025825483724474907, 'avg_crds_neg_weight': 0.1386808305978775, 'avg_crds_reliability': 0.4416506886482239, 'avg_crds_semantic_similarity': 0.4536706507205963, 'avg_crds_cf_distance': 0.10191211849451065, 'num_valid_crds_neg': 392.0, 'epoch': 0.53}
{'loss': 0.0226, 'grad_norm': 0.1162109375, 'learning_rate': 0.00015133333333333334, 'loss_simcse': 0.022216796875, 'loss_crds': 0.03461461141705513, 'loss_total': 0.022562943398952484, 'avg_crds_neg_weight': 0.1345597803592682, 'avg_crds_reliability': 0.4382067620754242, 'avg_crds_semantic_similarity': 0.43149882555007935, 'avg_crds_cf_distance': 0.1000533252954483, 'num_valid_crds_neg': 396.0, 'epoch': 0.53}
{'loss': 0.0224, 'grad_norm': 0.09814453125, 'learning_rate': 0.000152, 'loss_simcse': 0.0220947265625, 'loss_crds': 0.03518681600689888, 'loss_total': 0.02244659513235092, 'avg_crds_neg_weight': 0.14236271381378174, 'avg_crds_reliability': 0.45205411314964294, 'avg_crds_semantic_similarity': 0.4547675848007202, 'avg_crds_cf_distance': 0.09787224233150482, 'num_valid_crds_neg': 324.0, 'epoch': 0.54}
{'loss': 0.022, 'grad_norm': 0.125, 'learning_rate': 0.00015266666666666667, 'loss_simcse': 0.0216064453125, 'loss_crds': 0.04395219311118126, 'loss_total': 0.02204596810042858, 'avg_crds_neg_weight': 0.13753120601177216, 'avg_crds_reliability': 0.4282822012901306, 'avg_crds_semantic_similarity': 0.45419856905937195, 'avg_crds_cf_distance': 0.09968575835227966, 'num_valid_crds_neg': 364.0, 'epoch': 0.54}
{'loss': 0.0238, 'grad_norm': 0.1806640625, 'learning_rate': 0.00015333333333333334, 'loss_simcse': 0.0234375, 'loss_crds': 0.03813793882727623, 'loss_total': 0.023818880319595337, 'avg_crds_neg_weight': 0.1400565356016159, 'avg_crds_reliability': 0.44063130021095276, 'avg_crds_semantic_similarity': 0.4646669328212738, 'avg_crds_cf_distance': 0.10652535408735275, 'num_valid_crds_neg': 344.0, 'epoch': 0.54}
{'loss': 0.0228, 'grad_norm': 0.1357421875, 'learning_rate': 0.000154, 'loss_simcse': 0.0223388671875, 'loss_crds': 0.043091028928756714, 'loss_total': 0.022769777104258537, 'avg_crds_neg_weight': 0.13858087360858917, 'avg_crds_reliability': 0.44241634011268616, 'avg_crds_semantic_similarity': 0.4478304982185364, 'avg_crds_cf_distance': 0.1077788695693016, 'num_valid_crds_neg': 356.0, 'epoch': 0.54}
{'loss': 0.0218, 'grad_norm': 0.111328125, 'learning_rate': 0.00015466666666666667, 'loss_simcse': 0.021484375, 'loss_crds': 0.027854040265083313, 'loss_total': 0.021762914955615997, 'avg_crds_neg_weight': 0.1308041512966156, 'avg_crds_reliability': 0.4273958206176758, 'avg_crds_semantic_similarity': 0.41408777236938477, 'avg_crds_cf_distance': 0.1028558537364006, 'num_valid_crds_neg': 360.0, 'epoch': 0.55}
{'loss': 0.0232, 'grad_norm': 0.87890625, 'learning_rate': 0.00015533333333333333, 'loss_simcse': 0.0228271484375, 'loss_crds': 0.03641248494386673, 'loss_total': 0.02319127321243286, 'avg_crds_neg_weight': 0.1360008418560028, 'avg_crds_reliability': 0.4305543005466461, 'avg_crds_semantic_similarity': 0.45717915892601013, 'avg_crds_cf_distance': 0.10021135956048965, 'num_valid_crds_neg': 400.0, 'epoch': 0.55}
{'loss': 0.0217, 'grad_norm': 0.1171875, 'learning_rate': 0.00015600000000000002, 'loss_simcse': 0.0213623046875, 'loss_crds': 0.038142405450344086, 'loss_total': 0.02174372784793377, 'avg_crds_neg_weight': 0.134483203291893, 'avg_crds_reliability': 0.42308923602104187, 'avg_crds_semantic_similarity': 0.45983728766441345, 'avg_crds_cf_distance': 0.10226903110742569, 'num_valid_crds_neg': 320.0, 'epoch': 0.55}
{'loss': 0.0214, 'grad_norm': 0.09619140625, 'learning_rate': 0.00015666666666666666, 'loss_simcse': 0.02099609375, 'loss_crds': 0.03832109645009041, 'loss_total': 0.02137930504977703, 'avg_crds_neg_weight': 0.14084453880786896, 'avg_crds_reliability': 0.44907471537590027, 'avg_crds_semantic_similarity': 0.44014787673950195, 'avg_crds_cf_distance': 0.09583508223295212, 'num_valid_crds_neg': 320.0, 'epoch': 0.55}
{'loss': 0.021, 'grad_norm': 0.0947265625, 'learning_rate': 0.00015733333333333333, 'loss_simcse': 0.0206298828125, 'loss_crds': 0.039517298340797424, 'loss_total': 0.021025056019425392, 'avg_crds_neg_weight': 0.13139382004737854, 'avg_crds_reliability': 0.4233910143375397, 'avg_crds_semantic_similarity': 0.4500058889389038, 'avg_crds_cf_distance': 0.09760813415050507, 'num_valid_crds_neg': 360.0, 'epoch': 0.56}
{'loss': 0.0212, 'grad_norm': 0.1015625, 'learning_rate': 0.00015800000000000002, 'loss_simcse': 0.0208740234375, 'loss_crds': 0.03424989432096481, 'loss_total': 0.02121652290225029, 'avg_crds_neg_weight': 0.13450326025485992, 'avg_crds_reliability': 0.431680828332901, 'avg_crds_semantic_similarity': 0.4427821934223175, 'avg_crds_cf_distance': 0.10194113105535507, 'num_valid_crds_neg': 360.0, 'epoch': 0.56}
{'loss': 0.0226, 'grad_norm': 0.388671875, 'learning_rate': 0.00015866666666666668, 'loss_simcse': 0.022216796875, 'loss_crds': 0.033969324082136154, 'loss_total': 0.0225564893335104, 'avg_crds_neg_weight': 0.13829612731933594, 'avg_crds_reliability': 0.4556783437728882, 'avg_crds_semantic_similarity': 0.42580485343933105, 'avg_crds_cf_distance': 0.10491633415222168, 'num_valid_crds_neg': 352.0, 'epoch': 0.56}
{'loss': 0.023, 'grad_norm': 0.11767578125, 'learning_rate': 0.00015933333333333332, 'loss_simcse': 0.022705078125, 'loss_crds': 0.03280515968799591, 'loss_total': 0.023033129051327705, 'avg_crds_neg_weight': 0.14004331827163696, 'avg_crds_reliability': 0.45868489146232605, 'avg_crds_semantic_similarity': 0.4344269335269928, 'avg_crds_cf_distance': 0.10601368546485901, 'num_valid_crds_neg': 368.0, 'epoch': 0.56}
{'loss': 0.0217, 'grad_norm': 0.10400390625, 'learning_rate': 0.00016, 'loss_simcse': 0.0213623046875, 'loss_crds': 0.037905339151620865, 'loss_total': 0.021741358563303947, 'avg_crds_neg_weight': 0.135085329413414, 'avg_crds_reliability': 0.4244402050971985, 'avg_crds_semantic_similarity': 0.42968088388442993, 'avg_crds_cf_distance': 0.10409693419933319, 'num_valid_crds_neg': 376.0, 'epoch': 0.56}
{'loss': 0.0231, 'grad_norm': 0.10791015625, 'learning_rate': 0.00016066666666666668, 'loss_simcse': 0.022705078125, 'loss_crds': 0.03531675413250923, 'loss_total': 0.023058244958519936, 'avg_crds_neg_weight': 0.13970105350017548, 'avg_crds_reliability': 0.45388156175613403, 'avg_crds_semantic_similarity': 0.43347644805908203, 'avg_crds_cf_distance': 0.10550002753734589, 'num_valid_crds_neg': 292.0, 'epoch': 0.57}
{'loss': 0.0218, 'grad_norm': 0.091796875, 'learning_rate': 0.00016133333333333334, 'loss_simcse': 0.0213623046875, 'loss_crds': 0.0422280989587307, 'loss_total': 0.02178458496928215, 'avg_crds_neg_weight': 0.1481657177209854, 'avg_crds_reliability': 0.46215149760246277, 'avg_crds_semantic_similarity': 0.4465833902359009, 'avg_crds_cf_distance': 0.10980475693941116, 'num_valid_crds_neg': 328.0, 'epoch': 0.57}
{'loss': 0.0219, 'grad_norm': 0.095703125, 'learning_rate': 0.000162, 'loss_simcse': 0.021484375, 'loss_crds': 0.04574549198150635, 'loss_total': 0.021941829472780228, 'avg_crds_neg_weight': 0.142848402261734, 'avg_crds_reliability': 0.43857842683792114, 'avg_crds_semantic_similarity': 0.466040700674057, 'avg_crds_cf_distance': 0.1049300953745842, 'num_valid_crds_neg': 348.0, 'epoch': 0.57}
{'loss': 0.0222, 'grad_norm': 0.10693359375, 'learning_rate': 0.00016266666666666667, 'loss_simcse': 0.0218505859375, 'loss_crds': 0.037296004593372345, 'loss_total': 0.022223545238375664, 'avg_crds_neg_weight': 0.1382853090763092, 'avg_crds_reliability': 0.44934290647506714, 'avg_crds_semantic_similarity': 0.4423171877861023, 'avg_crds_cf_distance': 0.10036608576774597, 'num_valid_crds_neg': 292.0, 'epoch': 0.57}
{'loss': 0.0207, 'grad_norm': 0.09130859375, 'learning_rate': 0.00016333333333333334, 'loss_simcse': 0.0203857421875, 'loss_crds': 0.02954498678445816, 'loss_total': 0.020681191235780716, 'avg_crds_neg_weight': 0.13361939787864685, 'avg_crds_reliability': 0.43589532375335693, 'avg_crds_semantic_similarity': 0.4303300678730011, 'avg_crds_cf_distance': 0.09772854298353195, 'num_valid_crds_neg': 360.0, 'epoch': 0.58}
{'loss': 0.0205, 'grad_norm': 0.0849609375, 'learning_rate': 0.000164, 'loss_simcse': 0.0201416015625, 'loss_crds': 0.03534214198589325, 'loss_total': 0.02049502357840538, 'avg_crds_neg_weight': 0.14094626903533936, 'avg_crds_reliability': 0.44157856702804565, 'avg_crds_semantic_similarity': 0.4450856149196625, 'avg_crds_cf_distance': 0.0992463082075119, 'num_valid_crds_neg': 352.0, 'epoch': 0.58}
{'loss': 0.0209, 'grad_norm': 0.09423828125, 'learning_rate': 0.00016466666666666667, 'loss_simcse': 0.0205078125, 'loss_crds': 0.03863262012600899, 'loss_total': 0.020894138142466545, 'avg_crds_neg_weight': 0.13718748092651367, 'avg_crds_reliability': 0.43539077043533325, 'avg_crds_semantic_similarity': 0.4536578357219696, 'avg_crds_cf_distance': 0.09808860719203949, 'num_valid_crds_neg': 360.0, 'epoch': 0.58}
{'loss': 0.0215, 'grad_norm': 0.11181640625, 'learning_rate': 0.00016533333333333333, 'loss_simcse': 0.0211181640625, 'loss_crds': 0.03498857840895653, 'loss_total': 0.02146805077791214, 'avg_crds_neg_weight': 0.13869111239910126, 'avg_crds_reliability': 0.44290414452552795, 'avg_crds_semantic_similarity': 0.45219212770462036, 'avg_crds_cf_distance': 0.10254137217998505, 'num_valid_crds_neg': 364.0, 'epoch': 0.58}
{'loss': 0.0207, 'grad_norm': 0.08056640625, 'learning_rate': 0.000166, 'loss_simcse': 0.020263671875, 'loss_crds': 0.044178858399391174, 'loss_total': 0.020705459639430046, 'avg_crds_neg_weight': 0.14049316942691803, 'avg_crds_reliability': 0.43806302547454834, 'avg_crds_semantic_similarity': 0.463401198387146, 'avg_crds_cf_distance': 0.10232672840356827, 'num_valid_crds_neg': 304.0, 'epoch': 0.59}
{'loss': 0.0223, 'grad_norm': 0.1025390625, 'learning_rate': 0.0001666666666666667, 'loss_simcse': 0.02197265625, 'loss_crds': 0.03699950873851776, 'loss_total': 0.022342652082443237, 'avg_crds_neg_weight': 0.13904471695423126, 'avg_crds_reliability': 0.42815282940864563, 'avg_crds_semantic_similarity': 0.4557916820049286, 'avg_crds_cf_distance': 0.10216274857521057, 'num_valid_crds_neg': 312.0, 'epoch': 0.59}
{'loss': 0.0211, 'grad_norm': 0.095703125, 'learning_rate': 0.00016733333333333335, 'loss_simcse': 0.020751953125, 'loss_crds': 0.0388287678360939, 'loss_total': 0.021140240132808685, 'avg_crds_neg_weight': 0.1374332457780838, 'avg_crds_reliability': 0.4424625039100647, 'avg_crds_semantic_similarity': 0.4537335932254791, 'avg_crds_cf_distance': 0.10112658888101578, 'num_valid_crds_neg': 376.0, 'epoch': 0.59}
{'loss': 0.0207, 'grad_norm': 0.10205078125, 'learning_rate': 0.000168, 'loss_simcse': 0.0203857421875, 'loss_crds': 0.0337679348886013, 'loss_total': 0.02072342112660408, 'avg_crds_neg_weight': 0.13481803238391876, 'avg_crds_reliability': 0.4315873682498932, 'avg_crds_semantic_similarity': 0.42936721444129944, 'avg_crds_cf_distance': 0.10151775926351547, 'num_valid_crds_neg': 312.0, 'epoch': 0.59}
{'loss': 0.0211, 'grad_norm': 0.09423828125, 'learning_rate': 0.00016866666666666668, 'loss_simcse': 0.020751953125, 'loss_crds': 0.03856390342116356, 'loss_total': 0.02113759145140648, 'avg_crds_neg_weight': 0.1344050019979477, 'avg_crds_reliability': 0.4385872781276703, 'avg_crds_semantic_similarity': 0.44335734844207764, 'avg_crds_cf_distance': 0.10161645710468292, 'num_valid_crds_neg': 360.0, 'epoch': 0.6}
{'loss': 0.0204, 'grad_norm': 0.08154296875, 'learning_rate': 0.00016933333333333335, 'loss_simcse': 0.02001953125, 'loss_crds': 0.0371648371219635, 'loss_total': 0.020391179248690605, 'avg_crds_neg_weight': 0.1343548595905304, 'avg_crds_reliability': 0.4456094205379486, 'avg_crds_semantic_similarity': 0.4405020773410797, 'avg_crds_cf_distance': 0.10408701747655869, 'num_valid_crds_neg': 336.0, 'epoch': 0.6}
{'loss': 0.0207, 'grad_norm': 0.1005859375, 'learning_rate': 0.00017, 'loss_simcse': 0.0203857421875, 'loss_crds': 0.03550505265593529, 'loss_total': 0.020740792155265808, 'avg_crds_neg_weight': 0.14885437488555908, 'avg_crds_reliability': 0.46243080496788025, 'avg_crds_semantic_similarity': 0.44300299882888794, 'avg_crds_cf_distance': 0.10997726023197174, 'num_valid_crds_neg': 348.0, 'epoch': 0.6}
{'loss': 0.0216, 'grad_norm': 0.099609375, 'learning_rate': 0.00017066666666666668, 'loss_simcse': 0.021240234375, 'loss_crds': 0.03804772347211838, 'loss_total': 0.02162071131169796, 'avg_crds_neg_weight': 0.14198479056358337, 'avg_crds_reliability': 0.44497331976890564, 'avg_crds_semantic_similarity': 0.45629945397377014, 'avg_crds_cf_distance': 0.1055481880903244, 'num_valid_crds_neg': 340.0, 'epoch': 0.6}
{'loss': 0.025, 'grad_norm': 0.10107421875, 'learning_rate': 0.00017133333333333334, 'loss_simcse': 0.024658203125, 'loss_crds': 0.03481821343302727, 'loss_total': 0.025006385520100594, 'avg_crds_neg_weight': 0.13651227951049805, 'avg_crds_reliability': 0.4438726603984833, 'avg_crds_semantic_similarity': 0.4308002293109894, 'avg_crds_cf_distance': 0.10489102452993393, 'num_valid_crds_neg': 340.0, 'epoch': 0.6}
{'loss': 0.0206, 'grad_norm': 0.08251953125, 'learning_rate': 0.000172, 'loss_simcse': 0.020263671875, 'loss_crds': 0.03587466850876808, 'loss_total': 0.02062241919338703, 'avg_crds_neg_weight': 0.140801802277565, 'avg_crds_reliability': 0.4601549208164215, 'avg_crds_semantic_similarity': 0.45160630345344543, 'avg_crds_cf_distance': 0.10283880680799484, 'num_valid_crds_neg': 340.0, 'epoch': 0.61}
{'loss': 0.0212, 'grad_norm': 0.091796875, 'learning_rate': 0.00017266666666666667, 'loss_simcse': 0.020751953125, 'loss_crds': 0.04198279231786728, 'loss_total': 0.021171780303120613, 'avg_crds_neg_weight': 0.14162209630012512, 'avg_crds_reliability': 0.43751007318496704, 'avg_crds_semantic_similarity': 0.4522216022014618, 'avg_crds_cf_distance': 0.09251534938812256, 'num_valid_crds_neg': 340.0, 'epoch': 0.61}
{'loss': 0.0206, 'grad_norm': 0.08544921875, 'learning_rate': 0.00017333333333333334, 'loss_simcse': 0.020263671875, 'loss_crds': 0.033504780381917953, 'loss_total': 0.020598718896508217, 'avg_crds_neg_weight': 0.1355801671743393, 'avg_crds_reliability': 0.4415830075740814, 'avg_crds_semantic_similarity': 0.4411569833755493, 'avg_crds_cf_distance': 0.10254601389169693, 'num_valid_crds_neg': 328.0, 'epoch': 0.61}
{'loss': 0.0207, 'grad_norm': 0.08251953125, 'learning_rate': 0.000174, 'loss_simcse': 0.0203857421875, 'loss_crds': 0.03443198278546333, 'loss_total': 0.02073006145656109, 'avg_crds_neg_weight': 0.1413039118051529, 'avg_crds_reliability': 0.44827553629875183, 'avg_crds_semantic_similarity': 0.4338686764240265, 'avg_crds_cf_distance': 0.10372189432382584, 'num_valid_crds_neg': 344.0, 'epoch': 0.61}
{'loss': 0.0205, 'grad_norm': 0.08251953125, 'learning_rate': 0.00017466666666666667, 'loss_simcse': 0.0201416015625, 'loss_crds': 0.034846510738134384, 'loss_total': 0.020490067079663277, 'avg_crds_neg_weight': 0.14199240505695343, 'avg_crds_reliability': 0.4558688700199127, 'avg_crds_semantic_similarity': 0.42542287707328796, 'avg_crds_cf_distance': 0.10127946734428406, 'num_valid_crds_neg': 348.0, 'epoch': 0.62}
{'loss': 0.0212, 'grad_norm': 0.09130859375, 'learning_rate': 0.00017533333333333336, 'loss_simcse': 0.020751953125, 'loss_crds': 0.04033584147691727, 'loss_total': 0.021155310794711113, 'avg_crds_neg_weight': 0.13957500457763672, 'avg_crds_reliability': 0.4343165457248688, 'avg_crds_semantic_similarity': 0.4563046991825104, 'avg_crds_cf_distance': 0.10100908577442169, 'num_valid_crds_neg': 336.0, 'epoch': 0.62}
{'loss': 0.0207, 'grad_norm': 0.0830078125, 'learning_rate': 0.00017600000000000002, 'loss_simcse': 0.020263671875, 'loss_crds': 0.04079074412584305, 'loss_total': 0.020671579986810684, 'avg_crds_neg_weight': 0.14486680924892426, 'avg_crds_reliability': 0.44156283140182495, 'avg_crds_semantic_similarity': 0.44951900839805603, 'avg_crds_cf_distance': 0.1102721244096756, 'num_valid_crds_neg': 360.0, 'epoch': 0.62}
{'loss': 0.0208, 'grad_norm': 0.08447265625, 'learning_rate': 0.00017666666666666666, 'loss_simcse': 0.0203857421875, 'loss_crds': 0.03868238627910614, 'loss_total': 0.02077256515622139, 'avg_crds_neg_weight': 0.13669267296791077, 'avg_crds_reliability': 0.4559345543384552, 'avg_crds_semantic_similarity': 0.4419023096561432, 'avg_crds_cf_distance': 0.10131759941577911, 'num_valid_crds_neg': 316.0, 'epoch': 0.62}
{'loss': 0.0202, 'grad_norm': 0.08447265625, 'learning_rate': 0.00017733333333333335, 'loss_simcse': 0.019775390625, 'loss_crds': 0.03920111432671547, 'loss_total': 0.020167401060461998, 'avg_crds_neg_weight': 0.13866618275642395, 'avg_crds_reliability': 0.43511316180229187, 'avg_crds_semantic_similarity': 0.4333908259868622, 'avg_crds_cf_distance': 0.09809523075819016, 'num_valid_crds_neg': 340.0, 'epoch': 0.63}
{'loss': 0.0209, 'grad_norm': 0.0830078125, 'learning_rate': 0.00017800000000000002, 'loss_simcse': 0.0205078125, 'loss_crds': 0.03537493944168091, 'loss_total': 0.020861562341451645, 'avg_crds_neg_weight': 0.1431925743818283, 'avg_crds_reliability': 0.45092809200286865, 'avg_crds_semantic_similarity': 0.44055888056755066, 'avg_crds_cf_distance': 0.09989865869283676, 'num_valid_crds_neg': 360.0, 'epoch': 0.63}
{'loss': 0.0198, 'grad_norm': 0.087890625, 'learning_rate': 0.00017866666666666668, 'loss_simcse': 0.01953125, 'loss_crds': 0.03125369921326637, 'loss_total': 0.01984378695487976, 'avg_crds_neg_weight': 0.13707159459590912, 'avg_crds_reliability': 0.43757593631744385, 'avg_crds_semantic_similarity': 0.4383735656738281, 'avg_crds_cf_distance': 0.09876712411642075, 'num_valid_crds_neg': 336.0, 'epoch': 0.63}
{'loss': 0.02, 'grad_norm': 0.07275390625, 'learning_rate': 0.00017933333333333332, 'loss_simcse': 0.0196533203125, 'loss_crds': 0.03896874189376831, 'loss_total': 0.020043008029460907, 'avg_crds_neg_weight': 0.1387321501970291, 'avg_crds_reliability': 0.4376567602157593, 'avg_crds_semantic_similarity': 0.44696199893951416, 'avg_crds_cf_distance': 0.10096742957830429, 'num_valid_crds_neg': 344.0, 'epoch': 0.63}
{'loss': 0.0211, 'grad_norm': 0.11767578125, 'learning_rate': 0.00018, 'loss_simcse': 0.020751953125, 'loss_crds': 0.03334636613726616, 'loss_total': 0.02108541689813137, 'avg_crds_neg_weight': 0.13740861415863037, 'avg_crds_reliability': 0.44974517822265625, 'avg_crds_semantic_similarity': 0.42947331070899963, 'avg_crds_cf_distance': 0.10813285410404205, 'num_valid_crds_neg': 368.0, 'epoch': 0.64}
{'loss': 0.0207, 'grad_norm': 0.087890625, 'learning_rate': 0.00018066666666666668, 'loss_simcse': 0.020263671875, 'loss_crds': 0.0430227592587471, 'loss_total': 0.02069390006363392, 'avg_crds_neg_weight': 0.1386866718530655, 'avg_crds_reliability': 0.4374593496322632, 'avg_crds_semantic_similarity': 0.45114052295684814, 'avg_crds_cf_distance': 0.10016381740570068, 'num_valid_crds_neg': 392.0, 'epoch': 0.64}
{'loss': 0.0202, 'grad_norm': 0.08544921875, 'learning_rate': 0.00018133333333333334, 'loss_simcse': 0.0198974609375, 'loss_crds': 0.03415897116065025, 'loss_total': 0.020239051431417465, 'avg_crds_neg_weight': 0.1398375928401947, 'avg_crds_reliability': 0.44663992524147034, 'avg_crds_semantic_similarity': 0.4433706998825073, 'avg_crds_cf_distance': 0.1081215962767601, 'num_valid_crds_neg': 392.0, 'epoch': 0.64}
{'loss': 0.0203, 'grad_norm': 0.0888671875, 'learning_rate': 0.000182, 'loss_simcse': 0.02001953125, 'loss_crds': 0.03198477625846863, 'loss_total': 0.020339379087090492, 'avg_crds_neg_weight': 0.13906307518482208, 'avg_crds_reliability': 0.44001463055610657, 'avg_crds_semantic_similarity': 0.45388123393058777, 'avg_crds_cf_distance': 0.10157541930675507, 'num_valid_crds_neg': 368.0, 'epoch': 0.64}
{'loss': 0.0206, 'grad_norm': 0.08251953125, 'learning_rate': 0.00018266666666666667, 'loss_simcse': 0.020263671875, 'loss_crds': 0.034105561673641205, 'loss_total': 0.020604727789759636, 'avg_crds_neg_weight': 0.13888809084892273, 'avg_crds_reliability': 0.4530099630355835, 'avg_crds_semantic_similarity': 0.4314090609550476, 'avg_crds_cf_distance': 0.09816057980060577, 'num_valid_crds_neg': 308.0, 'epoch': 0.64}
{'loss': 0.0212, 'grad_norm': 0.09619140625, 'learning_rate': 0.00018333333333333334, 'loss_simcse': 0.0208740234375, 'loss_crds': 0.029266996309161186, 'loss_total': 0.021166693419218063, 'avg_crds_neg_weight': 0.13605953752994537, 'avg_crds_reliability': 0.44837701320648193, 'avg_crds_semantic_similarity': 0.4350470006465912, 'avg_crds_cf_distance': 0.1004553884267807, 'num_valid_crds_neg': 404.0, 'epoch': 0.65}
{'loss': 0.024, 'grad_norm': 0.08837890625, 'learning_rate': 0.00018400000000000003, 'loss_simcse': 0.023681640625, 'loss_crds': 0.03649953007698059, 'loss_total': 0.024046635255217552, 'avg_crds_neg_weight': 0.133812814950943, 'avg_crds_reliability': 0.42878639698028564, 'avg_crds_semantic_similarity': 0.452083945274353, 'avg_crds_cf_distance': 0.0988733172416687, 'num_valid_crds_neg': 376.0, 'epoch': 0.65}
{'loss': 0.0208, 'grad_norm': 0.0859375, 'learning_rate': 0.00018466666666666666, 'loss_simcse': 0.0203857421875, 'loss_crds': 0.045830316841602325, 'loss_total': 0.020844046026468277, 'avg_crds_neg_weight': 0.1524491161108017, 'avg_crds_reliability': 0.47452107071876526, 'avg_crds_semantic_similarity': 0.4516158998012543, 'avg_crds_cf_distance': 0.10826340317726135, 'num_valid_crds_neg': 316.0, 'epoch': 0.65}
{'loss': 0.0239, 'grad_norm': 0.0986328125, 'learning_rate': 0.00018533333333333333, 'loss_simcse': 0.0235595703125, 'loss_crds': 0.0340677946805954, 'loss_total': 0.023900248110294342, 'avg_crds_neg_weight': 0.13319578766822815, 'avg_crds_reliability': 0.4337010383605957, 'avg_crds_semantic_similarity': 0.4324263632297516, 'avg_crds_cf_distance': 0.10077715665102005, 'num_valid_crds_neg': 344.0, 'epoch': 0.65}
{'loss': 0.0202, 'grad_norm': 0.078125, 'learning_rate': 0.00018600000000000002, 'loss_simcse': 0.0198974609375, 'loss_crds': 0.034331247210502625, 'loss_total': 0.020240772515535355, 'avg_crds_neg_weight': 0.14228780567646027, 'avg_crds_reliability': 0.44392213225364685, 'avg_crds_semantic_similarity': 0.4423482418060303, 'avg_crds_cf_distance': 0.10479471832513809, 'num_valid_crds_neg': 332.0, 'epoch': 0.66}
{'loss': 0.0229, 'grad_norm': 0.103515625, 'learning_rate': 0.0001866666666666667, 'loss_simcse': 0.0224609375, 'loss_crds': 0.042900558561086655, 'loss_total': 0.022889943793416023, 'avg_crds_neg_weight': 0.1465979516506195, 'avg_crds_reliability': 0.4619540572166443, 'avg_crds_semantic_similarity': 0.43595415353775024, 'avg_crds_cf_distance': 0.10121556371450424, 'num_valid_crds_neg': 344.0, 'epoch': 0.66}
{'loss': 0.0203, 'grad_norm': 0.091796875, 'learning_rate': 0.00018733333333333335, 'loss_simcse': 0.0198974609375, 'loss_crds': 0.036168329417705536, 'loss_total': 0.02025914378464222, 'avg_crds_neg_weight': 0.13638901710510254, 'avg_crds_reliability': 0.42774873971939087, 'avg_crds_semantic_similarity': 0.45200440287590027, 'avg_crds_cf_distance': 0.09784950315952301, 'num_valid_crds_neg': 300.0, 'epoch': 0.66}
{'loss': 0.02, 'grad_norm': 0.08203125, 'learning_rate': 0.000188, 'loss_simcse': 0.0196533203125, 'loss_crds': 0.03770727664232254, 'loss_total': 0.020030392333865166, 'avg_crds_neg_weight': 0.14043545722961426, 'avg_crds_reliability': 0.4392332434654236, 'avg_crds_semantic_similarity': 0.442079097032547, 'avg_crds_cf_distance': 0.10248993337154388, 'num_valid_crds_neg': 328.0, 'epoch': 0.66}
{'loss': 0.0235, 'grad_norm': 0.78125, 'learning_rate': 0.00018866666666666668, 'loss_simcse': 0.023193359375, 'loss_crds': 0.030870312824845314, 'loss_total': 0.023502063006162643, 'avg_crds_neg_weight': 0.13417789340019226, 'avg_crds_reliability': 0.438955157995224, 'avg_crds_semantic_similarity': 0.43477094173431396, 'avg_crds_cf_distance': 0.09951553493738174, 'num_valid_crds_neg': 380.0, 'epoch': 0.67}
{'loss': 0.0206, 'grad_norm': 0.09326171875, 'learning_rate': 0.00018933333333333335, 'loss_simcse': 0.020263671875, 'loss_crds': 0.03719897195696831, 'loss_total': 0.020635660737752914, 'avg_crds_neg_weight': 0.13694119453430176, 'avg_crds_reliability': 0.4487374424934387, 'avg_crds_semantic_similarity': 0.4516983926296234, 'avg_crds_cf_distance': 0.1043119952082634, 'num_valid_crds_neg': 320.0, 'epoch': 0.67}
{'loss': 0.0207, 'grad_norm': 0.09619140625, 'learning_rate': 0.00019, 'loss_simcse': 0.0203857421875, 'loss_crds': 0.029144641011953354, 'loss_total': 0.02067718841135502, 'avg_crds_neg_weight': 0.1339053362607956, 'avg_crds_reliability': 0.43034157156944275, 'avg_crds_semantic_similarity': 0.4164833426475525, 'avg_crds_cf_distance': 0.09939587861299515, 'num_valid_crds_neg': 364.0, 'epoch': 0.67}
{'loss': 0.0208, 'grad_norm': 0.08935546875, 'learning_rate': 0.00019066666666666668, 'loss_simcse': 0.0205078125, 'loss_crds': 0.03295073285698891, 'loss_total': 0.020837320014834404, 'avg_crds_neg_weight': 0.13774818181991577, 'avg_crds_reliability': 0.44319137930870056, 'avg_crds_semantic_similarity': 0.44336268305778503, 'avg_crds_cf_distance': 0.10585317015647888, 'num_valid_crds_neg': 396.0, 'epoch': 0.67}
{'loss': 0.0203, 'grad_norm': 0.08642578125, 'learning_rate': 0.00019133333333333334, 'loss_simcse': 0.0198974609375, 'loss_crds': 0.03896721825003624, 'loss_total': 0.020287133753299713, 'avg_crds_neg_weight': 0.14176352322101593, 'avg_crds_reliability': 0.4552951753139496, 'avg_crds_semantic_similarity': 0.4444287121295929, 'avg_crds_cf_distance': 0.10015077143907547, 'num_valid_crds_neg': 284.0, 'epoch': 0.68}
{'loss': 0.0202, 'grad_norm': 0.09423828125, 'learning_rate': 0.000192, 'loss_simcse': 0.019775390625, 'loss_crds': 0.039062343537807465, 'loss_total': 0.02016601338982582, 'avg_crds_neg_weight': 0.13659226894378662, 'avg_crds_reliability': 0.44175034761428833, 'avg_crds_semantic_similarity': 0.45418986678123474, 'avg_crds_cf_distance': 0.09438534826040268, 'num_valid_crds_neg': 320.0, 'epoch': 0.68}
{'loss': 0.0195, 'grad_norm': 0.08544921875, 'learning_rate': 0.0001926666666666667, 'loss_simcse': 0.0191650390625, 'loss_crds': 0.03667524456977844, 'loss_total': 0.019531792029738426, 'avg_crds_neg_weight': 0.13485905528068542, 'avg_crds_reliability': 0.4327826201915741, 'avg_crds_semantic_similarity': 0.45316383242607117, 'avg_crds_cf_distance': 0.09746044129133224, 'num_valid_crds_neg': 440.0, 'epoch': 0.68}
{'loss': 0.0206, 'grad_norm': 0.10009765625, 'learning_rate': 0.00019333333333333333, 'loss_simcse': 0.020263671875, 'loss_crds': 0.03862622752785683, 'loss_total': 0.02064993418753147, 'avg_crds_neg_weight': 0.14050672948360443, 'avg_crds_reliability': 0.4483969807624817, 'avg_crds_semantic_similarity': 0.4316769242286682, 'avg_crds_cf_distance': 0.1012345552444458, 'num_valid_crds_neg': 348.0, 'epoch': 0.68}
{'loss': 0.0211, 'grad_norm': 0.1064453125, 'learning_rate': 0.000194, 'loss_simcse': 0.020751953125, 'loss_crds': 0.03719652071595192, 'loss_total': 0.021123917773365974, 'avg_crds_neg_weight': 0.13845115900039673, 'avg_crds_reliability': 0.4374569058418274, 'avg_crds_semantic_similarity': 0.44754859805107117, 'avg_crds_cf_distance': 0.0939464345574379, 'num_valid_crds_neg': 308.0, 'epoch': 0.68}
{'loss': 0.0206, 'grad_norm': 0.09228515625, 'learning_rate': 0.0001946666666666667, 'loss_simcse': 0.020263671875, 'loss_crds': 0.031292565166950226, 'loss_total': 0.02057659812271595, 'avg_crds_neg_weight': 0.13710778951644897, 'avg_crds_reliability': 0.4381212592124939, 'avg_crds_semantic_similarity': 0.43587902188301086, 'avg_crds_cf_distance': 0.10675594210624695, 'num_valid_crds_neg': 336.0, 'epoch': 0.69}
{'loss': 0.02, 'grad_norm': 0.08544921875, 'learning_rate': 0.00019533333333333336, 'loss_simcse': 0.0196533203125, 'loss_crds': 0.03341377526521683, 'loss_total': 0.019987458363175392, 'avg_crds_neg_weight': 0.1343541294336319, 'avg_crds_reliability': 0.42680078744888306, 'avg_crds_semantic_similarity': 0.4498527944087982, 'avg_crds_cf_distance': 0.10610468685626984, 'num_valid_crds_neg': 428.0, 'epoch': 0.69}
{'loss': 0.0203, 'grad_norm': 0.0869140625, 'learning_rate': 0.000196, 'loss_simcse': 0.0198974609375, 'loss_crds': 0.043279606848955154, 'loss_total': 0.020330257713794708, 'avg_crds_neg_weight': 0.14332714676856995, 'avg_crds_reliability': 0.4574185013771057, 'avg_crds_semantic_similarity': 0.45724204182624817, 'avg_crds_cf_distance': 0.10289916396141052, 'num_valid_crds_neg': 364.0, 'epoch': 0.69}
{'loss': 0.0201, 'grad_norm': 0.0908203125, 'learning_rate': 0.00019666666666666666, 'loss_simcse': 0.019775390625, 'loss_crds': 0.033722225576639175, 'loss_total': 0.02011261321604252, 'avg_crds_neg_weight': 0.13877499103546143, 'avg_crds_reliability': 0.4452957212924957, 'avg_crds_semantic_similarity': 0.443621426820755, 'avg_crds_cf_distance': 0.10378191620111465, 'num_valid_crds_neg': 340.0, 'epoch': 0.69}
{'loss': 0.0203, 'grad_norm': 0.09716796875, 'learning_rate': 0.00019733333333333335, 'loss_simcse': 0.019775390625, 'loss_crds': 0.04880671948194504, 'loss_total': 0.02026345767080784, 'avg_crds_neg_weight': 0.14579086005687714, 'avg_crds_reliability': 0.4634576141834259, 'avg_crds_semantic_similarity': 0.4536580443382263, 'avg_crds_cf_distance': 0.10797028988599777, 'num_valid_crds_neg': 372.0, 'epoch': 0.7}
{'loss': 0.0198, 'grad_norm': 0.076171875, 'learning_rate': 0.00019800000000000002, 'loss_simcse': 0.01953125, 'loss_crds': 0.03140200674533844, 'loss_total': 0.01984526962041855, 'avg_crds_neg_weight': 0.14002832770347595, 'avg_crds_reliability': 0.4442113935947418, 'avg_crds_semantic_similarity': 0.44583559036254883, 'avg_crds_cf_distance': 0.09620751440525055, 'num_valid_crds_neg': 368.0, 'epoch': 0.7}
{'loss': 0.0195, 'grad_norm': 0.07666015625, 'learning_rate': 0.00019866666666666668, 'loss_simcse': 0.0191650390625, 'loss_crds': 0.03361472859978676, 'loss_total': 0.019501186907291412, 'avg_crds_neg_weight': 0.14487367868423462, 'avg_crds_reliability': 0.45319899916648865, 'avg_crds_semantic_similarity': 0.4418371617794037, 'avg_crds_cf_distance': 0.11312417685985565, 'num_valid_crds_neg': 400.0, 'epoch': 0.7}
{'loss': 0.0204, 'grad_norm': 0.08642578125, 'learning_rate': 0.00019933333333333334, 'loss_simcse': 0.02001953125, 'loss_crds': 0.03954988718032837, 'loss_total': 0.020415030419826508, 'avg_crds_neg_weight': 0.1400090754032135, 'avg_crds_reliability': 0.4442693889141083, 'avg_crds_semantic_similarity': 0.4434114396572113, 'avg_crds_cf_distance': 0.1056629866361618, 'num_valid_crds_neg': 436.0, 'epoch': 0.7}
{'loss': 0.0204, 'grad_norm': 0.09326171875, 'learning_rate': 0.0002, 'loss_simcse': 0.0201416015625, 'loss_crds': 0.030157824978232384, 'loss_total': 0.020443180575966835, 'avg_crds_neg_weight': 0.13472744822502136, 'avg_crds_reliability': 0.4396444857120514, 'avg_crds_semantic_similarity': 0.43781232833862305, 'avg_crds_cf_distance': 0.10173292458057404, 'num_valid_crds_neg': 380.0, 'epoch': 0.71}
{'loss': 0.0195, 'grad_norm': 0.0771484375, 'learning_rate': 0.00019989041095890413, 'loss_simcse': 0.0191650390625, 'loss_crds': 0.03506981208920479, 'loss_total': 0.019515737891197205, 'avg_crds_neg_weight': 0.13521793484687805, 'avg_crds_reliability': 0.4234102666378021, 'avg_crds_semantic_similarity': 0.4440600574016571, 'avg_crds_cf_distance': 0.10211271047592163, 'num_valid_crds_neg': 384.0, 'epoch': 0.71}
{'loss': 0.02, 'grad_norm': 0.0732421875, 'learning_rate': 0.00019978082191780822, 'loss_simcse': 0.0196533203125, 'loss_crds': 0.03188653290271759, 'loss_total': 0.019972186535596848, 'avg_crds_neg_weight': 0.13574062287807465, 'avg_crds_reliability': 0.43353763222694397, 'avg_crds_semantic_similarity': 0.42748257517814636, 'avg_crds_cf_distance': 0.10764538496732712, 'num_valid_crds_neg': 352.0, 'epoch': 0.71}
{'loss': 0.02, 'grad_norm': 0.08154296875, 'learning_rate': 0.00019967123287671233, 'loss_simcse': 0.0196533203125, 'loss_crds': 0.03194515407085419, 'loss_total': 0.019972771406173706, 'avg_crds_neg_weight': 0.13622255623340607, 'avg_crds_reliability': 0.43177786469459534, 'avg_crds_semantic_similarity': 0.45265668630599976, 'avg_crds_cf_distance': 0.09856747090816498, 'num_valid_crds_neg': 404.0, 'epoch': 0.71}
{'loss': 0.0196, 'grad_norm': 0.08056640625, 'learning_rate': 0.00019956164383561645, 'loss_simcse': 0.019287109375, 'loss_crds': 0.03590705245733261, 'loss_total': 0.019646180793642998, 'avg_crds_neg_weight': 0.14251083135604858, 'avg_crds_reliability': 0.4582687318325043, 'avg_crds_semantic_similarity': 0.44953444600105286, 'avg_crds_cf_distance': 0.10617686063051224, 'num_valid_crds_neg': 344.0, 'epoch': 0.72}
{'loss': 0.0196, 'grad_norm': 0.07958984375, 'learning_rate': 0.00019945205479452057, 'loss_simcse': 0.019287109375, 'loss_crds': 0.030434979125857353, 'loss_total': 0.01959146000444889, 'avg_crds_neg_weight': 0.13672634959220886, 'avg_crds_reliability': 0.44165098667144775, 'avg_crds_semantic_similarity': 0.4294218420982361, 'avg_crds_cf_distance': 0.1019996777176857, 'num_valid_crds_neg': 360.0, 'epoch': 0.72}
{'loss': 0.0194, 'grad_norm': 0.0810546875, 'learning_rate': 0.00019934246575342465, 'loss_simcse': 0.0191650390625, 'loss_crds': 0.025786079466342926, 'loss_total': 0.019422899931669235, 'avg_crds_neg_weight': 0.12879858911037445, 'avg_crds_reliability': 0.41885799169540405, 'avg_crds_semantic_similarity': 0.4424188733100891, 'avg_crds_cf_distance': 0.10356690734624863, 'num_valid_crds_neg': 388.0, 'epoch': 0.72}
{'loss': 0.0197, 'grad_norm': 0.07958984375, 'learning_rate': 0.00019923287671232877, 'loss_simcse': 0.0194091796875, 'loss_crds': 0.026031997054815292, 'loss_total': 0.01966949924826622, 'avg_crds_neg_weight': 0.1388307362794876, 'avg_crds_reliability': 0.4515947699546814, 'avg_crds_semantic_similarity': 0.4232565760612488, 'avg_crds_cf_distance': 0.10649816691875458, 'num_valid_crds_neg': 336.0, 'epoch': 0.72}
{'loss': 0.0232, 'grad_norm': 0.10205078125, 'learning_rate': 0.0001991232876712329, 'loss_simcse': 0.0228271484375, 'loss_crds': 0.03516410291194916, 'loss_total': 0.023178789764642715, 'avg_crds_neg_weight': 0.13634732365608215, 'avg_crds_reliability': 0.4328572452068329, 'avg_crds_semantic_similarity': 0.4509721100330353, 'avg_crds_cf_distance': 0.10115411132574081, 'num_valid_crds_neg': 380.0, 'epoch': 0.72}
{'loss': 0.0213, 'grad_norm': 0.0986328125, 'learning_rate': 0.00019901369863013698, 'loss_simcse': 0.0208740234375, 'loss_crds': 0.04371197521686554, 'loss_total': 0.021311143413186073, 'avg_crds_neg_weight': 0.14462409913539886, 'avg_crds_reliability': 0.44778719544410706, 'avg_crds_semantic_similarity': 0.46325379610061646, 'avg_crds_cf_distance': 0.10825091600418091, 'num_valid_crds_neg': 300.0, 'epoch': 0.73}
{'loss': 0.02, 'grad_norm': 0.08740234375, 'learning_rate': 0.00019890410958904112, 'loss_simcse': 0.0196533203125, 'loss_crds': 0.03328898176550865, 'loss_total': 0.019986210390925407, 'avg_crds_neg_weight': 0.13541652262210846, 'avg_crds_reliability': 0.44047337770462036, 'avg_crds_semantic_similarity': 0.4383533000946045, 'avg_crds_cf_distance': 0.10126136988401413, 'num_valid_crds_neg': 364.0, 'epoch': 0.73}
{'loss': 0.0195, 'grad_norm': 0.08251953125, 'learning_rate': 0.0001987945205479452, 'loss_simcse': 0.0191650390625, 'loss_crds': 0.0318104587495327, 'loss_total': 0.019483143463730812, 'avg_crds_neg_weight': 0.13868792355060577, 'avg_crds_reliability': 0.4298640489578247, 'avg_crds_semantic_similarity': 0.4550042748451233, 'avg_crds_cf_distance': 0.09903627634048462, 'num_valid_crds_neg': 340.0, 'epoch': 0.73}
{'loss': 0.0197, 'grad_norm': 0.0732421875, 'learning_rate': 0.00019868493150684933, 'loss_simcse': 0.0194091796875, 'loss_crds': 0.030507994815707207, 'loss_total': 0.01971426047384739, 'avg_crds_neg_weight': 0.13767284154891968, 'avg_crds_reliability': 0.43943798542022705, 'avg_crds_semantic_similarity': 0.4353894293308258, 'avg_crds_cf_distance': 0.10580947995185852, 'num_valid_crds_neg': 368.0, 'epoch': 0.73}
{'loss': 0.0198, 'grad_norm': 0.0810546875, 'learning_rate': 0.00019857534246575344, 'loss_simcse': 0.01953125, 'loss_crds': 0.030955171212553978, 'loss_total': 0.019840801134705544, 'avg_crds_neg_weight': 0.1391097605228424, 'avg_crds_reliability': 0.445161372423172, 'avg_crds_semantic_similarity': 0.4485795795917511, 'avg_crds_cf_distance': 0.10844338685274124, 'num_valid_crds_neg': 392.0, 'epoch': 0.74}
{'loss': 0.0244, 'grad_norm': 0.0849609375, 'learning_rate': 0.00019846575342465753, 'loss_simcse': 0.0240478515625, 'loss_crds': 0.039571914821863174, 'loss_total': 0.024443570524454117, 'avg_crds_neg_weight': 0.14033955335617065, 'avg_crds_reliability': 0.4448963701725006, 'avg_crds_semantic_similarity': 0.4485183656215668, 'avg_crds_cf_distance': 0.09794817864894867, 'num_valid_crds_neg': 324.0, 'epoch': 0.74}
{'loss': 0.0198, 'grad_norm': 0.07861328125, 'learning_rate': 0.00019835616438356165, 'loss_simcse': 0.01953125, 'loss_crds': 0.02995225600898266, 'loss_total': 0.019830772653222084, 'avg_crds_neg_weight': 0.13244351744651794, 'avg_crds_reliability': 0.42935168743133545, 'avg_crds_semantic_similarity': 0.4187168478965759, 'avg_crds_cf_distance': 0.10435079038143158, 'num_valid_crds_neg': 384.0, 'epoch': 0.74}
{'loss': 0.0196, 'grad_norm': 0.07763671875, 'learning_rate': 0.00019824657534246577, 'loss_simcse': 0.0191650390625, 'loss_crds': 0.043787457048892975, 'loss_total': 0.019602913409471512, 'avg_crds_neg_weight': 0.14283721148967743, 'avg_crds_reliability': 0.4501118063926697, 'avg_crds_semantic_similarity': 0.4542018175125122, 'avg_crds_cf_distance': 0.10484153777360916, 'num_valid_crds_neg': 324.0, 'epoch': 0.74}
{'loss': 0.0202, 'grad_norm': 0.0771484375, 'learning_rate': 0.00019813698630136988, 'loss_simcse': 0.0198974609375, 'loss_crds': 0.034484222531318665, 'loss_total': 0.020242303609848022, 'avg_crds_neg_weight': 0.13414709270000458, 'avg_crds_reliability': 0.43793827295303345, 'avg_crds_semantic_similarity': 0.44798845052719116, 'avg_crds_cf_distance': 0.10990286618471146, 'num_valid_crds_neg': 288.0, 'epoch': 0.75}
{'loss': 0.02, 'grad_norm': 0.0810546875, 'learning_rate': 0.00019802739726027397, 'loss_simcse': 0.0196533203125, 'loss_crds': 0.031957484781742096, 'loss_total': 0.019972894340753555, 'avg_crds_neg_weight': 0.14233990013599396, 'avg_crds_reliability': 0.46475639939308167, 'avg_crds_semantic_similarity': 0.43496641516685486, 'avg_crds_cf_distance': 0.10393672436475754, 'num_valid_crds_neg': 380.0, 'epoch': 0.75}
{'loss': 0.0205, 'grad_norm': 0.0849609375, 'learning_rate': 0.0001979178082191781, 'loss_simcse': 0.0201416015625, 'loss_crds': 0.033674683421850204, 'loss_total': 0.020478349179029465, 'avg_crds_neg_weight': 0.13587507605552673, 'avg_crds_reliability': 0.4337841868400574, 'avg_crds_semantic_similarity': 0.4370809495449066, 'avg_crds_cf_distance': 0.10277967900037766, 'num_valid_crds_neg': 276.0, 'epoch': 0.75}
{'loss': 0.0195, 'grad_norm': 0.072265625, 'learning_rate': 0.0001978082191780822, 'loss_simcse': 0.0191650390625, 'loss_crds': 0.031794074922800064, 'loss_total': 0.01948297955095768, 'avg_crds_neg_weight': 0.14127393066883087, 'avg_crds_reliability': 0.4513078033924103, 'avg_crds_semantic_similarity': 0.4322499930858612, 'avg_crds_cf_distance': 0.10374975204467773, 'num_valid_crds_neg': 336.0, 'epoch': 0.75}
{'loss': 0.0246, 'grad_norm': 0.07373046875, 'learning_rate': 0.0001976986301369863, 'loss_simcse': 0.024169921875, 'loss_crds': 0.03883610665798187, 'loss_total': 0.024558283388614655, 'avg_crds_neg_weight': 0.13991482555866241, 'avg_crds_reliability': 0.44858935475349426, 'avg_crds_semantic_similarity': 0.4415142834186554, 'avg_crds_cf_distance': 0.10280916094779968, 'num_valid_crds_neg': 348.0, 'epoch': 0.76}
{'loss': 0.0192, 'grad_norm': 0.07470703125, 'learning_rate': 0.00019758904109589044, 'loss_simcse': 0.0189208984375, 'loss_crds': 0.028433501720428467, 'loss_total': 0.019205233082175255, 'avg_crds_neg_weight': 0.13374575972557068, 'avg_crds_reliability': 0.42144984006881714, 'avg_crds_semantic_similarity': 0.4321414828300476, 'avg_crds_cf_distance': 0.10183043777942657, 'num_valid_crds_neg': 324.0, 'epoch': 0.76}
{'loss': 0.0206, 'grad_norm': 0.0888671875, 'learning_rate': 0.00019747945205479453, 'loss_simcse': 0.020263671875, 'loss_crds': 0.035051196813583374, 'loss_total': 0.02061418443918228, 'avg_crds_neg_weight': 0.14471690356731415, 'avg_crds_reliability': 0.46014404296875, 'avg_crds_semantic_similarity': 0.4465795159339905, 'avg_crds_cf_distance': 0.10491419583559036, 'num_valid_crds_neg': 348.0, 'epoch': 0.76}
{'loss': 0.0207, 'grad_norm': 0.091796875, 'learning_rate': 0.00019736986301369864, 'loss_simcse': 0.0203857421875, 'loss_crds': 0.03161533549427986, 'loss_total': 0.020701896399259567, 'avg_crds_neg_weight': 0.14753901958465576, 'avg_crds_reliability': 0.45419013500213623, 'avg_crds_semantic_similarity': 0.4397059977054596, 'avg_crds_cf_distance': 0.11437959223985672, 'num_valid_crds_neg': 336.0, 'epoch': 0.76}
{'loss': 0.0198, 'grad_norm': 0.08740234375, 'learning_rate': 0.00019726027397260273, 'loss_simcse': 0.01953125, 'loss_crds': 0.030811933800578117, 'loss_total': 0.019839368760585785, 'avg_crds_neg_weight': 0.1400230973958969, 'avg_crds_reliability': 0.4341937303543091, 'avg_crds_semantic_similarity': 0.4239045977592468, 'avg_crds_cf_distance': 0.10302399098873138, 'num_valid_crds_neg': 364.0, 'epoch': 0.76}
{'loss': 0.0193, 'grad_norm': 0.0732421875, 'learning_rate': 0.00019715068493150685, 'loss_simcse': 0.0189208984375, 'loss_crds': 0.03350335732102394, 'loss_total': 0.019255932420492172, 'avg_crds_neg_weight': 0.1325996369123459, 'avg_crds_reliability': 0.4336453080177307, 'avg_crds_semantic_similarity': 0.4328804314136505, 'avg_crds_cf_distance': 0.09846615791320801, 'num_valid_crds_neg': 348.0, 'epoch': 0.77}
{'loss': 0.0193, 'grad_norm': 0.07373046875, 'learning_rate': 0.00019704109589041097, 'loss_simcse': 0.01904296875, 'loss_crds': 0.028043515980243683, 'loss_total': 0.019323403015732765, 'avg_crds_neg_weight': 0.13473328948020935, 'avg_crds_reliability': 0.4439845681190491, 'avg_crds_semantic_similarity': 0.44459807872772217, 'avg_crds_cf_distance': 0.09991279244422913, 'num_valid_crds_neg': 356.0, 'epoch': 0.77}
{'loss': 0.0188, 'grad_norm': 0.06396484375, 'learning_rate': 0.00019693150684931508, 'loss_simcse': 0.0185546875, 'loss_crds': 0.02906389720737934, 'loss_total': 0.0188453271985054, 'avg_crds_neg_weight': 0.12855924665927887, 'avg_crds_reliability': 0.4297637343406677, 'avg_crds_semantic_similarity': 0.42406758666038513, 'avg_crds_cf_distance': 0.09565865248441696, 'num_valid_crds_neg': 364.0, 'epoch': 0.77}
{'loss': 0.0189, 'grad_norm': 0.07373046875, 'learning_rate': 0.0001968219178082192, 'loss_simcse': 0.0186767578125, 'loss_crds': 0.026940781623125076, 'loss_total': 0.018946165218949318, 'avg_crds_neg_weight': 0.13536489009857178, 'avg_crds_reliability': 0.43784672021865845, 'avg_crds_semantic_similarity': 0.43072509765625, 'avg_crds_cf_distance': 0.10301470756530762, 'num_valid_crds_neg': 352.0, 'epoch': 0.77}
{'loss': 0.0197, 'grad_norm': 0.0810546875, 'learning_rate': 0.0001967123287671233, 'loss_simcse': 0.0194091796875, 'loss_crds': 0.029143240302801132, 'loss_total': 0.019700612872838974, 'avg_crds_neg_weight': 0.13985618948936462, 'avg_crds_reliability': 0.4356059432029724, 'avg_crds_semantic_similarity': 0.4352664351463318, 'avg_crds_cf_distance': 0.10191193968057632, 'num_valid_crds_neg': 376.0, 'epoch': 0.78}
{'loss': 0.0217, 'grad_norm': 0.11572265625, 'learning_rate': 0.0001966027397260274, 'loss_simcse': 0.021240234375, 'loss_crds': 0.04683298617601395, 'loss_total': 0.021708564832806587, 'avg_crds_neg_weight': 0.14127665758132935, 'avg_crds_reliability': 0.42942047119140625, 'avg_crds_semantic_similarity': 0.4569094479084015, 'avg_crds_cf_distance': 0.10080429911613464, 'num_valid_crds_neg': 340.0, 'epoch': 0.78}
{'loss': 0.0205, 'grad_norm': 0.091796875, 'learning_rate': 0.00019649315068493152, 'loss_simcse': 0.020263671875, 'loss_crds': 0.026107117533683777, 'loss_total': 0.02052474394440651, 'avg_crds_neg_weight': 0.1329178512096405, 'avg_crds_reliability': 0.44169020652770996, 'avg_crds_semantic_similarity': 0.412104994058609, 'avg_crds_cf_distance': 0.11059532314538956, 'num_valid_crds_neg': 368.0, 'epoch': 0.78}
{'loss': 0.0197, 'grad_norm': 0.0830078125, 'learning_rate': 0.0001963835616438356, 'loss_simcse': 0.019287109375, 'loss_crds': 0.03748359531164169, 'loss_total': 0.01966194622218609, 'avg_crds_neg_weight': 0.13549108803272247, 'avg_crds_reliability': 0.43884560465812683, 'avg_crds_semantic_similarity': 0.4414166808128357, 'avg_crds_cf_distance': 0.10584499686956406, 'num_valid_crds_neg': 332.0, 'epoch': 0.78}
{'loss': 0.0192, 'grad_norm': 0.080078125, 'learning_rate': 0.00019627397260273973, 'loss_simcse': 0.0189208984375, 'loss_crds': 0.03213204815983772, 'loss_total': 0.019242219626903534, 'avg_crds_neg_weight': 0.13591217994689941, 'avg_crds_reliability': 0.4430227279663086, 'avg_crds_semantic_similarity': 0.4281996488571167, 'avg_crds_cf_distance': 0.1071263924241066, 'num_valid_crds_neg': 372.0, 'epoch': 0.79}
{'loss': 0.0192, 'grad_norm': 0.07080078125, 'learning_rate': 0.00019616438356164385, 'loss_simcse': 0.018798828125, 'loss_crds': 0.03602021932601929, 'loss_total': 0.01915903016924858, 'avg_crds_neg_weight': 0.13509277999401093, 'avg_crds_reliability': 0.43550825119018555, 'avg_crds_semantic_similarity': 0.45497456192970276, 'avg_crds_cf_distance': 0.09622551500797272, 'num_valid_crds_neg': 328.0, 'epoch': 0.79}
{'loss': 0.019, 'grad_norm': 0.0732421875, 'learning_rate': 0.00019605479452054796, 'loss_simcse': 0.0186767578125, 'loss_crds': 0.03668531775474548, 'loss_total': 0.019043611362576485, 'avg_crds_neg_weight': 0.14494001865386963, 'avg_crds_reliability': 0.44820886850357056, 'avg_crds_semantic_similarity': 0.43667730689048767, 'avg_crds_cf_distance': 0.0978413000702858, 'num_valid_crds_neg': 372.0, 'epoch': 0.79}
{'loss': 0.02, 'grad_norm': 0.07958984375, 'learning_rate': 0.00019594520547945205, 'loss_simcse': 0.0196533203125, 'loss_crds': 0.0344240702688694, 'loss_total': 0.01999756135046482, 'avg_crds_neg_weight': 0.13543131947517395, 'avg_crds_reliability': 0.43625131249427795, 'avg_crds_semantic_similarity': 0.44588959217071533, 'avg_crds_cf_distance': 0.09716711193323135, 'num_valid_crds_neg': 364.0, 'epoch': 0.79}
{'loss': 0.0192, 'grad_norm': 0.0751953125, 'learning_rate': 0.00019583561643835617, 'loss_simcse': 0.0189208984375, 'loss_crds': 0.03149184584617615, 'loss_total': 0.019235817715525627, 'avg_crds_neg_weight': 0.13843849301338196, 'avg_crds_reliability': 0.45060470700263977, 'avg_crds_semantic_similarity': 0.440479040145874, 'avg_crds_cf_distance': 0.09931759536266327, 'num_valid_crds_neg': 392.0, 'epoch': 0.8}
{'loss': 0.0202, 'grad_norm': 0.08984375, 'learning_rate': 0.00019572602739726029, 'loss_simcse': 0.0198974609375, 'loss_crds': 0.0335095152258873, 'loss_total': 0.020232556387782097, 'avg_crds_neg_weight': 0.14575715363025665, 'avg_crds_reliability': 0.4669841229915619, 'avg_crds_semantic_similarity': 0.44128021597862244, 'avg_crds_cf_distance': 0.11233631521463394, 'num_valid_crds_neg': 352.0, 'epoch': 0.8}
{'loss': 0.02, 'grad_norm': 0.0751953125, 'learning_rate': 0.0001956164383561644, 'loss_simcse': 0.0196533203125, 'loss_crds': 0.03637351468205452, 'loss_total': 0.020017055794596672, 'avg_crds_neg_weight': 0.14305542409420013, 'avg_crds_reliability': 0.45286551117897034, 'avg_crds_semantic_similarity': 0.4399072825908661, 'avg_crds_cf_distance': 0.10097480565309525, 'num_valid_crds_neg': 344.0, 'epoch': 0.8}
{'loss': 0.0212, 'grad_norm': 0.1005859375, 'learning_rate': 0.00019550684931506852, 'loss_simcse': 0.020751953125, 'loss_crds': 0.04684939235448837, 'loss_total': 0.02122044749557972, 'avg_crds_neg_weight': 0.13841618597507477, 'avg_crds_reliability': 0.4422794282436371, 'avg_crds_semantic_similarity': 0.44619718194007874, 'avg_crds_cf_distance': 0.09566222131252289, 'num_valid_crds_neg': 324.0, 'epoch': 0.8}
{'loss': 0.0193, 'grad_norm': 0.0751953125, 'learning_rate': 0.0001953972602739726, 'loss_simcse': 0.0189208984375, 'loss_crds': 0.03472056984901428, 'loss_total': 0.019268104806542397, 'avg_crds_neg_weight': 0.14335687458515167, 'avg_crds_reliability': 0.4468429386615753, 'avg_crds_semantic_similarity': 0.4531213939189911, 'avg_crds_cf_distance': 0.10311239212751389, 'num_valid_crds_neg': 296.0, 'epoch': 0.8}
{'loss': 0.0206, 'grad_norm': 0.0869140625, 'learning_rate': 0.00019528767123287672, 'loss_simcse': 0.020263671875, 'loss_crds': 0.03790765255689621, 'loss_total': 0.020642748102545738, 'avg_crds_neg_weight': 0.14238347113132477, 'avg_crds_reliability': 0.4516023099422455, 'avg_crds_semantic_similarity': 0.45327216386795044, 'avg_crds_cf_distance': 0.09701389819383621, 'num_valid_crds_neg': 364.0, 'epoch': 0.81}
{'loss': 0.0192, 'grad_norm': 0.07373046875, 'learning_rate': 0.00019517808219178084, 'loss_simcse': 0.018798828125, 'loss_crds': 0.03818732500076294, 'loss_total': 0.019180702045559883, 'avg_crds_neg_weight': 0.14451824128627777, 'avg_crds_reliability': 0.45957493782043457, 'avg_crds_semantic_similarity': 0.4310816824436188, 'avg_crds_cf_distance': 0.10751857608556747, 'num_valid_crds_neg': 344.0, 'epoch': 0.81}
{'loss': 0.0254, 'grad_norm': 0.10498046875, 'learning_rate': 0.00019506849315068493, 'loss_simcse': 0.025146484375, 'loss_crds': 0.024609364569187164, 'loss_total': 0.025392578914761543, 'avg_crds_neg_weight': 0.13109390437602997, 'avg_crds_reliability': 0.4364791214466095, 'avg_crds_semantic_similarity': 0.4352399706840515, 'avg_crds_cf_distance': 0.09783720970153809, 'num_valid_crds_neg': 316.0, 'epoch': 0.81}
{'loss': 0.0198, 'grad_norm': 0.08251953125, 'learning_rate': 0.00019495890410958905, 'loss_simcse': 0.0194091796875, 'loss_crds': 0.04091429337859154, 'loss_total': 0.019818322733044624, 'avg_crds_neg_weight': 0.14449825882911682, 'avg_crds_reliability': 0.45296961069107056, 'avg_crds_semantic_similarity': 0.46535468101501465, 'avg_crds_cf_distance': 0.10452498495578766, 'num_valid_crds_neg': 372.0, 'epoch': 0.81}
{'loss': 0.019, 'grad_norm': 0.07177734375, 'learning_rate': 0.00019484931506849316, 'loss_simcse': 0.018798828125, 'loss_crds': 0.024361109361052513, 'loss_total': 0.01904243975877762, 'avg_crds_neg_weight': 0.13006393611431122, 'avg_crds_reliability': 0.4235573410987854, 'avg_crds_semantic_similarity': 0.4265489876270294, 'avg_crds_cf_distance': 0.09599435329437256, 'num_valid_crds_neg': 324.0, 'epoch': 0.82}
{'loss': 0.02, 'grad_norm': 0.0703125, 'learning_rate': 0.00019473972602739728, 'loss_simcse': 0.0196533203125, 'loss_crds': 0.031675729900598526, 'loss_total': 0.019970078021287918, 'avg_crds_neg_weight': 0.1392296552658081, 'avg_crds_reliability': 0.4495323896408081, 'avg_crds_semantic_similarity': 0.4473998248577118, 'avg_crds_cf_distance': 0.10413563251495361, 'num_valid_crds_neg': 404.0, 'epoch': 0.82}
{'loss': 0.019, 'grad_norm': 0.06787109375, 'learning_rate': 0.00019463013698630137, 'loss_simcse': 0.0186767578125, 'loss_crds': 0.030254067853093147, 'loss_total': 0.018979297950863838, 'avg_crds_neg_weight': 0.13589215278625488, 'avg_crds_reliability': 0.43226417899131775, 'avg_crds_semantic_similarity': 0.4341984689235687, 'avg_crds_cf_distance': 0.10347267985343933, 'num_valid_crds_neg': 412.0, 'epoch': 0.82}
{'loss': 0.0189, 'grad_norm': 0.078125, 'learning_rate': 0.00019452054794520549, 'loss_simcse': 0.0185546875, 'loss_crds': 0.03052448108792305, 'loss_total': 0.01885993219912052, 'avg_crds_neg_weight': 0.13454940915107727, 'avg_crds_reliability': 0.43125391006469727, 'avg_crds_semantic_similarity': 0.4274738132953644, 'avg_crds_cf_distance': 0.1077684834599495, 'num_valid_crds_neg': 368.0, 'epoch': 0.82}
{'loss': 0.0187, 'grad_norm': 0.0830078125, 'learning_rate': 0.0001944109589041096, 'loss_simcse': 0.0184326171875, 'loss_crds': 0.028747117146849632, 'loss_total': 0.01872008852660656, 'avg_crds_neg_weight': 0.1339092254638672, 'avg_crds_reliability': 0.4329832196235657, 'avg_crds_semantic_similarity': 0.4354654550552368, 'avg_crds_cf_distance': 0.10409016162157059, 'num_valid_crds_neg': 376.0, 'epoch': 0.83}
{'loss': 0.0191, 'grad_norm': 0.0712890625, 'learning_rate': 0.0001943013698630137, 'loss_simcse': 0.018798828125, 'loss_crds': 0.032607581466436386, 'loss_total': 0.01912490464746952, 'avg_crds_neg_weight': 0.13753841817378998, 'avg_crds_reliability': 0.4353846609592438, 'avg_crds_semantic_similarity': 0.44515687227249146, 'avg_crds_cf_distance': 0.1019764170050621, 'num_valid_crds_neg': 336.0, 'epoch': 0.83}
{'loss': 0.0193, 'grad_norm': 0.07763671875, 'learning_rate': 0.00019419178082191784, 'loss_simcse': 0.01904296875, 'loss_crds': 0.0272647887468338, 'loss_total': 0.01931561715900898, 'avg_crds_neg_weight': 0.13617247343063354, 'avg_crds_reliability': 0.4356856346130371, 'avg_crds_semantic_similarity': 0.4441143572330475, 'avg_crds_cf_distance': 0.10336007922887802, 'num_valid_crds_neg': 356.0, 'epoch': 0.83}
{'loss': 0.0194, 'grad_norm': 0.07958984375, 'learning_rate': 0.00019408219178082193, 'loss_simcse': 0.0191650390625, 'loss_crds': 0.027758771553635597, 'loss_total': 0.01944262720644474, 'avg_crds_neg_weight': 0.13653485476970673, 'avg_crds_reliability': 0.43835559487342834, 'avg_crds_semantic_similarity': 0.4399130642414093, 'avg_crds_cf_distance': 0.10118088126182556, 'num_valid_crds_neg': 380.0, 'epoch': 0.83}
{'loss': 0.0189, 'grad_norm': 0.072265625, 'learning_rate': 0.00019397260273972604, 'loss_simcse': 0.0186767578125, 'loss_crds': 0.025418464094400406, 'loss_total': 0.018930941820144653, 'avg_crds_neg_weight': 0.13794243335723877, 'avg_crds_reliability': 0.4294174909591675, 'avg_crds_semantic_similarity': 0.4486437141895294, 'avg_crds_cf_distance': 0.09940481930971146, 'num_valid_crds_neg': 364.0, 'epoch': 0.84}
{'loss': 0.0188, 'grad_norm': 0.07666015625, 'learning_rate': 0.00019386301369863013, 'loss_simcse': 0.0185546875, 'loss_crds': 0.02928984723985195, 'loss_total': 0.01884758658707142, 'avg_crds_neg_weight': 0.13641831278800964, 'avg_crds_reliability': 0.4210044741630554, 'avg_crds_semantic_similarity': 0.44857099652290344, 'avg_crds_cf_distance': 0.0945662260055542, 'num_valid_crds_neg': 296.0, 'epoch': 0.84}
{'loss': 0.0191, 'grad_norm': 0.07958984375, 'learning_rate': 0.00019375342465753425, 'loss_simcse': 0.018798828125, 'loss_crds': 0.031440380960702896, 'loss_total': 0.01911323145031929, 'avg_crds_neg_weight': 0.1411743015050888, 'avg_crds_reliability': 0.4487210512161255, 'avg_crds_semantic_similarity': 0.44800353050231934, 'avg_crds_cf_distance': 0.1044704020023346, 'num_valid_crds_neg': 368.0, 'epoch': 0.84}
{'loss': 0.0193, 'grad_norm': 0.07666015625, 'learning_rate': 0.00019364383561643836, 'loss_simcse': 0.01904296875, 'loss_crds': 0.029340120032429695, 'loss_total': 0.01933637075126171, 'avg_crds_neg_weight': 0.13598428666591644, 'avg_crds_reliability': 0.43292438983917236, 'avg_crds_semantic_similarity': 0.43869099020957947, 'avg_crds_cf_distance': 0.10095126926898956, 'num_valid_crds_neg': 400.0, 'epoch': 0.84}
{'loss': 0.0189, 'grad_norm': 0.072265625, 'learning_rate': 0.00019353424657534248, 'loss_simcse': 0.0186767578125, 'loss_crds': 0.02637121081352234, 'loss_total': 0.01894046925008297, 'avg_crds_neg_weight': 0.13841189444065094, 'avg_crds_reliability': 0.43400630354881287, 'avg_crds_semantic_similarity': 0.4223170280456543, 'avg_crds_cf_distance': 0.10360477864742279, 'num_valid_crds_neg': 392.0, 'epoch': 0.84}
{'loss': 0.0189, 'grad_norm': 0.08349609375, 'learning_rate': 0.0001934246575342466, 'loss_simcse': 0.0185546875, 'loss_crds': 0.030777495354413986, 'loss_total': 0.018862461671233177, 'avg_crds_neg_weight': 0.13716252148151398, 'avg_crds_reliability': 0.43819981813430786, 'avg_crds_semantic_similarity': 0.45532840490341187, 'avg_crds_cf_distance': 0.09765828400850296, 'num_valid_crds_neg': 308.0, 'epoch': 0.85}
{'loss': 0.0186, 'grad_norm': 0.0673828125, 'learning_rate': 0.0001933150684931507, 'loss_simcse': 0.018310546875, 'loss_crds': 0.02879011072218418, 'loss_total': 0.018598448485136032, 'avg_crds_neg_weight': 0.13418693840503693, 'avg_crds_reliability': 0.4338180720806122, 'avg_crds_semantic_similarity': 0.43680277466773987, 'avg_crds_cf_distance': 0.10146236419677734, 'num_valid_crds_neg': 376.0, 'epoch': 0.85}
{'loss': 0.0192, 'grad_norm': 0.07373046875, 'learning_rate': 0.0001932054794520548, 'loss_simcse': 0.0189208984375, 'loss_crds': 0.02725399099290371, 'loss_total': 0.019193438813090324, 'avg_crds_neg_weight': 0.13212928175926208, 'avg_crds_reliability': 0.4213148355484009, 'avg_crds_semantic_similarity': 0.44069522619247437, 'avg_crds_cf_distance': 0.0950002521276474, 'num_valid_crds_neg': 336.0, 'epoch': 0.85}
{'loss': 0.0186, 'grad_norm': 0.0712890625, 'learning_rate': 0.00019309589041095892, 'loss_simcse': 0.018310546875, 'loss_crds': 0.02530013583600521, 'loss_total': 0.01856354810297489, 'avg_crds_neg_weight': 0.1332968920469284, 'avg_crds_reliability': 0.4178742468357086, 'avg_crds_semantic_similarity': 0.44690054655075073, 'avg_crds_cf_distance': 0.09595252573490143, 'num_valid_crds_neg': 332.0, 'epoch': 0.85}
{'loss': 0.019, 'grad_norm': 0.0673828125, 'learning_rate': 0.000192986301369863, 'loss_simcse': 0.0185546875, 'loss_crds': 0.04218322038650513, 'loss_total': 0.018976518884301186, 'avg_crds_neg_weight': 0.1432698518037796, 'avg_crds_reliability': 0.45168307423591614, 'avg_crds_semantic_similarity': 0.4414048492908478, 'avg_crds_cf_distance': 0.10264051705598831, 'num_valid_crds_neg': 392.0, 'epoch': 0.86}
{'loss': 0.0183, 'grad_norm': 0.06494140625, 'learning_rate': 0.00019287671232876713, 'loss_simcse': 0.0179443359375, 'loss_crds': 0.03183498978614807, 'loss_total': 0.01826268620789051, 'avg_crds_neg_weight': 0.13579705357551575, 'avg_crds_reliability': 0.428315669298172, 'avg_crds_semantic_similarity': 0.44835489988327026, 'avg_crds_cf_distance': 0.09826914966106415, 'num_valid_crds_neg': 336.0, 'epoch': 0.86}
{'loss': 0.0191, 'grad_norm': 0.07177734375, 'learning_rate': 0.00019276712328767124, 'loss_simcse': 0.018798828125, 'loss_crds': 0.03303889185190201, 'loss_total': 0.01912921667098999, 'avg_crds_neg_weight': 0.14572954177856445, 'avg_crds_reliability': 0.46491897106170654, 'avg_crds_semantic_similarity': 0.444837749004364, 'avg_crds_cf_distance': 0.10944482684135437, 'num_valid_crds_neg': 368.0, 'epoch': 0.86}
{'loss': 0.0191, 'grad_norm': 0.072265625, 'learning_rate': 0.00019265753424657536, 'loss_simcse': 0.018798828125, 'loss_crds': 0.02745332010090351, 'loss_total': 0.0190733615309, 'avg_crds_neg_weight': 0.13260598480701447, 'avg_crds_reliability': 0.4361327886581421, 'avg_crds_semantic_similarity': 0.42838579416275024, 'avg_crds_cf_distance': 0.10725384950637817, 'num_valid_crds_neg': 336.0, 'epoch': 0.86}
{'loss': 0.0203, 'grad_norm': 0.08447265625, 'learning_rate': 0.00019254794520547945, 'loss_simcse': 0.0198974609375, 'loss_crds': 0.03926345333456993, 'loss_total': 0.02029009535908699, 'avg_crds_neg_weight': 0.14572229981422424, 'avg_crds_reliability': 0.45581766963005066, 'avg_crds_semantic_similarity': 0.4608337879180908, 'avg_crds_cf_distance': 0.10756367444992065, 'num_valid_crds_neg': 384.0, 'epoch': 0.87}
{'loss': 0.0226, 'grad_norm': 0.1025390625, 'learning_rate': 0.00019243835616438357, 'loss_simcse': 0.022216796875, 'loss_crds': 0.03592798858880997, 'loss_total': 0.02257607690989971, 'avg_crds_neg_weight': 0.136761873960495, 'avg_crds_reliability': 0.43298783898353577, 'avg_crds_semantic_similarity': 0.44741958379745483, 'avg_crds_cf_distance': 0.09643968194723129, 'num_valid_crds_neg': 316.0, 'epoch': 0.87}
{'loss': 0.0199, 'grad_norm': 0.09521484375, 'learning_rate': 0.00019232876712328768, 'loss_simcse': 0.01953125, 'loss_crds': 0.03231851011514664, 'loss_total': 0.019854435697197914, 'avg_crds_neg_weight': 0.1351323425769806, 'avg_crds_reliability': 0.42015987634658813, 'avg_crds_semantic_similarity': 0.44795870780944824, 'avg_crds_cf_distance': 0.09951355308294296, 'num_valid_crds_neg': 308.0, 'epoch': 0.87}
{'loss': 0.0184, 'grad_norm': 0.06591796875, 'learning_rate': 0.0001922191780821918, 'loss_simcse': 0.01806640625, 'loss_crds': 0.03418829292058945, 'loss_total': 0.018408289179205894, 'avg_crds_neg_weight': 0.13434772193431854, 'avg_crds_reliability': 0.4317055642604828, 'avg_crds_semantic_similarity': 0.43502938747406006, 'avg_crds_cf_distance': 0.1040063351392746, 'num_valid_crds_neg': 420.0, 'epoch': 0.87}
{'loss': 0.0188, 'grad_norm': 0.07666015625, 'learning_rate': 0.00019210958904109592, 'loss_simcse': 0.0185546875, 'loss_crds': 0.029078535735607147, 'loss_total': 0.01884547248482704, 'avg_crds_neg_weight': 0.13305437564849854, 'avg_crds_reliability': 0.43723011016845703, 'avg_crds_semantic_similarity': 0.4391843378543854, 'avg_crds_cf_distance': 0.10333245247602463, 'num_valid_crds_neg': 348.0, 'epoch': 0.88}
{'loss': 0.0186, 'grad_norm': 0.072265625, 'learning_rate': 0.000192, 'loss_simcse': 0.0181884765625, 'loss_crds': 0.03750234842300415, 'loss_total': 0.01856349967420101, 'avg_crds_neg_weight': 0.14484140276908875, 'avg_crds_reliability': 0.4485015571117401, 'avg_crds_semantic_similarity': 0.45121508836746216, 'avg_crds_cf_distance': 0.10889704525470734, 'num_valid_crds_neg': 360.0, 'epoch': 0.88}
{'loss': 0.0192, 'grad_norm': 0.07861328125, 'learning_rate': 0.00019189041095890412, 'loss_simcse': 0.0189208984375, 'loss_crds': 0.02971489168703556, 'loss_total': 0.019218048080801964, 'avg_crds_neg_weight': 0.1403018832206726, 'avg_crds_reliability': 0.4366185665130615, 'avg_crds_semantic_similarity': 0.43111270666122437, 'avg_crds_cf_distance': 0.10241618007421494, 'num_valid_crds_neg': 372.0, 'epoch': 0.88}
{'loss': 0.0227, 'grad_norm': 0.08837890625, 'learning_rate': 0.0001917808219178082, 'loss_simcse': 0.0224609375, 'loss_crds': 0.02794751338660717, 'loss_total': 0.02274041250348091, 'avg_crds_neg_weight': 0.1359962373971939, 'avg_crds_reliability': 0.4322355389595032, 'avg_crds_semantic_similarity': 0.4384012520313263, 'avg_crds_cf_distance': 0.1056782603263855, 'num_valid_crds_neg': 356.0, 'epoch': 0.88}
{'loss': 0.0203, 'grad_norm': 0.12109375, 'learning_rate': 0.00019167123287671233, 'loss_simcse': 0.02001953125, 'loss_crds': 0.026935402303934097, 'loss_total': 0.02028888463973999, 'avg_crds_neg_weight': 0.13304409384727478, 'avg_crds_reliability': 0.41986942291259766, 'avg_crds_semantic_similarity': 0.4438735246658325, 'avg_crds_cf_distance': 0.10571268945932388, 'num_valid_crds_neg': 348.0, 'epoch': 0.88}
{'loss': 0.0185, 'grad_norm': 0.07177734375, 'learning_rate': 0.00019156164383561644, 'loss_simcse': 0.0181884765625, 'loss_crds': 0.03183145821094513, 'loss_total': 0.018506791442632675, 'avg_crds_neg_weight': 0.13809680938720703, 'avg_crds_reliability': 0.4326549768447876, 'avg_crds_semantic_similarity': 0.44072026014328003, 'avg_crds_cf_distance': 0.10509516298770905, 'num_valid_crds_neg': 336.0, 'epoch': 0.89}
{'loss': 0.0204, 'grad_norm': 0.0947265625, 'learning_rate': 0.00019145205479452056, 'loss_simcse': 0.02001953125, 'loss_crds': 0.04073745384812355, 'loss_total': 0.020426906645298004, 'avg_crds_neg_weight': 0.1400352567434311, 'avg_crds_reliability': 0.43925610184669495, 'avg_crds_semantic_similarity': 0.4494273364543915, 'avg_crds_cf_distance': 0.09522426873445511, 'num_valid_crds_neg': 368.0, 'epoch': 0.89}
{'loss': 0.0192, 'grad_norm': 0.07861328125, 'learning_rate': 0.00019134246575342468, 'loss_simcse': 0.0189208984375, 'loss_crds': 0.026259740814566612, 'loss_total': 0.01918349601328373, 'avg_crds_neg_weight': 0.1450624316930771, 'avg_crds_reliability': 0.459558367729187, 'avg_crds_semantic_similarity': 0.4306408762931824, 'avg_crds_cf_distance': 0.10410671681165695, 'num_valid_crds_neg': 332.0, 'epoch': 0.89}
{'loss': 0.0193, 'grad_norm': 0.0712890625, 'learning_rate': 0.00019123287671232877, 'loss_simcse': 0.01904296875, 'loss_crds': 0.030615363270044327, 'loss_total': 0.019349122419953346, 'avg_crds_neg_weight': 0.13401570916175842, 'avg_crds_reliability': 0.42225053906440735, 'avg_crds_semantic_similarity': 0.43563881516456604, 'avg_crds_cf_distance': 0.1063808724284172, 'num_valid_crds_neg': 344.0, 'epoch': 0.89}
{'loss': 0.019, 'grad_norm': 0.072265625, 'learning_rate': 0.00019112328767123288, 'loss_simcse': 0.0186767578125, 'loss_crds': 0.03482206165790558, 'loss_total': 0.019024979323148727, 'avg_crds_neg_weight': 0.1382123827934265, 'avg_crds_reliability': 0.4420372247695923, 'avg_crds_semantic_similarity': 0.4493924379348755, 'avg_crds_cf_distance': 0.10216525942087173, 'num_valid_crds_neg': 364.0, 'epoch': 0.9}
{'loss': 0.0187, 'grad_norm': 0.06787109375, 'learning_rate': 0.000191013698630137, 'loss_simcse': 0.0184326171875, 'loss_crds': 0.030586104840040207, 'loss_total': 0.018738478422164917, 'avg_crds_neg_weight': 0.1368393450975418, 'avg_crds_reliability': 0.4261874854564667, 'avg_crds_semantic_similarity': 0.44624337553977966, 'avg_crds_cf_distance': 0.10121780633926392, 'num_valid_crds_neg': 372.0, 'epoch': 0.9}
{'loss': 0.0194, 'grad_norm': 0.0751953125, 'learning_rate': 0.0001909041095890411, 'loss_simcse': 0.0191650390625, 'loss_crds': 0.026847118511795998, 'loss_total': 0.019433509558439255, 'avg_crds_neg_weight': 0.13924098014831543, 'avg_crds_reliability': 0.4467587172985077, 'avg_crds_semantic_similarity': 0.43683329224586487, 'avg_crds_cf_distance': 0.10338369756937027, 'num_valid_crds_neg': 380.0, 'epoch': 0.9}
{'loss': 0.0186, 'grad_norm': 0.06494140625, 'learning_rate': 0.00019079452054794523, 'loss_simcse': 0.018310546875, 'loss_crds': 0.02888025902211666, 'loss_total': 0.01859935000538826, 'avg_crds_neg_weight': 0.13724438846111298, 'avg_crds_reliability': 0.4281703531742096, 'avg_crds_semantic_similarity': 0.4376371204853058, 'avg_crds_cf_distance': 0.10907590389251709, 'num_valid_crds_neg': 328.0, 'epoch': 0.9}
{'loss': 0.019, 'grad_norm': 0.0712890625, 'learning_rate': 0.00019068493150684932, 'loss_simcse': 0.0186767578125, 'loss_crds': 0.03179820254445076, 'loss_total': 0.018994739279150963, 'avg_crds_neg_weight': 0.14066539704799652, 'avg_crds_reliability': 0.436486154794693, 'avg_crds_semantic_similarity': 0.43817245960235596, 'avg_crds_cf_distance': 0.10510563850402832, 'num_valid_crds_neg': 332.0, 'epoch': 0.91}
{'loss': 0.0186, 'grad_norm': 0.06591796875, 'learning_rate': 0.00019057534246575344, 'loss_simcse': 0.018310546875, 'loss_crds': 0.02788359858095646, 'loss_total': 0.018589382991194725, 'avg_crds_neg_weight': 0.13512223958969116, 'avg_crds_reliability': 0.43567129969596863, 'avg_crds_semantic_similarity': 0.44662365317344666, 'avg_crds_cf_distance': 0.10606551915407181, 'num_valid_crds_neg': 356.0, 'epoch': 0.91}
{'loss': 0.019, 'grad_norm': 0.06640625, 'learning_rate': 0.00019046575342465753, 'loss_simcse': 0.0186767578125, 'loss_crds': 0.03451789543032646, 'loss_total': 0.019021937623620033, 'avg_crds_neg_weight': 0.1413041055202484, 'avg_crds_reliability': 0.45289698243141174, 'avg_crds_semantic_similarity': 0.45061004161834717, 'avg_crds_cf_distance': 0.10165940225124359, 'num_valid_crds_neg': 332.0, 'epoch': 0.91}
{'loss': 0.0188, 'grad_norm': 0.059326171875, 'learning_rate': 0.00019035616438356165, 'loss_simcse': 0.0184326171875, 'loss_crds': 0.03567599877715111, 'loss_total': 0.018789377063512802, 'avg_crds_neg_weight': 0.1452929824590683, 'avg_crds_reliability': 0.470009982585907, 'avg_crds_semantic_similarity': 0.45498043298721313, 'avg_crds_cf_distance': 0.1040530651807785, 'num_valid_crds_neg': 352.0, 'epoch': 0.91}
{'loss': 0.0201, 'grad_norm': 0.0771484375, 'learning_rate': 0.00019024657534246576, 'loss_simcse': 0.019775390625, 'loss_crds': 0.02987074851989746, 'loss_total': 0.02007409743964672, 'avg_crds_neg_weight': 0.13730794191360474, 'avg_crds_reliability': 0.42828285694122314, 'avg_crds_semantic_similarity': 0.43265587091445923, 'avg_crds_cf_distance': 0.10437028110027313, 'num_valid_crds_neg': 372.0, 'epoch': 0.92}
{'loss': 0.0185, 'grad_norm': 0.06494140625, 'learning_rate': 0.00019013698630136988, 'loss_simcse': 0.0181884765625, 'loss_crds': 0.03175507113337517, 'loss_total': 0.01850602775812149, 'avg_crds_neg_weight': 0.1433282047510147, 'avg_crds_reliability': 0.4498423933982849, 'avg_crds_semantic_similarity': 0.4456660747528076, 'avg_crds_cf_distance': 0.10190143436193466, 'num_valid_crds_neg': 364.0, 'epoch': 0.92}
{'loss': 0.0228, 'grad_norm': 0.072265625, 'learning_rate': 0.000190027397260274, 'loss_simcse': 0.0224609375, 'loss_crds': 0.03197100758552551, 'loss_total': 0.02278064750134945, 'avg_crds_neg_weight': 0.14124998450279236, 'avg_crds_reliability': 0.4414318799972534, 'avg_crds_semantic_similarity': 0.44531065225601196, 'avg_crds_cf_distance': 0.10515857487916946, 'num_valid_crds_neg': 356.0, 'epoch': 0.92}
{'loss': 0.0208, 'grad_norm': 0.08447265625, 'learning_rate': 0.00018991780821917808, 'loss_simcse': 0.0205078125, 'loss_crds': 0.027974123135209084, 'loss_total': 0.02078755386173725, 'avg_crds_neg_weight': 0.13720370829105377, 'avg_crds_reliability': 0.4331417977809906, 'avg_crds_semantic_similarity': 0.4470111131668091, 'avg_crds_cf_distance': 0.09908559173345566, 'num_valid_crds_neg': 380.0, 'epoch': 0.92}
{'loss': 0.0244, 'grad_norm': 0.06591796875, 'learning_rate': 0.0001898082191780822, 'loss_simcse': 0.0240478515625, 'loss_crds': 0.03663435950875282, 'loss_total': 0.024414194747805595, 'avg_crds_neg_weight': 0.13871996104717255, 'avg_crds_reliability': 0.4499472379684448, 'avg_crds_semantic_similarity': 0.4540659487247467, 'avg_crds_cf_distance': 0.09986533969640732, 'num_valid_crds_neg': 364.0, 'epoch': 0.92}
{'loss': 0.0187, 'grad_norm': 0.068359375, 'learning_rate': 0.0001896986301369863, 'loss_simcse': 0.0184326171875, 'loss_crds': 0.027446312829852104, 'loss_total': 0.01870707981288433, 'avg_crds_neg_weight': 0.13843095302581787, 'avg_crds_reliability': 0.44242292642593384, 'avg_crds_semantic_similarity': 0.4344554543495178, 'avg_crds_cf_distance': 0.09867385029792786, 'num_valid_crds_neg': 372.0, 'epoch': 0.93}
{'loss': 0.0182, 'grad_norm': 0.056396484375, 'learning_rate': 0.0001895890410958904, 'loss_simcse': 0.0179443359375, 'loss_crds': 0.026387890800833702, 'loss_total': 0.0182082150131464, 'avg_crds_neg_weight': 0.13175798952579498, 'avg_crds_reliability': 0.42533278465270996, 'avg_crds_semantic_similarity': 0.4354088306427002, 'avg_crds_cf_distance': 0.09638750553131104, 'num_valid_crds_neg': 340.0, 'epoch': 0.93}
{'loss': 0.018, 'grad_norm': 0.057373046875, 'learning_rate': 0.00018947945205479455, 'loss_simcse': 0.0177001953125, 'loss_crds': 0.030053922906517982, 'loss_total': 0.018000734969973564, 'avg_crds_neg_weight': 0.13988283276557922, 'avg_crds_reliability': 0.4418296813964844, 'avg_crds_semantic_similarity': 0.43364304304122925, 'avg_crds_cf_distance': 0.10661942511796951, 'num_valid_crds_neg': 356.0, 'epoch': 0.93}
{'loss': 0.0188, 'grad_norm': 0.0654296875, 'learning_rate': 0.00018936986301369864, 'loss_simcse': 0.0184326171875, 'loss_crds': 0.03699079155921936, 'loss_total': 0.018802525475621223, 'avg_crds_neg_weight': 0.13743820786476135, 'avg_crds_reliability': 0.44647711515426636, 'avg_crds_semantic_similarity': 0.4516345262527466, 'avg_crds_cf_distance': 0.10434814542531967, 'num_valid_crds_neg': 324.0, 'epoch': 0.93}
{'loss': 0.0186, 'grad_norm': 0.0615234375, 'learning_rate': 0.00018926027397260276, 'loss_simcse': 0.018310546875, 'loss_crds': 0.032757628709077835, 'loss_total': 0.01863812282681465, 'avg_crds_neg_weight': 0.13934506475925446, 'avg_crds_reliability': 0.44722479581832886, 'avg_crds_semantic_similarity': 0.44390153884887695, 'avg_crds_cf_distance': 0.09987221658229828, 'num_valid_crds_neg': 384.0, 'epoch': 0.94}
{'loss': 0.0185, 'grad_norm': 0.06298828125, 'learning_rate': 0.00018915068493150685, 'loss_simcse': 0.0181884765625, 'loss_crds': 0.03144293650984764, 'loss_total': 0.01850290596485138, 'avg_crds_neg_weight': 0.1378011554479599, 'avg_crds_reliability': 0.43452903628349304, 'avg_crds_semantic_similarity': 0.46081551909446716, 'avg_crds_cf_distance': 0.10517673939466476, 'num_valid_crds_neg': 332.0, 'epoch': 0.94}
{'loss': 0.0224, 'grad_norm': 0.091796875, 'learning_rate': 0.00018904109589041096, 'loss_simcse': 0.0220947265625, 'loss_crds': 0.029054785147309303, 'loss_total': 0.02238527499139309, 'avg_crds_neg_weight': 0.13681885600090027, 'avg_crds_reliability': 0.4394647181034088, 'avg_crds_semantic_similarity': 0.43458664417266846, 'avg_crds_cf_distance': 0.10835957527160645, 'num_valid_crds_neg': 380.0, 'epoch': 0.94}
{'loss': 0.0189, 'grad_norm': 0.06884765625, 'learning_rate': 0.00018893150684931508, 'loss_simcse': 0.0185546875, 'loss_crds': 0.03295370191335678, 'loss_total': 0.01888422481715679, 'avg_crds_neg_weight': 0.13501477241516113, 'avg_crds_reliability': 0.42547377943992615, 'avg_crds_semantic_similarity': 0.4691903591156006, 'avg_crds_cf_distance': 0.10200951248407364, 'num_valid_crds_neg': 400.0, 'epoch': 0.94}
{'loss': 0.0182, 'grad_norm': 0.0654296875, 'learning_rate': 0.0001888219178082192, 'loss_simcse': 0.0179443359375, 'loss_crds': 0.027759050950407982, 'loss_total': 0.01822192594408989, 'avg_crds_neg_weight': 0.13153794407844543, 'avg_crds_reliability': 0.42910513281822205, 'avg_crds_semantic_similarity': 0.4453184902667999, 'avg_crds_cf_distance': 0.09948539733886719, 'num_valid_crds_neg': 352.0, 'epoch': 0.95}
{'loss': 0.0216, 'grad_norm': 0.8515625, 'learning_rate': 0.0001887123287671233, 'loss_simcse': 0.0213623046875, 'loss_crds': 0.02732638642191887, 'loss_total': 0.021635567769408226, 'avg_crds_neg_weight': 0.1320560872554779, 'avg_crds_reliability': 0.43039077520370483, 'avg_crds_semantic_similarity': 0.42877715826034546, 'avg_crds_cf_distance': 0.09904109686613083, 'num_valid_crds_neg': 328.0, 'epoch': 0.95}
{'loss': 0.0195, 'grad_norm': 0.08203125, 'learning_rate': 0.0001886027397260274, 'loss_simcse': 0.0191650390625, 'loss_crds': 0.0329059399664402, 'loss_total': 0.01949409767985344, 'avg_crds_neg_weight': 0.14089533686637878, 'avg_crds_reliability': 0.45163601636886597, 'avg_crds_semantic_similarity': 0.4458796977996826, 'avg_crds_cf_distance': 0.10832051187753677, 'num_valid_crds_neg': 344.0, 'epoch': 0.95}
{'loss': 0.0192, 'grad_norm': 0.0849609375, 'learning_rate': 0.00018849315068493152, 'loss_simcse': 0.0189208984375, 'loss_crds': 0.030798567458987236, 'loss_total': 0.01922888495028019, 'avg_crds_neg_weight': 0.13026270270347595, 'avg_crds_reliability': 0.4227849543094635, 'avg_crds_semantic_similarity': 0.43264660239219666, 'avg_crds_cf_distance': 0.09715282171964645, 'num_valid_crds_neg': 360.0, 'epoch': 0.95}
{'loss': 0.0185, 'grad_norm': 0.0712890625, 'learning_rate': 0.0001883835616438356, 'loss_simcse': 0.0181884765625, 'loss_crds': 0.03458932042121887, 'loss_total': 0.01853436976671219, 'avg_crds_neg_weight': 0.1404917687177658, 'avg_crds_reliability': 0.43844085931777954, 'avg_crds_semantic_similarity': 0.4615778923034668, 'avg_crds_cf_distance': 0.10109207034111023, 'num_valid_crds_neg': 364.0, 'epoch': 0.96}
{'loss': 0.0186, 'grad_norm': 0.0673828125, 'learning_rate': 0.00018827397260273972, 'loss_simcse': 0.018310546875, 'loss_crds': 0.028107257559895515, 'loss_total': 0.01859162002801895, 'avg_crds_neg_weight': 0.13470761477947235, 'avg_crds_reliability': 0.4354984760284424, 'avg_crds_semantic_similarity': 0.44305306673049927, 'avg_crds_cf_distance': 0.09865052998065948, 'num_valid_crds_neg': 348.0, 'epoch': 0.96}
{'loss': 0.0186, 'grad_norm': 0.0712890625, 'learning_rate': 0.00018816438356164384, 'loss_simcse': 0.018310546875, 'loss_crds': 0.031788986176252365, 'loss_total': 0.01862843707203865, 'avg_crds_neg_weight': 0.14303851127624512, 'avg_crds_reliability': 0.43935421109199524, 'avg_crds_semantic_similarity': 0.44542863965034485, 'avg_crds_cf_distance': 0.10306914895772934, 'num_valid_crds_neg': 420.0, 'epoch': 0.96}
{'loss': 0.0185, 'grad_norm': 0.06640625, 'learning_rate': 0.00018805479452054796, 'loss_simcse': 0.0181884765625, 'loss_crds': 0.033845674246549606, 'loss_total': 0.01852693408727646, 'avg_crds_neg_weight': 0.1388242244720459, 'avg_crds_reliability': 0.4439058303833008, 'avg_crds_semantic_similarity': 0.46014881134033203, 'avg_crds_cf_distance': 0.10082497447729111, 'num_valid_crds_neg': 340.0, 'epoch': 0.96}
{'loss': 0.02, 'grad_norm': 0.08740234375, 'learning_rate': 0.00018794520547945207, 'loss_simcse': 0.0196533203125, 'loss_crds': 0.030087487772107124, 'loss_total': 0.019954195246100426, 'avg_crds_neg_weight': 0.13788743317127228, 'avg_crds_reliability': 0.43030405044555664, 'avg_crds_semantic_similarity': 0.45494726300239563, 'avg_crds_cf_distance': 0.10243481397628784, 'num_valid_crds_neg': 340.0, 'epoch': 0.96}
{'loss': 0.0202, 'grad_norm': 0.10888671875, 'learning_rate': 0.00018783561643835616, 'loss_simcse': 0.0198974609375, 'loss_crds': 0.0348760187625885, 'loss_total': 0.020246220752596855, 'avg_crds_neg_weight': 0.14643284678459167, 'avg_crds_reliability': 0.45644327998161316, 'avg_crds_semantic_similarity': 0.460330605506897, 'avg_crds_cf_distance': 0.1013675183057785, 'num_valid_crds_neg': 372.0, 'epoch': 0.97}
{'loss': 0.019, 'grad_norm': 0.068359375, 'learning_rate': 0.00018772602739726028, 'loss_simcse': 0.0186767578125, 'loss_crds': 0.0333554707467556, 'loss_total': 0.019010312855243683, 'avg_crds_neg_weight': 0.1379554718732834, 'avg_crds_reliability': 0.44232192635536194, 'avg_crds_semantic_similarity': 0.45902693271636963, 'avg_crds_cf_distance': 0.10281302779912949, 'num_valid_crds_neg': 340.0, 'epoch': 0.97}
{'loss': 0.0187, 'grad_norm': 0.0654296875, 'learning_rate': 0.0001876164383561644, 'loss_simcse': 0.0184326171875, 'loss_crds': 0.030289920046925545, 'loss_total': 0.01873551681637764, 'avg_crds_neg_weight': 0.13595977425575256, 'avg_crds_reliability': 0.4390258193016052, 'avg_crds_semantic_similarity': 0.43801355361938477, 'avg_crds_cf_distance': 0.10172517597675323, 'num_valid_crds_neg': 384.0, 'epoch': 0.97}
{'loss': 0.02, 'grad_norm': 0.091796875, 'learning_rate': 0.00018750684931506851, 'loss_simcse': 0.0196533203125, 'loss_crds': 0.030284982174634933, 'loss_total': 0.01995616964995861, 'avg_crds_neg_weight': 0.14629937708377838, 'avg_crds_reliability': 0.46970075368881226, 'avg_crds_semantic_similarity': 0.44698014855384827, 'avg_crds_cf_distance': 0.10673035681247711, 'num_valid_crds_neg': 372.0, 'epoch': 0.97}
{'loss': 0.0187, 'grad_norm': 0.07275390625, 'learning_rate': 0.00018739726027397263, 'loss_simcse': 0.0184326171875, 'loss_crds': 0.029387710615992546, 'loss_total': 0.018726494163274765, 'avg_crds_neg_weight': 0.13583378493785858, 'avg_crds_reliability': 0.4292594790458679, 'avg_crds_semantic_similarity': 0.4404012858867645, 'avg_crds_cf_distance': 0.10446717590093613, 'num_valid_crds_neg': 356.0, 'epoch': 0.98}
{'loss': 0.0195, 'grad_norm': 0.09130859375, 'learning_rate': 0.00018728767123287672, 'loss_simcse': 0.019287109375, 'loss_crds': 0.02607986330986023, 'loss_total': 0.019547907635569572, 'avg_crds_neg_weight': 0.1416105031967163, 'avg_crds_reliability': 0.45551612973213196, 'avg_crds_semantic_similarity': 0.43416672945022583, 'avg_crds_cf_distance': 0.10976693779230118, 'num_valid_crds_neg': 312.0, 'epoch': 0.98}
{'loss': 0.0185, 'grad_norm': 0.0673828125, 'learning_rate': 0.00018717808219178084, 'loss_simcse': 0.0181884765625, 'loss_crds': 0.02785874530673027, 'loss_total': 0.018467064946889877, 'avg_crds_neg_weight': 0.1380336433649063, 'avg_crds_reliability': 0.4379248321056366, 'avg_crds_semantic_similarity': 0.44255900382995605, 'avg_crds_cf_distance': 0.09696755558252335, 'num_valid_crds_neg': 332.0, 'epoch': 0.98}
{'loss': 0.0193, 'grad_norm': 0.068359375, 'learning_rate': 0.00018706849315068493, 'loss_simcse': 0.01904296875, 'loss_crds': 0.028585275635123253, 'loss_total': 0.019328821450471878, 'avg_crds_neg_weight': 0.13710957765579224, 'avg_crds_reliability': 0.43841058015823364, 'avg_crds_semantic_similarity': 0.43526050448417664, 'avg_crds_cf_distance': 0.10820165276527405, 'num_valid_crds_neg': 396.0, 'epoch': 0.98}
{'loss': 0.0191, 'grad_norm': 0.07275390625, 'learning_rate': 0.00018695890410958904, 'loss_simcse': 0.018798828125, 'loss_crds': 0.028592828661203384, 'loss_total': 0.019084757193922997, 'avg_crds_neg_weight': 0.14100366830825806, 'avg_crds_reliability': 0.4379631280899048, 'avg_crds_semantic_similarity': 0.45196565985679626, 'avg_crds_cf_distance': 0.10047029703855515, 'num_valid_crds_neg': 296.0, 'epoch': 0.99}
{'loss': 0.0203, 'grad_norm': 0.0986328125, 'learning_rate': 0.00018684931506849316, 'loss_simcse': 0.0198974609375, 'loss_crds': 0.040176019072532654, 'loss_total': 0.020299220457673073, 'avg_crds_neg_weight': 0.13759544491767883, 'avg_crds_reliability': 0.4348207712173462, 'avg_crds_semantic_similarity': 0.444884330034256, 'avg_crds_cf_distance': 0.10278215259313583, 'num_valid_crds_neg': 356.0, 'epoch': 0.99}
{'loss': 0.0182, 'grad_norm': 0.06591796875, 'learning_rate': 0.00018673972602739728, 'loss_simcse': 0.0179443359375, 'loss_crds': 0.028375661000609398, 'loss_total': 0.018228093162178993, 'avg_crds_neg_weight': 0.13789762556552887, 'avg_crds_reliability': 0.4462060034275055, 'avg_crds_semantic_similarity': 0.42096012830734253, 'avg_crds_cf_distance': 0.10672182589769363, 'num_valid_crds_neg': 356.0, 'epoch': 0.99}
{'loss': 0.0189, 'grad_norm': 0.07080078125, 'learning_rate': 0.0001866301369863014, 'loss_simcse': 0.0185546875, 'loss_crds': 0.030867349356412888, 'loss_total': 0.018863361328840256, 'avg_crds_neg_weight': 0.13692757487297058, 'avg_crds_reliability': 0.442553848028183, 'avg_crds_semantic_similarity': 0.4328257441520691, 'avg_crds_cf_distance': 0.09941083937883377, 'num_valid_crds_neg': 412.0, 'epoch': 0.99}
{'loss': 0.018, 'grad_norm': 0.068359375, 'learning_rate': 0.00018652054794520548, 'loss_simcse': 0.0177001953125, 'loss_crds': 0.031157253310084343, 'loss_total': 0.01801176741719246, 'avg_crds_neg_weight': 0.13977307081222534, 'avg_crds_reliability': 0.4441552758216858, 'avg_crds_semantic_similarity': 0.4518408477306366, 'avg_crds_cf_distance': 0.10811864584684372, 'num_valid_crds_neg': 364.0, 'epoch': 1.0}
{'loss': 0.0189, 'grad_norm': 0.07763671875, 'learning_rate': 0.0001864109589041096, 'loss_simcse': 0.0185546875, 'loss_crds': 0.030101923272013664, 'loss_total': 0.018855705857276917, 'avg_crds_neg_weight': 0.13718785345554352, 'avg_crds_reliability': 0.4341977834701538, 'avg_crds_semantic_similarity': 0.44178470969200134, 'avg_crds_cf_distance': 0.09726113080978394, 'num_valid_crds_neg': 352.0, 'epoch': 1.0}
{'loss': 0.0141, 'grad_norm': 0.06298828125, 'learning_rate': 0.0001863013698630137, 'loss_simcse': 0.01373291015625, 'loss_crds': 0.03870820999145508, 'loss_total': 0.014119992032647133, 'avg_crds_neg_weight': 0.13732847571372986, 'avg_crds_reliability': 0.4315130114555359, 'avg_crds_semantic_similarity': 0.4424997866153717, 'avg_crds_cf_distance': 0.09581875056028366, 'num_valid_crds_neg': 284.0, 'epoch': 1.0}
{'loss': 0.018, 'grad_norm': 0.0625, 'learning_rate': 0.0001861917808219178, 'loss_simcse': 0.0177001953125, 'loss_crds': 0.032671693712472916, 'loss_total': 0.018026912584900856, 'avg_crds_neg_weight': 0.13117168843746185, 'avg_crds_reliability': 0.43787330389022827, 'avg_crds_semantic_similarity': 0.44722625613212585, 'avg_crds_cf_distance': 0.09909296780824661, 'num_valid_crds_neg': 372.0, 'epoch': 1.0}
{'loss': 0.0178, 'grad_norm': 0.055419921875, 'learning_rate': 0.00018608219178082195, 'loss_simcse': 0.0174560546875, 'loss_crds': 0.036970458924770355, 'loss_total': 0.017825759947299957, 'avg_crds_neg_weight': 0.13959398865699768, 'avg_crds_reliability': 0.4431796669960022, 'avg_crds_semantic_similarity': 0.4396631717681885, 'avg_crds_cf_distance': 0.09831152111291885, 'num_valid_crds_neg': 376.0, 'epoch': 1.0}
{'loss': 0.0184, 'grad_norm': 0.0625, 'learning_rate': 0.00018597260273972604, 'loss_simcse': 0.01806640625, 'loss_crds': 0.030348386615514755, 'loss_total': 0.0183698907494545, 'avg_crds_neg_weight': 0.14086931943893433, 'avg_crds_reliability': 0.46183937788009644, 'avg_crds_semantic_similarity': 0.43978163599967957, 'avg_crds_cf_distance': 0.10243883728981018, 'num_valid_crds_neg': 388.0, 'epoch': 1.01}
{'loss': 0.0183, 'grad_norm': 0.061279296875, 'learning_rate': 0.00018586301369863015, 'loss_simcse': 0.0179443359375, 'loss_crds': 0.03843636065721512, 'loss_total': 0.018328700214624405, 'avg_crds_neg_weight': 0.14399506151676178, 'avg_crds_reliability': 0.45231467485427856, 'avg_crds_semantic_similarity': 0.4496375620365143, 'avg_crds_cf_distance': 0.09915568679571152, 'num_valid_crds_neg': 340.0, 'epoch': 1.01}
{'loss': 0.019, 'grad_norm': 0.07275390625, 'learning_rate': 0.00018575342465753424, 'loss_simcse': 0.0186767578125, 'loss_crds': 0.028949512168765068, 'loss_total': 0.018966253846883774, 'avg_crds_neg_weight': 0.1350220888853073, 'avg_crds_reliability': 0.44396278262138367, 'avg_crds_semantic_similarity': 0.4372013509273529, 'avg_crds_cf_distance': 0.1110231876373291, 'num_valid_crds_neg': 356.0, 'epoch': 1.01}
{'loss': 0.0205, 'grad_norm': 0.08837890625, 'learning_rate': 0.00018564383561643836, 'loss_simcse': 0.0201416015625, 'loss_crds': 0.03482521325349808, 'loss_total': 0.020489852875471115, 'avg_crds_neg_weight': 0.13280916213989258, 'avg_crds_reliability': 0.43202292919158936, 'avg_crds_semantic_similarity': 0.4532890021800995, 'avg_crds_cf_distance': 0.09649469703435898, 'num_valid_crds_neg': 364.0, 'epoch': 1.01}
{'loss': 0.019, 'grad_norm': 0.07568359375, 'learning_rate': 0.00018553424657534248, 'loss_simcse': 0.0186767578125, 'loss_crds': 0.02926688827574253, 'loss_total': 0.018969425931572914, 'avg_crds_neg_weight': 0.1386532336473465, 'avg_crds_reliability': 0.44323351979255676, 'avg_crds_semantic_similarity': 0.4329792857170105, 'avg_crds_cf_distance': 0.0994034931063652, 'num_valid_crds_neg': 332.0, 'epoch': 1.02}
{'loss': 0.0179, 'grad_norm': 0.059326171875, 'learning_rate': 0.0001854246575342466, 'loss_simcse': 0.017578125, 'loss_crds': 0.03181910887360573, 'loss_total': 0.017896316945552826, 'avg_crds_neg_weight': 0.13735805451869965, 'avg_crds_reliability': 0.44095665216445923, 'avg_crds_semantic_similarity': 0.4482055902481079, 'avg_crds_cf_distance': 0.1017112284898758, 'num_valid_crds_neg': 388.0, 'epoch': 1.02}
{'loss': 0.019, 'grad_norm': 0.0673828125, 'learning_rate': 0.0001853150684931507, 'loss_simcse': 0.0186767578125, 'loss_crds': 0.02771921455860138, 'loss_total': 0.018953949213027954, 'avg_crds_neg_weight': 0.1357433944940567, 'avg_crds_reliability': 0.43439534306526184, 'avg_crds_semantic_similarity': 0.4279332458972931, 'avg_crds_cf_distance': 0.10783157497644424, 'num_valid_crds_neg': 360.0, 'epoch': 1.02}
{'loss': 0.0185, 'grad_norm': 0.0615234375, 'learning_rate': 0.0001852054794520548, 'loss_simcse': 0.0181884765625, 'loss_crds': 0.027708185836672783, 'loss_total': 0.01846555806696415, 'avg_crds_neg_weight': 0.1376807987689972, 'avg_crds_reliability': 0.44537168741226196, 'avg_crds_semantic_similarity': 0.45056623220443726, 'avg_crds_cf_distance': 0.09962224960327148, 'num_valid_crds_neg': 384.0, 'epoch': 1.02}
{'loss': 0.0183, 'grad_norm': 0.06494140625, 'learning_rate': 0.00018509589041095892, 'loss_simcse': 0.01806640625, 'loss_crds': 0.0272426325827837, 'loss_total': 0.01833883300423622, 'avg_crds_neg_weight': 0.13883879780769348, 'avg_crds_reliability': 0.4444129467010498, 'avg_crds_semantic_similarity': 0.4228672981262207, 'avg_crds_cf_distance': 0.10175394266843796, 'num_valid_crds_neg': 332.0, 'epoch': 1.03}
{'loss': 0.0177, 'grad_norm': 0.056884765625, 'learning_rate': 0.000184986301369863, 'loss_simcse': 0.0174560546875, 'loss_crds': 0.02631763555109501, 'loss_total': 0.01771923154592514, 'avg_crds_neg_weight': 0.1423458755016327, 'avg_crds_reliability': 0.4575551152229309, 'avg_crds_semantic_similarity': 0.440764456987381, 'avg_crds_cf_distance': 0.1042952761054039, 'num_valid_crds_neg': 360.0, 'epoch': 1.03}
{'loss': 0.018, 'grad_norm': 0.05712890625, 'learning_rate': 0.00018487671232876712, 'loss_simcse': 0.0177001953125, 'loss_crds': 0.030737895518541336, 'loss_total': 0.01800757460296154, 'avg_crds_neg_weight': 0.13510963320732117, 'avg_crds_reliability': 0.42956286668777466, 'avg_crds_semantic_similarity': 0.43836650252342224, 'avg_crds_cf_distance': 0.09921952337026596, 'num_valid_crds_neg': 344.0, 'epoch': 1.03}
{'loss': 0.0188, 'grad_norm': 0.0654296875, 'learning_rate': 0.00018476712328767124, 'loss_simcse': 0.0184326171875, 'loss_crds': 0.03570867329835892, 'loss_total': 0.018789703026413918, 'avg_crds_neg_weight': 0.14165742695331573, 'avg_crds_reliability': 0.44548025727272034, 'avg_crds_semantic_similarity': 0.4527685344219208, 'avg_crds_cf_distance': 0.10543133318424225, 'num_valid_crds_neg': 344.0, 'epoch': 1.03}
{'loss': 0.0184, 'grad_norm': 0.060302734375, 'learning_rate': 0.00018465753424657535, 'loss_simcse': 0.01806640625, 'loss_crds': 0.02955651842057705, 'loss_total': 0.018361970782279968, 'avg_crds_neg_weight': 0.1367122381925583, 'avg_crds_reliability': 0.4435255825519562, 'avg_crds_semantic_similarity': 0.44820576906204224, 'avg_crds_cf_distance': 0.10552599281072617, 'num_valid_crds_neg': 336.0, 'epoch': 1.04}
{'loss': 0.018, 'grad_norm': 0.059814453125, 'learning_rate': 0.00018454794520547947, 'loss_simcse': 0.0177001953125, 'loss_crds': 0.02885317988693714, 'loss_total': 0.017988726496696472, 'avg_crds_neg_weight': 0.14025071263313293, 'avg_crds_reliability': 0.4426919221878052, 'avg_crds_semantic_similarity': 0.4392664134502411, 'avg_crds_cf_distance': 0.10781965404748917, 'num_valid_crds_neg': 356.0, 'epoch': 1.04}
{'loss': 0.0182, 'grad_norm': 0.057373046875, 'learning_rate': 0.00018443835616438356, 'loss_simcse': 0.017822265625, 'loss_crds': 0.03464667126536369, 'loss_total': 0.018168732523918152, 'avg_crds_neg_weight': 0.13498811423778534, 'avg_crds_reliability': 0.43596455454826355, 'avg_crds_semantic_similarity': 0.4308517277240753, 'avg_crds_cf_distance': 0.09477455168962479, 'num_valid_crds_neg': 368.0, 'epoch': 1.04}
{'loss': 0.0181, 'grad_norm': 0.05712890625, 'learning_rate': 0.00018432876712328768, 'loss_simcse': 0.017822265625, 'loss_crds': 0.030911998823285103, 'loss_total': 0.01813138648867607, 'avg_crds_neg_weight': 0.13772182166576385, 'avg_crds_reliability': 0.44379085302352905, 'avg_crds_semantic_similarity': 0.44803500175476074, 'avg_crds_cf_distance': 0.09647025167942047, 'num_valid_crds_neg': 340.0, 'epoch': 1.04}
{'loss': 0.0194, 'grad_norm': 0.09912109375, 'learning_rate': 0.00018421917808219177, 'loss_simcse': 0.0191650390625, 'loss_crds': 0.027563704177737236, 'loss_total': 0.019440677016973495, 'avg_crds_neg_weight': 0.1326950639486313, 'avg_crds_reliability': 0.41351860761642456, 'avg_crds_semantic_similarity': 0.43562230467796326, 'avg_crds_cf_distance': 0.09814135730266571, 'num_valid_crds_neg': 316.0, 'epoch': 1.04}
{'loss': 0.0181, 'grad_norm': 0.056640625, 'learning_rate': 0.0001841095890410959, 'loss_simcse': 0.0177001953125, 'loss_crds': 0.037988144904375076, 'loss_total': 0.018080076202750206, 'avg_crds_neg_weight': 0.1412837952375412, 'avg_crds_reliability': 0.43946021795272827, 'avg_crds_semantic_similarity': 0.46148303151130676, 'avg_crds_cf_distance': 0.10441877692937851, 'num_valid_crds_neg': 372.0, 'epoch': 1.05}
{'loss': 0.0198, 'grad_norm': 0.08837890625, 'learning_rate': 0.00018400000000000003, 'loss_simcse': 0.01953125, 'loss_crds': 0.028402771800756454, 'loss_total': 0.01981527730822563, 'avg_crds_neg_weight': 0.13934434950351715, 'avg_crds_reliability': 0.4556159973144531, 'avg_crds_semantic_similarity': 0.4398562014102936, 'avg_crds_cf_distance': 0.09874818474054337, 'num_valid_crds_neg': 308.0, 'epoch': 1.05}
{'loss': 0.0194, 'grad_norm': 0.07568359375, 'learning_rate': 0.00018389041095890412, 'loss_simcse': 0.0191650390625, 'loss_crds': 0.0219227597117424, 'loss_total': 0.019384266808629036, 'avg_crds_neg_weight': 0.12812574207782745, 'avg_crds_reliability': 0.42218270897865295, 'avg_crds_semantic_similarity': 0.4252828061580658, 'avg_crds_cf_distance': 0.10620841383934021, 'num_valid_crds_neg': 308.0, 'epoch': 1.05}
{'loss': 0.0184, 'grad_norm': 0.06640625, 'learning_rate': 0.00018378082191780823, 'loss_simcse': 0.01806640625, 'loss_crds': 0.030485447496175766, 'loss_total': 0.018371261656284332, 'avg_crds_neg_weight': 0.14137336611747742, 'avg_crds_reliability': 0.45541897416114807, 'avg_crds_semantic_similarity': 0.4412139654159546, 'avg_crds_cf_distance': 0.10306253284215927, 'num_valid_crds_neg': 328.0, 'epoch': 1.05}
{'loss': 0.0191, 'grad_norm': 0.076171875, 'learning_rate': 0.00018367123287671232, 'loss_simcse': 0.018798828125, 'loss_crds': 0.03153558447957039, 'loss_total': 0.019114183261990547, 'avg_crds_neg_weight': 0.13660070300102234, 'avg_crds_reliability': 0.43384361267089844, 'avg_crds_semantic_similarity': 0.43793436884880066, 'avg_crds_cf_distance': 0.10480549931526184, 'num_valid_crds_neg': 364.0, 'epoch': 1.06}
{'loss': 0.0181, 'grad_norm': 0.060546875, 'learning_rate': 0.00018356164383561644, 'loss_simcse': 0.017822265625, 'loss_crds': 0.028437571600079536, 'loss_total': 0.018106641247868538, 'avg_crds_neg_weight': 0.13821357488632202, 'avg_crds_reliability': 0.4367828071117401, 'avg_crds_semantic_similarity': 0.43470022082328796, 'avg_crds_cf_distance': 0.10248790681362152, 'num_valid_crds_neg': 332.0, 'epoch': 1.06}
{'loss': 0.0179, 'grad_norm': 0.06103515625, 'learning_rate': 0.00018345205479452056, 'loss_simcse': 0.017578125, 'loss_crds': 0.02777709625661373, 'loss_total': 0.017855895683169365, 'avg_crds_neg_weight': 0.13057595491409302, 'avg_crds_reliability': 0.4363645613193512, 'avg_crds_semantic_similarity': 0.415706068277359, 'avg_crds_cf_distance': 0.09846879541873932, 'num_valid_crds_neg': 320.0, 'epoch': 1.06}
{'loss': 0.0189, 'grad_norm': 0.068359375, 'learning_rate': 0.00018334246575342467, 'loss_simcse': 0.0185546875, 'loss_crds': 0.03471603989601135, 'loss_total': 0.018901847302913666, 'avg_crds_neg_weight': 0.13740570843219757, 'avg_crds_reliability': 0.4384686350822449, 'avg_crds_semantic_similarity': 0.4553178548812866, 'avg_crds_cf_distance': 0.10523395240306854, 'num_valid_crds_neg': 440.0, 'epoch': 1.06}
{'loss': 0.0192, 'grad_norm': 0.068359375, 'learning_rate': 0.0001832328767123288, 'loss_simcse': 0.0189208984375, 'loss_crds': 0.026547351852059364, 'loss_total': 0.019186371937394142, 'avg_crds_neg_weight': 0.13507215678691864, 'avg_crds_reliability': 0.44076812267303467, 'avg_crds_semantic_similarity': 0.420980304479599, 'avg_crds_cf_distance': 0.10163908451795578, 'num_valid_crds_neg': 344.0, 'epoch': 1.07}
{'loss': 0.0181, 'grad_norm': 0.06689453125, 'learning_rate': 0.00018312328767123288, 'loss_simcse': 0.017822265625, 'loss_crds': 0.024148905649781227, 'loss_total': 0.018063753843307495, 'avg_crds_neg_weight': 0.13397923111915588, 'avg_crds_reliability': 0.43513023853302, 'avg_crds_semantic_similarity': 0.4248926043510437, 'avg_crds_cf_distance': 0.10173191875219345, 'num_valid_crds_neg': 376.0, 'epoch': 1.07}
{'loss': 0.0193, 'grad_norm': 0.07275390625, 'learning_rate': 0.000183013698630137, 'loss_simcse': 0.0189208984375, 'loss_crds': 0.03508555144071579, 'loss_total': 0.01927175372838974, 'avg_crds_neg_weight': 0.1438218653202057, 'avg_crds_reliability': 0.4511946737766266, 'avg_crds_semantic_similarity': 0.4522228538990021, 'avg_crds_cf_distance': 0.10102614760398865, 'num_valid_crds_neg': 424.0, 'epoch': 1.07}
{'loss': 0.0181, 'grad_norm': 0.06005859375, 'learning_rate': 0.00018290410958904108, 'loss_simcse': 0.017822265625, 'loss_crds': 0.02898082695901394, 'loss_total': 0.018112074583768845, 'avg_crds_neg_weight': 0.13995376229286194, 'avg_crds_reliability': 0.45156654715538025, 'avg_crds_semantic_similarity': 0.43364402651786804, 'avg_crds_cf_distance': 0.10564913600683212, 'num_valid_crds_neg': 348.0, 'epoch': 1.07}
{'loss': 0.0194, 'grad_norm': 0.078125, 'learning_rate': 0.0001827945205479452, 'loss_simcse': 0.01904296875, 'loss_crds': 0.03455059975385666, 'loss_total': 0.01938847452402115, 'avg_crds_neg_weight': 0.13808922469615936, 'avg_crds_reliability': 0.43078067898750305, 'avg_crds_semantic_similarity': 0.448584645986557, 'avg_crds_cf_distance': 0.10516323894262314, 'num_valid_crds_neg': 316.0, 'epoch': 1.08}
{'loss': 0.0184, 'grad_norm': 0.0732421875, 'learning_rate': 0.00018268493150684934, 'loss_simcse': 0.01806640625, 'loss_crds': 0.030721519142389297, 'loss_total': 0.018373621627688408, 'avg_crds_neg_weight': 0.1372416615486145, 'avg_crds_reliability': 0.42692452669143677, 'avg_crds_semantic_similarity': 0.4365047514438629, 'avg_crds_cf_distance': 0.100507453083992, 'num_valid_crds_neg': 348.0, 'epoch': 1.08}
{'loss': 0.0183, 'grad_norm': 0.06201171875, 'learning_rate': 0.00018257534246575343, 'loss_simcse': 0.01806640625, 'loss_crds': 0.028087008744478226, 'loss_total': 0.018347276374697685, 'avg_crds_neg_weight': 0.13452063500881195, 'avg_crds_reliability': 0.4252936542034149, 'avg_crds_semantic_similarity': 0.45163214206695557, 'avg_crds_cf_distance': 0.09616290777921677, 'num_valid_crds_neg': 360.0, 'epoch': 1.08}
{'loss': 0.0213, 'grad_norm': 0.1064453125, 'learning_rate': 0.00018246575342465755, 'loss_simcse': 0.02099609375, 'loss_crds': 0.03288637846708298, 'loss_total': 0.02132495678961277, 'avg_crds_neg_weight': 0.1396276205778122, 'avg_crds_reliability': 0.43957123160362244, 'avg_crds_semantic_similarity': 0.44706323742866516, 'avg_crds_cf_distance': 0.10079685598611832, 'num_valid_crds_neg': 288.0, 'epoch': 1.08}
{'loss': 0.0186, 'grad_norm': 0.06982421875, 'learning_rate': 0.00018235616438356164, 'loss_simcse': 0.0181884765625, 'loss_crds': 0.03682522475719452, 'loss_total': 0.018556728959083557, 'avg_crds_neg_weight': 0.14474767446517944, 'avg_crds_reliability': 0.45236918330192566, 'avg_crds_semantic_similarity': 0.45161494612693787, 'avg_crds_cf_distance': 0.09888257086277008, 'num_valid_crds_neg': 352.0, 'epoch': 1.08}
{'loss': 0.0194, 'grad_norm': 0.08203125, 'learning_rate': 0.00018224657534246576, 'loss_simcse': 0.0191650390625, 'loss_crds': 0.027633681893348694, 'loss_total': 0.019441375508904457, 'avg_crds_neg_weight': 0.1382378488779068, 'avg_crds_reliability': 0.4395889639854431, 'avg_crds_semantic_similarity': 0.4385053515434265, 'avg_crds_cf_distance': 0.10377846658229828, 'num_valid_crds_neg': 324.0, 'epoch': 1.09}
{'loss': 0.0191, 'grad_norm': 0.07763671875, 'learning_rate': 0.00018213698630136987, 'loss_simcse': 0.018798828125, 'loss_crds': 0.03158796951174736, 'loss_total': 0.01911470852792263, 'avg_crds_neg_weight': 0.14681407809257507, 'avg_crds_reliability': 0.4475327432155609, 'avg_crds_semantic_similarity': 0.4604337811470032, 'avg_crds_cf_distance': 0.10644302517175674, 'num_valid_crds_neg': 312.0, 'epoch': 1.09}
{'loss': 0.0179, 'grad_norm': 0.061279296875, 'learning_rate': 0.000182027397260274, 'loss_simcse': 0.017578125, 'loss_crds': 0.03031139075756073, 'loss_total': 0.0178812388330698, 'avg_crds_neg_weight': 0.14364300668239594, 'avg_crds_reliability': 0.4471326470375061, 'avg_crds_semantic_similarity': 0.45324164628982544, 'avg_crds_cf_distance': 0.10340702533721924, 'num_valid_crds_neg': 348.0, 'epoch': 1.09}
{'loss': 0.0189, 'grad_norm': 0.0849609375, 'learning_rate': 0.0001819178082191781, 'loss_simcse': 0.0185546875, 'loss_crds': 0.03410957381129265, 'loss_total': 0.01889578253030777, 'avg_crds_neg_weight': 0.13582727313041687, 'avg_crds_reliability': 0.43056541681289673, 'avg_crds_semantic_similarity': 0.44594380259513855, 'avg_crds_cf_distance': 0.10026232153177261, 'num_valid_crds_neg': 348.0, 'epoch': 1.09}
{'loss': 0.019, 'grad_norm': 0.06982421875, 'learning_rate': 0.0001818082191780822, 'loss_simcse': 0.0186767578125, 'loss_crds': 0.02830922044813633, 'loss_total': 0.018959850072860718, 'avg_crds_neg_weight': 0.13718025386333466, 'avg_crds_reliability': 0.4404635727405548, 'avg_crds_semantic_similarity': 0.4404083490371704, 'avg_crds_cf_distance': 0.1011473760008812, 'num_valid_crds_neg': 392.0, 'epoch': 1.1}
{'loss': 0.0187, 'grad_norm': 0.0703125, 'learning_rate': 0.0001816986301369863, 'loss_simcse': 0.0184326171875, 'loss_crds': 0.031184395775198936, 'loss_total': 0.018744461238384247, 'avg_crds_neg_weight': 0.14216095209121704, 'avg_crds_reliability': 0.43658703565597534, 'avg_crds_semantic_similarity': 0.47197815775871277, 'avg_crds_cf_distance': 0.09986098110675812, 'num_valid_crds_neg': 312.0, 'epoch': 1.1}
{'loss': 0.0236, 'grad_norm': 0.0869140625, 'learning_rate': 0.0001815890410958904, 'loss_simcse': 0.0233154296875, 'loss_crds': 0.026943478733301163, 'loss_total': 0.023584865033626556, 'avg_crds_neg_weight': 0.1369757354259491, 'avg_crds_reliability': 0.4400081932544708, 'avg_crds_semantic_similarity': 0.41737550497055054, 'avg_crds_cf_distance': 0.10448834300041199, 'num_valid_crds_neg': 292.0, 'epoch': 1.1}
{'loss': 0.0189, 'grad_norm': 0.07763671875, 'learning_rate': 0.00018147945205479452, 'loss_simcse': 0.0185546875, 'loss_crds': 0.030058735981583595, 'loss_total': 0.018855275586247444, 'avg_crds_neg_weight': 0.14384137094020844, 'avg_crds_reliability': 0.4449796676635742, 'avg_crds_semantic_similarity': 0.445629358291626, 'avg_crds_cf_distance': 0.10016629099845886, 'num_valid_crds_neg': 384.0, 'epoch': 1.1}
{'loss': 0.0181, 'grad_norm': 0.0673828125, 'learning_rate': 0.00018136986301369864, 'loss_simcse': 0.017822265625, 'loss_crds': 0.02282489277422428, 'loss_total': 0.01805051416158676, 'avg_crds_neg_weight': 0.13827601075172424, 'avg_crds_reliability': 0.434086412191391, 'avg_crds_semantic_similarity': 0.4323241114616394, 'avg_crds_cf_distance': 0.10356056690216064, 'num_valid_crds_neg': 356.0, 'epoch': 1.11}
{'loss': 0.0185, 'grad_norm': 0.064453125, 'learning_rate': 0.00018126027397260275, 'loss_simcse': 0.0181884765625, 'loss_crds': 0.03500451147556305, 'loss_total': 0.018538521602749825, 'avg_crds_neg_weight': 0.13788311183452606, 'avg_crds_reliability': 0.4270261526107788, 'avg_crds_semantic_similarity': 0.45082491636276245, 'avg_crds_cf_distance': 0.10408949851989746, 'num_valid_crds_neg': 324.0, 'epoch': 1.11}
{'loss': 0.018, 'grad_norm': 0.0634765625, 'learning_rate': 0.00018115068493150687, 'loss_simcse': 0.0177001953125, 'loss_crds': 0.02501211129128933, 'loss_total': 0.01795031689107418, 'avg_crds_neg_weight': 0.13547585904598236, 'avg_crds_reliability': 0.4295896291732788, 'avg_crds_semantic_similarity': 0.43902111053466797, 'avg_crds_cf_distance': 0.10420244187116623, 'num_valid_crds_neg': 364.0, 'epoch': 1.11}
{'loss': 0.0183, 'grad_norm': 0.0732421875, 'learning_rate': 0.00018104109589041096, 'loss_simcse': 0.0179443359375, 'loss_crds': 0.03545645624399185, 'loss_total': 0.01829889975488186, 'avg_crds_neg_weight': 0.13862957060337067, 'avg_crds_reliability': 0.4537096619606018, 'avg_crds_semantic_similarity': 0.4753621816635132, 'avg_crds_cf_distance': 0.10258767008781433, 'num_valid_crds_neg': 372.0, 'epoch': 1.11}
{'loss': 0.0201, 'grad_norm': 0.08984375, 'learning_rate': 0.00018093150684931507, 'loss_simcse': 0.019775390625, 'loss_crds': 0.03714218735694885, 'loss_total': 0.020146813243627548, 'avg_crds_neg_weight': 0.14223264157772064, 'avg_crds_reliability': 0.4537334740161896, 'avg_crds_semantic_similarity': 0.4509800374507904, 'avg_crds_cf_distance': 0.1019982323050499, 'num_valid_crds_neg': 356.0, 'epoch': 1.12}
{'loss': 0.0179, 'grad_norm': 0.06298828125, 'learning_rate': 0.00018082191780821916, 'loss_simcse': 0.017578125, 'loss_crds': 0.031872522085905075, 'loss_total': 0.017896849662065506, 'avg_crds_neg_weight': 0.1403885930776596, 'avg_crds_reliability': 0.444170206785202, 'avg_crds_semantic_similarity': 0.4658665657043457, 'avg_crds_cf_distance': 0.09654774516820908, 'num_valid_crds_neg': 344.0, 'epoch': 1.12}
{'loss': 0.0179, 'grad_norm': 0.06689453125, 'learning_rate': 0.0001807123287671233, 'loss_simcse': 0.017578125, 'loss_crds': 0.030188357457518578, 'loss_total': 0.01788000762462616, 'avg_crds_neg_weight': 0.14048106968402863, 'avg_crds_reliability': 0.44165754318237305, 'avg_crds_semantic_similarity': 0.4390374422073364, 'avg_crds_cf_distance': 0.104044109582901, 'num_valid_crds_neg': 368.0, 'epoch': 1.12}
{'loss': 0.0179, 'grad_norm': 0.05908203125, 'learning_rate': 0.00018060273972602742, 'loss_simcse': 0.017578125, 'loss_crds': 0.027800047770142555, 'loss_total': 0.01785612478852272, 'avg_crds_neg_weight': 0.13211394846439362, 'avg_crds_reliability': 0.4291878938674927, 'avg_crds_semantic_similarity': 0.44328421354293823, 'avg_crds_cf_distance': 0.09540635347366333, 'num_valid_crds_neg': 348.0, 'epoch': 1.12}
{'loss': 0.0235, 'grad_norm': 0.06787109375, 'learning_rate': 0.00018049315068493151, 'loss_simcse': 0.023193359375, 'loss_crds': 0.03443923220038414, 'loss_total': 0.02353775128722191, 'avg_crds_neg_weight': 0.14368420839309692, 'avg_crds_reliability': 0.4426899552345276, 'avg_crds_semantic_similarity': 0.46082639694213867, 'avg_crds_cf_distance': 0.1065257340669632, 'num_valid_crds_neg': 388.0, 'epoch': 1.12}
{'loss': 0.0177, 'grad_norm': 0.06591796875, 'learning_rate': 0.00018038356164383563, 'loss_simcse': 0.017333984375, 'loss_crds': 0.03464309498667717, 'loss_total': 0.017680415883660316, 'avg_crds_neg_weight': 0.14106838405132294, 'avg_crds_reliability': 0.44670024514198303, 'avg_crds_semantic_similarity': 0.44944849610328674, 'avg_crds_cf_distance': 0.10238140821456909, 'num_valid_crds_neg': 320.0, 'epoch': 1.13}
{'loss': 0.0211, 'grad_norm': 0.09619140625, 'learning_rate': 0.00018027397260273972, 'loss_simcse': 0.020751953125, 'loss_crds': 0.031198246404528618, 'loss_total': 0.02106393501162529, 'avg_crds_neg_weight': 0.13488464057445526, 'avg_crds_reliability': 0.43228858709335327, 'avg_crds_semantic_similarity': 0.45640644431114197, 'avg_crds_cf_distance': 0.10542655736207962, 'num_valid_crds_neg': 344.0, 'epoch': 1.13}
{'loss': 0.0179, 'grad_norm': 0.058349609375, 'learning_rate': 0.00018016438356164384, 'loss_simcse': 0.017578125, 'loss_crds': 0.029339583590626717, 'loss_total': 0.017871521413326263, 'avg_crds_neg_weight': 0.1448998898267746, 'avg_crds_reliability': 0.45630350708961487, 'avg_crds_semantic_similarity': 0.4362286627292633, 'avg_crds_cf_distance': 0.10954950004816055, 'num_valid_crds_neg': 304.0, 'epoch': 1.13}
{'loss': 0.0176, 'grad_norm': 0.061279296875, 'learning_rate': 0.00018005479452054795, 'loss_simcse': 0.017333984375, 'loss_crds': 0.026257509365677834, 'loss_total': 0.01759655959904194, 'avg_crds_neg_weight': 0.1357802301645279, 'avg_crds_reliability': 0.4277487099170685, 'avg_crds_semantic_similarity': 0.4423556923866272, 'avg_crds_cf_distance': 0.09544427692890167, 'num_valid_crds_neg': 332.0, 'epoch': 1.13}
{'loss': 0.0199, 'grad_norm': 0.07666015625, 'learning_rate': 0.00017994520547945207, 'loss_simcse': 0.0196533203125, 'loss_crds': 0.02616141550242901, 'loss_total': 0.019914934411644936, 'avg_crds_neg_weight': 0.14144214987754822, 'avg_crds_reliability': 0.4582052230834961, 'avg_crds_semantic_similarity': 0.4333176612854004, 'avg_crds_cf_distance': 0.10469648987054825, 'num_valid_crds_neg': 388.0, 'epoch': 1.14}
{'loss': 0.0179, 'grad_norm': 0.060546875, 'learning_rate': 0.00017983561643835619, 'loss_simcse': 0.017578125, 'loss_crds': 0.03299569711089134, 'loss_total': 0.01790808141231537, 'avg_crds_neg_weight': 0.14094509184360504, 'avg_crds_reliability': 0.44036781787872314, 'avg_crds_semantic_similarity': 0.4536252021789551, 'avg_crds_cf_distance': 0.10246463865041733, 'num_valid_crds_neg': 360.0, 'epoch': 1.14}
{'loss': 0.0181, 'grad_norm': 0.06689453125, 'learning_rate': 0.00017972602739726028, 'loss_simcse': 0.017822265625, 'loss_crds': 0.03132683411240578, 'loss_total': 0.01813553459942341, 'avg_crds_neg_weight': 0.13752755522727966, 'avg_crds_reliability': 0.44612303376197815, 'avg_crds_semantic_similarity': 0.4379943311214447, 'avg_crds_cf_distance': 0.10089291632175446, 'num_valid_crds_neg': 332.0, 'epoch': 1.14}
{'loss': 0.0189, 'grad_norm': 0.0732421875, 'learning_rate': 0.0001796164383561644, 'loss_simcse': 0.0186767578125, 'loss_crds': 0.020937003195285797, 'loss_total': 0.018886128440499306, 'avg_crds_neg_weight': 0.13870088756084442, 'avg_crds_reliability': 0.45235395431518555, 'avg_crds_semantic_similarity': 0.41634297370910645, 'avg_crds_cf_distance': 0.10989916324615479, 'num_valid_crds_neg': 340.0, 'epoch': 1.14}
{'loss': 0.0177, 'grad_norm': 0.057861328125, 'learning_rate': 0.00017950684931506848, 'loss_simcse': 0.0174560546875, 'loss_crds': 0.02852875553071499, 'loss_total': 0.01774134300649166, 'avg_crds_neg_weight': 0.14861275255680084, 'avg_crds_reliability': 0.48450857400894165, 'avg_crds_semantic_similarity': 0.4443790912628174, 'avg_crds_cf_distance': 0.10646645724773407, 'num_valid_crds_neg': 336.0, 'epoch': 1.15}
{'loss': 0.0187, 'grad_norm': 0.0673828125, 'learning_rate': 0.0001793972602739726, 'loss_simcse': 0.0184326171875, 'loss_crds': 0.031099438667297363, 'loss_total': 0.018743611872196198, 'avg_crds_neg_weight': 0.13462644815444946, 'avg_crds_reliability': 0.4387880265712738, 'avg_crds_semantic_similarity': 0.4398816227912903, 'avg_crds_cf_distance': 0.10711009055376053, 'num_valid_crds_neg': 296.0, 'epoch': 1.15}
{'loss': 0.0179, 'grad_norm': 0.0615234375, 'learning_rate': 0.00017928767123287674, 'loss_simcse': 0.0177001953125, 'loss_crds': 0.024051005020737648, 'loss_total': 0.01794070564210415, 'avg_crds_neg_weight': 0.1270638257265091, 'avg_crds_reliability': 0.4153481125831604, 'avg_crds_semantic_similarity': 0.4315166473388672, 'avg_crds_cf_distance': 0.10172021389007568, 'num_valid_crds_neg': 352.0, 'epoch': 1.15}
{'loss': 0.0197, 'grad_norm': 0.07470703125, 'learning_rate': 0.00017917808219178083, 'loss_simcse': 0.0194091796875, 'loss_crds': 0.030077187344431877, 'loss_total': 0.019709952175617218, 'avg_crds_neg_weight': 0.13838565349578857, 'avg_crds_reliability': 0.43608444929122925, 'avg_crds_semantic_similarity': 0.4409602880477905, 'avg_crds_cf_distance': 0.09970378130674362, 'num_valid_crds_neg': 372.0, 'epoch': 1.15}
{'loss': 0.0183, 'grad_norm': 0.061767578125, 'learning_rate': 0.00017906849315068495, 'loss_simcse': 0.01806640625, 'loss_crds': 0.025253480300307274, 'loss_total': 0.018318941816687584, 'avg_crds_neg_weight': 0.13314291834831238, 'avg_crds_reliability': 0.4331691563129425, 'avg_crds_semantic_similarity': 0.44148242473602295, 'avg_crds_cf_distance': 0.10016912966966629, 'num_valid_crds_neg': 392.0, 'epoch': 1.16}
{'loss': 0.0176, 'grad_norm': 0.06103515625, 'learning_rate': 0.00017895890410958904, 'loss_simcse': 0.017333984375, 'loss_crds': 0.026390954852104187, 'loss_total': 0.017597893252968788, 'avg_crds_neg_weight': 0.13700571656227112, 'avg_crds_reliability': 0.44997650384902954, 'avg_crds_semantic_similarity': 0.43131324648857117, 'avg_crds_cf_distance': 0.10845105350017548, 'num_valid_crds_neg': 356.0, 'epoch': 1.16}
{'loss': 0.029, 'grad_norm': 0.06884765625, 'learning_rate': 0.00017884931506849315, 'loss_simcse': 0.0286865234375, 'loss_crds': 0.03120516426861286, 'loss_total': 0.02899857424199581, 'avg_crds_neg_weight': 0.14155052602291107, 'avg_crds_reliability': 0.45424026250839233, 'avg_crds_semantic_similarity': 0.4573402404785156, 'avg_crds_cf_distance': 0.1042850911617279, 'num_valid_crds_neg': 352.0, 'epoch': 1.16}
{'loss': 0.0178, 'grad_norm': 0.061767578125, 'learning_rate': 0.00017873972602739727, 'loss_simcse': 0.0174560546875, 'loss_crds': 0.03314635530114174, 'loss_total': 0.017787517979741096, 'avg_crds_neg_weight': 0.1381068229675293, 'avg_crds_reliability': 0.448431134223938, 'avg_crds_semantic_similarity': 0.44862639904022217, 'avg_crds_cf_distance': 0.10675740242004395, 'num_valid_crds_neg': 324.0, 'epoch': 1.16}
{'loss': 0.0188, 'grad_norm': 0.0703125, 'learning_rate': 0.0001786301369863014, 'loss_simcse': 0.0185546875, 'loss_crds': 0.02940446138381958, 'loss_total': 0.018848732113838196, 'avg_crds_neg_weight': 0.14003436267375946, 'avg_crds_reliability': 0.4396679401397705, 'avg_crds_semantic_similarity': 0.43955448269844055, 'avg_crds_cf_distance': 0.10144190490245819, 'num_valid_crds_neg': 372.0, 'epoch': 1.16}
{'loss': 0.0178, 'grad_norm': 0.059814453125, 'learning_rate': 0.0001785205479452055, 'loss_simcse': 0.0174560546875, 'loss_crds': 0.030148031190037727, 'loss_total': 0.017757534980773926, 'avg_crds_neg_weight': 0.1414646953344345, 'avg_crds_reliability': 0.4458335041999817, 'avg_crds_semantic_similarity': 0.43574923276901245, 'avg_crds_cf_distance': 0.09605555981397629, 'num_valid_crds_neg': 344.0, 'epoch': 1.17}
{'loss': 0.0185, 'grad_norm': 0.0654296875, 'learning_rate': 0.0001784109589041096, 'loss_simcse': 0.0181884765625, 'loss_crds': 0.03337957337498665, 'loss_total': 0.018522271886467934, 'avg_crds_neg_weight': 0.14010801911354065, 'avg_crds_reliability': 0.43976807594299316, 'avg_crds_semantic_similarity': 0.45395755767822266, 'avg_crds_cf_distance': 0.09884043037891388, 'num_valid_crds_neg': 320.0, 'epoch': 1.17}
{'loss': 0.0222, 'grad_norm': 0.08544921875, 'learning_rate': 0.0001783013698630137, 'loss_simcse': 0.0218505859375, 'loss_crds': 0.03055766597390175, 'loss_total': 0.022156162187457085, 'avg_crds_neg_weight': 0.13908949494361877, 'avg_crds_reliability': 0.4376284182071686, 'avg_crds_semantic_similarity': 0.44148069620132446, 'avg_crds_cf_distance': 0.09913670271635056, 'num_valid_crds_neg': 320.0, 'epoch': 1.17}
{'loss': 0.0176, 'grad_norm': 0.06298828125, 'learning_rate': 0.0001781917808219178, 'loss_simcse': 0.017333984375, 'loss_crds': 0.02857230231165886, 'loss_total': 0.017619706690311432, 'avg_crds_neg_weight': 0.14189839363098145, 'avg_crds_reliability': 0.43796825408935547, 'avg_crds_semantic_similarity': 0.42607152462005615, 'avg_crds_cf_distance': 0.1070912778377533, 'num_valid_crds_neg': 396.0, 'epoch': 1.17}
{'loss': 0.0184, 'grad_norm': 0.0634765625, 'learning_rate': 0.00017808219178082192, 'loss_simcse': 0.01806640625, 'loss_crds': 0.029518529772758484, 'loss_total': 0.018361590802669525, 'avg_crds_neg_weight': 0.14387443661689758, 'avg_crds_reliability': 0.45811429619789124, 'avg_crds_semantic_similarity': 0.4412606656551361, 'avg_crds_cf_distance': 0.10459728538990021, 'num_valid_crds_neg': 392.0, 'epoch': 1.18}
{'train_runtime': 1152.9607, 'train_samples_per_second': 471.551, 'train_steps_per_second': 1.843, 'train_loss': 0.01738311931863427, 'epoch': 1.18}
