TrainingArguments(
_n_gpu=1,
accelerator_config={'split_batches': False, 'dispatch_batches': None, 'even_batches': True, 'use_seedable_sampler': True, 'non_blocking': False, 'gradient_accumulation_kwargs': None, 'use_configured_state': False},
adafactor=False,
adam_beta1=0.9,
adam_beta2=0.999,
adam_epsilon=1e-08,
auto_find_batch_size=False,
batch_eval_metrics=False,
bf16=False,
bf16_full_eval=False,
data_seed=None,
dataloader_drop_last=False,
dataloader_num_workers=0,
dataloader_persistent_workers=False,
dataloader_pin_memory=True,
dataloader_prefetch_factor=None,
ddp_backend=None,
ddp_broadcast_buffers=None,
ddp_bucket_cap_mb=None,
ddp_find_unused_parameters=None,
ddp_timeout=1800,
debug=[],
deepspeed=None,
disable_tqdm=False,
dispatch_batches=None,
do_eval=False,
do_predict=False,
do_train=True,
eval_accumulation_steps=None,
eval_delay=0,
eval_do_concat_batches=True,
eval_on_start=False,
eval_steps=None,
eval_strategy=IntervalStrategy.NO,
eval_use_gather_object=False,
evaluation_strategy=None,
fp16=False,
fp16_backend=auto,
fp16_full_eval=False,
fp16_opt_level=O1,
fsdp=[],
fsdp_config={'min_num_params': 0, 'xla': False, 'xla_fsdp_v2': False, 'xla_fsdp_grad_ckpt': False},
fsdp_min_num_params=0,
fsdp_transformer_layer_cls_to_wrap=None,
full_determinism=False,
gradient_accumulation_steps=1,
gradient_checkpointing=True,
gradient_checkpointing_kwargs={'use_reentrant': False},
greater_is_better=None,
group_by_length=False,
half_precision_backend=auto,
hub_always_push=False,
hub_model_id=None,
hub_private_repo=False,
hub_strategy=HubStrategy.EVERY_SAVE,
hub_token=<HUB_TOKEN>,
ignore_data_skip=False,
include_inputs_for_metrics=False,
include_num_input_tokens_seen=False,
include_tokens_per_second=False,
jit_mode_eval=False,
label_names=None,
label_smoothing_factor=0.0,
learning_rate=0.0002,
length_column_name=length,
load_best_model_at_end=False,
local_rank=0,
log_level=passive,
log_level_replica=warning,
log_on_each_node=True,
logging_dir=outputs/crds_step500_failure/AmazonMix-6/crds_weak_fewer_neg/runs/Jul04_20-52-58_ubuntu-4U-GPU-Server,
logging_first_step=False,
logging_nan_inf_filter=True,
logging_steps=1,
logging_strategy=IntervalStrategy.STEPS,
lr_scheduler_kwargs={},
lr_scheduler_type=SchedulerType.LINEAR,
max_grad_norm=1.0,
max_steps=-1,
metric_for_best_model=None,
mp_parameters=,
neftune_noise_alpha=None,
no_cuda=False,
num_train_epochs=5,
optim=OptimizerNames.ADAMW_TORCH,
optim_args=None,
optim_target_modules=None,
output_dir=outputs/crds_step500_failure/AmazonMix-6/crds_weak_fewer_neg,
overwrite_output_dir=False,
past_index=-1,
per_device_eval_batch_size=256,
per_device_train_batch_size=256,
prediction_loss_only=False,
push_to_hub=False,
push_to_hub_model_id=None,
push_to_hub_organization=None,
push_to_hub_token=<PUSH_TO_HUB_TOKEN>,
ray_scope=last,
remove_unused_columns=False,
report_to=[],
restore_callback_states_from_checkpoint=False,
resume_from_checkpoint=output/iem_stage2_crds/Qwen2-0.5B-AmazonMix6-CSFT/checkpoint-100,
run_name=outputs/crds_step500_failure/AmazonMix-6/crds_weak_fewer_neg,
save_on_each_node=False,
save_only_model=False,
save_safetensors=True,
save_steps=100,
save_strategy=IntervalStrategy.STEPS,
save_total_limit=None,
seed=42,
skip_memory_metrics=True,
split_batches=None,
tf32=None,
torch_compile=False,
torch_compile_backend=None,
torch_compile_mode=None,
torch_empty_cache_steps=None,
torchdynamo=None,
tpu_metrics_debug=False,
tpu_num_cores=None,
use_cpu=False,
use_ipex=False,
use_legacy_prediction_loop=False,
use_mps_device=False,
warmup_ratio=0.0,
warmup_steps=300,
weight_decay=0.0,
)
{'loss': 0.0291, 'grad_norm': 0.08935546875, 'learning_rate': 6.733333333333333e-05, 'loss_simcse': 0.02880859375, 'loss_crds': 0.033086247742176056, 'loss_total': 0.029139455407857895, 'avg_crds_neg_weight': 0.1463424414396286, 'avg_crds_reliability': 0.4365061819553375, 'avg_crds_semantic_similarity': 0.46738988161087036, 'avg_crds_cf_distance': 0.10638117790222168, 'num_valid_crds_neg': 182.0, 'epoch': 0.24}
{'loss': 0.0299, 'grad_norm': 0.11181640625, 'learning_rate': 6.800000000000001e-05, 'loss_simcse': 0.0296630859375, 'loss_crds': 0.027161922305822372, 'loss_total': 0.029934704303741455, 'avg_crds_neg_weight': 0.13564133644104004, 'avg_crds_reliability': 0.43740880489349365, 'avg_crds_semantic_similarity': 0.4427781403064728, 'avg_crds_cf_distance': 0.10907624661922455, 'num_valid_crds_neg': 178.0, 'epoch': 0.24}
{'loss': 0.0327, 'grad_norm': 0.11572265625, 'learning_rate': 6.866666666666666e-05, 'loss_simcse': 0.032470703125, 'loss_crds': 0.02566681057214737, 'loss_total': 0.03272737190127373, 'avg_crds_neg_weight': 0.14202584326267242, 'avg_crds_reliability': 0.4434393644332886, 'avg_crds_semantic_similarity': 0.4410744309425354, 'avg_crds_cf_distance': 0.10306279361248016, 'num_valid_crds_neg': 192.0, 'epoch': 0.24}
{'loss': 0.0272, 'grad_norm': 0.7578125, 'learning_rate': 6.933333333333334e-05, 'loss_simcse': 0.02685546875, 'loss_crds': 0.03028089739382267, 'loss_total': 0.027158277109265327, 'avg_crds_neg_weight': 0.13940556347370148, 'avg_crds_reliability': 0.43257492780685425, 'avg_crds_semantic_similarity': 0.4424445331096649, 'avg_crds_cf_distance': 0.10315907746553421, 'num_valid_crds_neg': 186.0, 'epoch': 0.24}
{'loss': 0.03, 'grad_norm': 0.8671875, 'learning_rate': 7e-05, 'loss_simcse': 0.02978515625, 'loss_crds': 0.023806512355804443, 'loss_total': 0.03002322092652321, 'avg_crds_neg_weight': 0.13806234300136566, 'avg_crds_reliability': 0.4436778426170349, 'avg_crds_semantic_similarity': 0.43279698491096497, 'avg_crds_cf_distance': 0.09897349774837494, 'num_valid_crds_neg': 194.0, 'epoch': 0.25}
{'loss': 0.0283, 'grad_norm': 0.09619140625, 'learning_rate': 7.066666666666667e-05, 'loss_simcse': 0.028076171875, 'loss_crds': 0.021520985290408134, 'loss_total': 0.028291381895542145, 'avg_crds_neg_weight': 0.1344679296016693, 'avg_crds_reliability': 0.423402339220047, 'avg_crds_semantic_similarity': 0.4389055669307709, 'avg_crds_cf_distance': 0.11159510165452957, 'num_valid_crds_neg': 164.0, 'epoch': 0.25}
{'loss': 0.03, 'grad_norm': 0.1328125, 'learning_rate': 7.133333333333334e-05, 'loss_simcse': 0.0296630859375, 'loss_crds': 0.029632531106472015, 'loss_total': 0.029959410429000854, 'avg_crds_neg_weight': 0.13367684185504913, 'avg_crds_reliability': 0.44306448101997375, 'avg_crds_semantic_similarity': 0.45407164096832275, 'avg_crds_cf_distance': 0.10285773873329163, 'num_valid_crds_neg': 156.0, 'epoch': 0.25}
{'loss': 0.0267, 'grad_norm': 0.080078125, 'learning_rate': 7.2e-05, 'loss_simcse': 0.0264892578125, 'loss_crds': 0.018288612365722656, 'loss_total': 0.02667214348912239, 'avg_crds_neg_weight': 0.13567355275154114, 'avg_crds_reliability': 0.44555073976516724, 'avg_crds_semantic_similarity': 0.42290300130844116, 'avg_crds_cf_distance': 0.09770101308822632, 'num_valid_crds_neg': 178.0, 'epoch': 0.25}
{'loss': 0.0293, 'grad_norm': 0.6640625, 'learning_rate': 7.266666666666667e-05, 'loss_simcse': 0.029052734375, 'loss_crds': 0.029408084228634834, 'loss_total': 0.02934681437909603, 'avg_crds_neg_weight': 0.13650326430797577, 'avg_crds_reliability': 0.4397992789745331, 'avg_crds_semantic_similarity': 0.4508788287639618, 'avg_crds_cf_distance': 0.10603813081979752, 'num_valid_crds_neg': 156.0, 'epoch': 0.26}
{'loss': 0.032, 'grad_norm': 0.12890625, 'learning_rate': 7.333333333333333e-05, 'loss_simcse': 0.03173828125, 'loss_crds': 0.0264210756868124, 'loss_total': 0.03200249373912811, 'avg_crds_neg_weight': 0.14647603034973145, 'avg_crds_reliability': 0.4550097584724426, 'avg_crds_semantic_similarity': 0.4286248981952667, 'avg_crds_cf_distance': 0.11005478352308273, 'num_valid_crds_neg': 152.0, 'epoch': 0.26}
{'loss': 0.0273, 'grad_norm': 0.08984375, 'learning_rate': 7.4e-05, 'loss_simcse': 0.0269775390625, 'loss_crds': 0.02808263711631298, 'loss_total': 0.027258366346359253, 'avg_crds_neg_weight': 0.1510162651538849, 'avg_crds_reliability': 0.46536383032798767, 'avg_crds_semantic_similarity': 0.4515652656555176, 'avg_crds_cf_distance': 0.1029195785522461, 'num_valid_crds_neg': 176.0, 'epoch': 0.26}
{'loss': 0.034, 'grad_norm': 0.1171875, 'learning_rate': 7.466666666666667e-05, 'loss_simcse': 0.03369140625, 'loss_crds': 0.0351637601852417, 'loss_total': 0.03404304385185242, 'avg_crds_neg_weight': 0.14521385729312897, 'avg_crds_reliability': 0.45989564061164856, 'avg_crds_semantic_similarity': 0.4648503363132477, 'avg_crds_cf_distance': 0.112287737429142, 'num_valid_crds_neg': 174.0, 'epoch': 0.26}
{'loss': 0.0315, 'grad_norm': 0.0849609375, 'learning_rate': 7.533333333333334e-05, 'loss_simcse': 0.03125, 'loss_crds': 0.02645575813949108, 'loss_total': 0.03151455894112587, 'avg_crds_neg_weight': 0.13065798580646515, 'avg_crds_reliability': 0.42311331629753113, 'avg_crds_semantic_similarity': 0.4440895915031433, 'avg_crds_cf_distance': 0.09552579373121262, 'num_valid_crds_neg': 174.0, 'epoch': 0.27}
{'loss': 0.0266, 'grad_norm': 0.07763671875, 'learning_rate': 7.6e-05, 'loss_simcse': 0.0263671875, 'loss_crds': 0.023347124457359314, 'loss_total': 0.026600658893585205, 'avg_crds_neg_weight': 0.1464034765958786, 'avg_crds_reliability': 0.461527019739151, 'avg_crds_semantic_similarity': 0.43460649251937866, 'avg_crds_cf_distance': 0.10193059593439102, 'num_valid_crds_neg': 202.0, 'epoch': 0.27}
{'loss': 0.0313, 'grad_norm': 1.109375, 'learning_rate': 7.666666666666667e-05, 'loss_simcse': 0.031005859375, 'loss_crds': 0.028640879318118095, 'loss_total': 0.03129226714372635, 'avg_crds_neg_weight': 0.13047319650650024, 'avg_crds_reliability': 0.42390236258506775, 'avg_crds_semantic_similarity': 0.45036986470222473, 'avg_crds_cf_distance': 0.10065609216690063, 'num_valid_crds_neg': 174.0, 'epoch': 0.27}
{'loss': 0.0272, 'grad_norm': 0.09228515625, 'learning_rate': 7.733333333333333e-05, 'loss_simcse': 0.0269775390625, 'loss_crds': 0.023582689464092255, 'loss_total': 0.027213366702198982, 'avg_crds_neg_weight': 0.13929948210716248, 'avg_crds_reliability': 0.4546581506729126, 'avg_crds_semantic_similarity': 0.43157586455345154, 'avg_crds_cf_distance': 0.09598585218191147, 'num_valid_crds_neg': 172.0, 'epoch': 0.27}
{'loss': 0.0278, 'grad_norm': 0.0927734375, 'learning_rate': 7.800000000000001e-05, 'loss_simcse': 0.027587890625, 'loss_crds': 0.02280595898628235, 'loss_total': 0.02781595103442669, 'avg_crds_neg_weight': 0.14993365108966827, 'avg_crds_reliability': 0.4644593298435211, 'avg_crds_semantic_similarity': 0.45506322383880615, 'avg_crds_cf_distance': 0.10186806321144104, 'num_valid_crds_neg': 168.0, 'epoch': 0.28}
{'loss': 0.0265, 'grad_norm': 0.09521484375, 'learning_rate': 7.866666666666666e-05, 'loss_simcse': 0.026123046875, 'loss_crds': 0.034922342747449875, 'loss_total': 0.026472270488739014, 'avg_crds_neg_weight': 0.13955748081207275, 'avg_crds_reliability': 0.43630164861679077, 'avg_crds_semantic_similarity': 0.45547112822532654, 'avg_crds_cf_distance': 0.10318228602409363, 'num_valid_crds_neg': 164.0, 'epoch': 0.28}
{'loss': 0.0278, 'grad_norm': 0.1015625, 'learning_rate': 7.933333333333334e-05, 'loss_simcse': 0.027587890625, 'loss_crds': 0.021346906200051308, 'loss_total': 0.027801359072327614, 'avg_crds_neg_weight': 0.13834397494792938, 'avg_crds_reliability': 0.44683247804641724, 'avg_crds_semantic_similarity': 0.4258987307548523, 'avg_crds_cf_distance': 0.10013672709465027, 'num_valid_crds_neg': 182.0, 'epoch': 0.28}
{'loss': 0.0257, 'grad_norm': 0.08935546875, 'learning_rate': 8e-05, 'loss_simcse': 0.025390625, 'loss_crds': 0.028683628886938095, 'loss_total': 0.025677461177110672, 'avg_crds_neg_weight': 0.13554109632968903, 'avg_crds_reliability': 0.4380407929420471, 'avg_crds_semantic_similarity': 0.4590606689453125, 'avg_crds_cf_distance': 0.0995972752571106, 'num_valid_crds_neg': 172.0, 'epoch': 0.28}
{'loss': 0.0275, 'grad_norm': 0.10791015625, 'learning_rate': 8.066666666666667e-05, 'loss_simcse': 0.0272216796875, 'loss_crds': 0.025822844356298447, 'loss_total': 0.027479907497763634, 'avg_crds_neg_weight': 0.13203275203704834, 'avg_crds_reliability': 0.42983365058898926, 'avg_crds_semantic_similarity': 0.45087942481040955, 'avg_crds_cf_distance': 0.09417847543954849, 'num_valid_crds_neg': 180.0, 'epoch': 0.28}
{'loss': 0.0312, 'grad_norm': 0.1025390625, 'learning_rate': 8.133333333333334e-05, 'loss_simcse': 0.031005859375, 'loss_crds': 0.020977159962058067, 'loss_total': 0.03121563047170639, 'avg_crds_neg_weight': 0.13584299385547638, 'avg_crds_reliability': 0.4425439238548279, 'avg_crds_semantic_similarity': 0.42542847990989685, 'avg_crds_cf_distance': 0.10367019474506378, 'num_valid_crds_neg': 202.0, 'epoch': 0.29}
{'loss': 0.0302, 'grad_norm': 1.171875, 'learning_rate': 8.2e-05, 'loss_simcse': 0.030029296875, 'loss_crds': 0.0188186876475811, 'loss_total': 0.030217483639717102, 'avg_crds_neg_weight': 0.13420508801937103, 'avg_crds_reliability': 0.4464258551597595, 'avg_crds_semantic_similarity': 0.42853501439094543, 'avg_crds_cf_distance': 0.10051220655441284, 'num_valid_crds_neg': 170.0, 'epoch': 0.29}
{'loss': 0.0271, 'grad_norm': 0.169921875, 'learning_rate': 8.266666666666667e-05, 'loss_simcse': 0.0267333984375, 'loss_crds': 0.03602631762623787, 'loss_total': 0.027093661949038506, 'avg_crds_neg_weight': 0.14859862625598907, 'avg_crds_reliability': 0.45975789427757263, 'avg_crds_semantic_similarity': 0.4654262065887451, 'avg_crds_cf_distance': 0.10249663889408112, 'num_valid_crds_neg': 200.0, 'epoch': 0.29}
{'loss': 0.0357, 'grad_norm': 0.197265625, 'learning_rate': 8.333333333333334e-05, 'loss_simcse': 0.035400390625, 'loss_crds': 0.03387296572327614, 'loss_total': 0.035739120095968246, 'avg_crds_neg_weight': 0.13272301852703094, 'avg_crds_reliability': 0.4179919362068176, 'avg_crds_semantic_similarity': 0.4531218409538269, 'avg_crds_cf_distance': 0.09486749768257141, 'num_valid_crds_neg': 186.0, 'epoch': 0.29}
{'loss': 0.026, 'grad_norm': 0.091796875, 'learning_rate': 8.4e-05, 'loss_simcse': 0.0257568359375, 'loss_crds': 0.02224556915462017, 'loss_total': 0.025979291647672653, 'avg_crds_neg_weight': 0.13369540870189667, 'avg_crds_reliability': 0.44381630420684814, 'avg_crds_semantic_similarity': 0.4357090890407562, 'avg_crds_cf_distance': 0.10022957623004913, 'num_valid_crds_neg': 170.0, 'epoch': 0.3}
{'loss': 0.0262, 'grad_norm': 0.0888671875, 'learning_rate': 8.466666666666667e-05, 'loss_simcse': 0.02587890625, 'loss_crds': 0.035046063363552094, 'loss_total': 0.026229366660118103, 'avg_crds_neg_weight': 0.14650726318359375, 'avg_crds_reliability': 0.45170697569847107, 'avg_crds_semantic_similarity': 0.4740601181983948, 'avg_crds_cf_distance': 0.10747276991605759, 'num_valid_crds_neg': 176.0, 'epoch': 0.3}
{'loss': 0.0264, 'grad_norm': 0.1005859375, 'learning_rate': 8.533333333333334e-05, 'loss_simcse': 0.026123046875, 'loss_crds': 0.030500337481498718, 'loss_total': 0.02642804943025112, 'avg_crds_neg_weight': 0.13947512209415436, 'avg_crds_reliability': 0.44896572828292847, 'avg_crds_semantic_similarity': 0.47131454944610596, 'avg_crds_cf_distance': 0.10637800395488739, 'num_valid_crds_neg': 192.0, 'epoch': 0.3}
{'loss': 0.0256, 'grad_norm': 0.1005859375, 'learning_rate': 8.6e-05, 'loss_simcse': 0.025390625, 'loss_crds': 0.024233685806393623, 'loss_total': 0.025632962584495544, 'avg_crds_neg_weight': 0.13541804254055023, 'avg_crds_reliability': 0.42556726932525635, 'avg_crds_semantic_similarity': 0.44306299090385437, 'avg_crds_cf_distance': 0.09969640523195267, 'num_valid_crds_neg': 202.0, 'epoch': 0.3}
{'loss': 0.0264, 'grad_norm': 0.119140625, 'learning_rate': 8.666666666666667e-05, 'loss_simcse': 0.026123046875, 'loss_crds': 0.02413175441324711, 'loss_total': 0.026364363729953766, 'avg_crds_neg_weight': 0.13959378004074097, 'avg_crds_reliability': 0.4448089599609375, 'avg_crds_semantic_similarity': 0.45140570402145386, 'avg_crds_cf_distance': 0.1059974953532219, 'num_valid_crds_neg': 158.0, 'epoch': 0.31}
{'loss': 0.026, 'grad_norm': 0.09765625, 'learning_rate': 8.733333333333333e-05, 'loss_simcse': 0.0257568359375, 'loss_crds': 0.022487375885248184, 'loss_total': 0.025981709361076355, 'avg_crds_neg_weight': 0.13784699141979218, 'avg_crds_reliability': 0.4409811794757843, 'avg_crds_semantic_similarity': 0.4386356770992279, 'avg_crds_cf_distance': 0.10415788739919662, 'num_valid_crds_neg': 200.0, 'epoch': 0.31}
{'loss': 0.0255, 'grad_norm': 0.08984375, 'learning_rate': 8.800000000000001e-05, 'loss_simcse': 0.025146484375, 'loss_crds': 0.031561873853206635, 'loss_total': 0.025462104007601738, 'avg_crds_neg_weight': 0.14074991643428802, 'avg_crds_reliability': 0.43663325905799866, 'avg_crds_semantic_similarity': 0.4698805510997772, 'avg_crds_cf_distance': 0.10188093036413193, 'num_valid_crds_neg': 158.0, 'epoch': 0.31}
{'loss': 0.026, 'grad_norm': 0.1015625, 'learning_rate': 8.866666666666668e-05, 'loss_simcse': 0.0257568359375, 'loss_crds': 0.02579396404325962, 'loss_total': 0.026014775037765503, 'avg_crds_neg_weight': 0.14141467213630676, 'avg_crds_reliability': 0.4641648232936859, 'avg_crds_semantic_similarity': 0.4462137818336487, 'avg_crds_cf_distance': 0.0957484096288681, 'num_valid_crds_neg': 192.0, 'epoch': 0.31}
{'loss': 0.025, 'grad_norm': 0.095703125, 'learning_rate': 8.933333333333334e-05, 'loss_simcse': 0.0247802734375, 'loss_crds': 0.024729814380407333, 'loss_total': 0.025027571246027946, 'avg_crds_neg_weight': 0.1464501917362213, 'avg_crds_reliability': 0.4525136351585388, 'avg_crds_semantic_similarity': 0.46282532811164856, 'avg_crds_cf_distance': 0.10714080184698105, 'num_valid_crds_neg': 196.0, 'epoch': 0.32}
{'loss': 0.0253, 'grad_norm': 0.1357421875, 'learning_rate': 9e-05, 'loss_simcse': 0.0250244140625, 'loss_crds': 0.02821901999413967, 'loss_total': 0.02530660480260849, 'avg_crds_neg_weight': 0.1496904492378235, 'avg_crds_reliability': 0.464630126953125, 'avg_crds_semantic_similarity': 0.4518464505672455, 'avg_crds_cf_distance': 0.09933342784643173, 'num_valid_crds_neg': 202.0, 'epoch': 0.32}
{'loss': 0.0255, 'grad_norm': 0.091796875, 'learning_rate': 9.066666666666667e-05, 'loss_simcse': 0.0252685546875, 'loss_crds': 0.025817900896072388, 'loss_total': 0.025526734068989754, 'avg_crds_neg_weight': 0.14111334085464478, 'avg_crds_reliability': 0.4474104940891266, 'avg_crds_semantic_similarity': 0.4355575740337372, 'avg_crds_cf_distance': 0.10181274265050888, 'num_valid_crds_neg': 188.0, 'epoch': 0.32}
{'loss': 0.0246, 'grad_norm': 0.08935546875, 'learning_rate': 9.133333333333334e-05, 'loss_simcse': 0.0244140625, 'loss_crds': 0.020431386306881905, 'loss_total': 0.024618376046419144, 'avg_crds_neg_weight': 0.13160257041454315, 'avg_crds_reliability': 0.4269932210445404, 'avg_crds_semantic_similarity': 0.4449097216129303, 'avg_crds_cf_distance': 0.10145509243011475, 'num_valid_crds_neg': 184.0, 'epoch': 0.32}
{'loss': 0.0251, 'grad_norm': 0.0859375, 'learning_rate': 9.200000000000001e-05, 'loss_simcse': 0.0247802734375, 'loss_crds': 0.027587976306676865, 'loss_total': 0.025056153535842896, 'avg_crds_neg_weight': 0.14488016068935394, 'avg_crds_reliability': 0.4548281729221344, 'avg_crds_semantic_similarity': 0.4504677355289459, 'avg_crds_cf_distance': 0.10450085997581482, 'num_valid_crds_neg': 166.0, 'epoch': 0.32}
{'loss': 0.0296, 'grad_norm': 0.294921875, 'learning_rate': 9.266666666666666e-05, 'loss_simcse': 0.0294189453125, 'loss_crds': 0.017063673585653305, 'loss_total': 0.029589582234621048, 'avg_crds_neg_weight': 0.1314970850944519, 'avg_crds_reliability': 0.4274114966392517, 'avg_crds_semantic_similarity': 0.4259337782859802, 'avg_crds_cf_distance': 0.10106480121612549, 'num_valid_crds_neg': 174.0, 'epoch': 0.33}
{'loss': 0.0251, 'grad_norm': 0.08740234375, 'learning_rate': 9.333333333333334e-05, 'loss_simcse': 0.02490234375, 'loss_crds': 0.023115841671824455, 'loss_total': 0.02513350173830986, 'avg_crds_neg_weight': 0.13946868479251862, 'avg_crds_reliability': 0.44538983702659607, 'avg_crds_semantic_similarity': 0.44914519786834717, 'avg_crds_cf_distance': 0.10558038204908371, 'num_valid_crds_neg': 148.0, 'epoch': 0.33}
{'loss': 0.0251, 'grad_norm': 0.083984375, 'learning_rate': 9.4e-05, 'loss_simcse': 0.02490234375, 'loss_crds': 0.02399268001317978, 'loss_total': 0.02514227107167244, 'avg_crds_neg_weight': 0.13909511268138885, 'avg_crds_reliability': 0.44067445397377014, 'avg_crds_semantic_similarity': 0.45043274760246277, 'avg_crds_cf_distance': 0.10901543498039246, 'num_valid_crds_neg': 164.0, 'epoch': 0.33}
{'loss': 0.0262, 'grad_norm': 0.10302734375, 'learning_rate': 9.466666666666667e-05, 'loss_simcse': 0.0260009765625, 'loss_crds': 0.017777055501937866, 'loss_total': 0.026178747415542603, 'avg_crds_neg_weight': 0.13405504822731018, 'avg_crds_reliability': 0.4368424117565155, 'avg_crds_semantic_similarity': 0.4254857003688812, 'avg_crds_cf_distance': 0.10220400989055634, 'num_valid_crds_neg': 176.0, 'epoch': 0.33}
{'loss': 0.0327, 'grad_norm': 0.80078125, 'learning_rate': 9.533333333333334e-05, 'loss_simcse': 0.032470703125, 'loss_crds': 0.02644726261496544, 'loss_total': 0.032735176384449005, 'avg_crds_neg_weight': 0.1434330940246582, 'avg_crds_reliability': 0.457841157913208, 'avg_crds_semantic_similarity': 0.4401286542415619, 'avg_crds_cf_distance': 0.10272940248250961, 'num_valid_crds_neg': 168.0, 'epoch': 0.34}
{'loss': 0.025, 'grad_norm': 0.1044921875, 'learning_rate': 9.6e-05, 'loss_simcse': 0.0247802734375, 'loss_crds': 0.02360495552420616, 'loss_total': 0.02501632273197174, 'avg_crds_neg_weight': 0.13461171090602875, 'avg_crds_reliability': 0.43203455209732056, 'avg_crds_semantic_similarity': 0.43718212842941284, 'avg_crds_cf_distance': 0.10538987815380096, 'num_valid_crds_neg': 196.0, 'epoch': 0.34}
{'loss': 0.0272, 'grad_norm': 0.11181640625, 'learning_rate': 9.666666666666667e-05, 'loss_simcse': 0.0269775390625, 'loss_crds': 0.02240177057683468, 'loss_total': 0.027201557531952858, 'avg_crds_neg_weight': 0.13165245950222015, 'avg_crds_reliability': 0.41998395323753357, 'avg_crds_semantic_similarity': 0.4430486559867859, 'avg_crds_cf_distance': 0.09747961908578873, 'num_valid_crds_neg': 162.0, 'epoch': 0.34}
{'loss': 0.0298, 'grad_norm': 0.6015625, 'learning_rate': 9.733333333333335e-05, 'loss_simcse': 0.029541015625, 'loss_crds': 0.023338351398706436, 'loss_total': 0.02977439947426319, 'avg_crds_neg_weight': 0.1442863792181015, 'avg_crds_reliability': 0.4484574794769287, 'avg_crds_semantic_similarity': 0.42791756987571716, 'avg_crds_cf_distance': 0.10754497349262238, 'num_valid_crds_neg': 174.0, 'epoch': 0.34}
{'loss': 0.0286, 'grad_norm': 0.11279296875, 'learning_rate': 9.8e-05, 'loss_simcse': 0.0283203125, 'loss_crds': 0.025999542325735092, 'loss_total': 0.028580307960510254, 'avg_crds_neg_weight': 0.13501492142677307, 'avg_crds_reliability': 0.43697643280029297, 'avg_crds_semantic_similarity': 0.44847455620765686, 'avg_crds_cf_distance': 0.0945122018456459, 'num_valid_crds_neg': 160.0, 'epoch': 0.35}
{'loss': 0.0283, 'grad_norm': 0.09228515625, 'learning_rate': 9.866666666666668e-05, 'loss_simcse': 0.028076171875, 'loss_crds': 0.026636606082320213, 'loss_total': 0.028342537581920624, 'avg_crds_neg_weight': 0.1389554888010025, 'avg_crds_reliability': 0.43434563279151917, 'avg_crds_semantic_similarity': 0.45907101035118103, 'avg_crds_cf_distance': 0.09964756667613983, 'num_valid_crds_neg': 174.0, 'epoch': 0.35}
{'loss': 0.0241, 'grad_norm': 0.09716796875, 'learning_rate': 9.933333333333334e-05, 'loss_simcse': 0.02392578125, 'loss_crds': 0.015391009859740734, 'loss_total': 0.024079691618680954, 'avg_crds_neg_weight': 0.13117757439613342, 'avg_crds_reliability': 0.4316703677177429, 'avg_crds_semantic_similarity': 0.41078221797943115, 'avg_crds_cf_distance': 0.11175502836704254, 'num_valid_crds_neg': 176.0, 'epoch': 0.35}
{'loss': 0.0293, 'grad_norm': 0.330078125, 'learning_rate': 0.0001, 'loss_simcse': 0.029052734375, 'loss_crds': 0.026535043492913246, 'loss_total': 0.029318084940314293, 'avg_crds_neg_weight': 0.13648734986782074, 'avg_crds_reliability': 0.44166889786720276, 'avg_crds_semantic_similarity': 0.4365508258342743, 'avg_crds_cf_distance': 0.1016993597149849, 'num_valid_crds_neg': 196.0, 'epoch': 0.35}
{'loss': 0.0248, 'grad_norm': 0.1259765625, 'learning_rate': 0.00010066666666666667, 'loss_simcse': 0.0245361328125, 'loss_crds': 0.0256598312407732, 'loss_total': 0.024792730808258057, 'avg_crds_neg_weight': 0.14198453724384308, 'avg_crds_reliability': 0.44067978858947754, 'avg_crds_semantic_similarity': 0.4549296200275421, 'avg_crds_cf_distance': 0.1005941703915596, 'num_valid_crds_neg': 194.0, 'epoch': 0.36}
{'loss': 0.029, 'grad_norm': 0.201171875, 'learning_rate': 0.00010133333333333335, 'loss_simcse': 0.02880859375, 'loss_crds': 0.022214116528630257, 'loss_total': 0.029030734673142433, 'avg_crds_neg_weight': 0.14628483355045319, 'avg_crds_reliability': 0.45516857504844666, 'avg_crds_semantic_similarity': 0.4364529848098755, 'avg_crds_cf_distance': 0.11503388732671738, 'num_valid_crds_neg': 196.0, 'epoch': 0.36}
{'loss': 0.0251, 'grad_norm': 0.10302734375, 'learning_rate': 0.00010200000000000001, 'loss_simcse': 0.0247802734375, 'loss_crds': 0.02704291231930256, 'loss_total': 0.025050703436136246, 'avg_crds_neg_weight': 0.14485695958137512, 'avg_crds_reliability': 0.455648273229599, 'avg_crds_semantic_similarity': 0.43511122465133667, 'avg_crds_cf_distance': 0.10147511959075928, 'num_valid_crds_neg': 164.0, 'epoch': 0.36}
{'loss': 0.0241, 'grad_norm': 0.095703125, 'learning_rate': 0.00010266666666666666, 'loss_simcse': 0.02392578125, 'loss_crds': 0.02067229524254799, 'loss_total': 0.02413250505924225, 'avg_crds_neg_weight': 0.13605116307735443, 'avg_crds_reliability': 0.442012220621109, 'avg_crds_semantic_similarity': 0.41598811745643616, 'avg_crds_cf_distance': 0.1047692596912384, 'num_valid_crds_neg': 178.0, 'epoch': 0.36}
{'loss': 0.0238, 'grad_norm': 0.10302734375, 'learning_rate': 0.00010333333333333334, 'loss_simcse': 0.0235595703125, 'loss_crds': 0.02063114568591118, 'loss_total': 0.02376588247716427, 'avg_crds_neg_weight': 0.144672691822052, 'avg_crds_reliability': 0.46474897861480713, 'avg_crds_semantic_similarity': 0.42814499139785767, 'avg_crds_cf_distance': 0.1022733747959137, 'num_valid_crds_neg': 200.0, 'epoch': 0.36}
{'loss': 0.024, 'grad_norm': 0.09423828125, 'learning_rate': 0.00010400000000000001, 'loss_simcse': 0.0238037109375, 'loss_crds': 0.021807579323649406, 'loss_total': 0.02402178756892681, 'avg_crds_neg_weight': 0.13450397551059723, 'avg_crds_reliability': 0.4196619689464569, 'avg_crds_semantic_similarity': 0.42218491435050964, 'avg_crds_cf_distance': 0.11282949894666672, 'num_valid_crds_neg': 158.0, 'epoch': 0.37}
{'loss': 0.0236, 'grad_norm': 0.09326171875, 'learning_rate': 0.00010466666666666667, 'loss_simcse': 0.0234375, 'loss_crds': 0.019255569204688072, 'loss_total': 0.023630056530237198, 'avg_crds_neg_weight': 0.13696129620075226, 'avg_crds_reliability': 0.4334299564361572, 'avg_crds_semantic_similarity': 0.4217000901699066, 'avg_crds_cf_distance': 0.10595910251140594, 'num_valid_crds_neg': 192.0, 'epoch': 0.37}
{'loss': 0.0273, 'grad_norm': 0.10009765625, 'learning_rate': 0.00010533333333333332, 'loss_simcse': 0.027099609375, 'loss_crds': 0.023796964436769485, 'loss_total': 0.027337579056620598, 'avg_crds_neg_weight': 0.13277235627174377, 'avg_crds_reliability': 0.4422915279865265, 'avg_crds_semantic_similarity': 0.446243554353714, 'avg_crds_cf_distance': 0.1025085598230362, 'num_valid_crds_neg': 170.0, 'epoch': 0.37}
{'loss': 0.0257, 'grad_norm': 0.10107421875, 'learning_rate': 0.00010600000000000002, 'loss_simcse': 0.025390625, 'loss_crds': 0.028825119137763977, 'loss_total': 0.025678876787424088, 'avg_crds_neg_weight': 0.1306878626346588, 'avg_crds_reliability': 0.43330636620521545, 'avg_crds_semantic_similarity': 0.4475789964199066, 'avg_crds_cf_distance': 0.10205843299627304, 'num_valid_crds_neg': 160.0, 'epoch': 0.37}
{'loss': 0.0238, 'grad_norm': 0.099609375, 'learning_rate': 0.00010666666666666667, 'loss_simcse': 0.0235595703125, 'loss_crds': 0.02539394423365593, 'loss_total': 0.023813510313630104, 'avg_crds_neg_weight': 0.13584083318710327, 'avg_crds_reliability': 0.4450239837169647, 'avg_crds_semantic_similarity': 0.4461059272289276, 'avg_crds_cf_distance': 0.09747342020273209, 'num_valid_crds_neg': 206.0, 'epoch': 0.38}
{'loss': 0.0238, 'grad_norm': 0.0927734375, 'learning_rate': 0.00010733333333333333, 'loss_simcse': 0.0235595703125, 'loss_crds': 0.023783570155501366, 'loss_total': 0.023797405883669853, 'avg_crds_neg_weight': 0.15016959607601166, 'avg_crds_reliability': 0.44407451152801514, 'avg_crds_semantic_similarity': 0.4492063522338867, 'avg_crds_cf_distance': 0.11143098026514053, 'num_valid_crds_neg': 164.0, 'epoch': 0.38}
{'loss': 0.0237, 'grad_norm': 0.08251953125, 'learning_rate': 0.00010800000000000001, 'loss_simcse': 0.0234375, 'loss_crds': 0.022995075210928917, 'loss_total': 0.02366745099425316, 'avg_crds_neg_weight': 0.13613161444664001, 'avg_crds_reliability': 0.44132688641548157, 'avg_crds_semantic_similarity': 0.4284023642539978, 'avg_crds_cf_distance': 0.10476048290729523, 'num_valid_crds_neg': 184.0, 'epoch': 0.38}
{'loss': 0.0237, 'grad_norm': 0.166015625, 'learning_rate': 0.00010866666666666667, 'loss_simcse': 0.0234375, 'loss_crds': 0.028799673542380333, 'loss_total': 0.023725496605038643, 'avg_crds_neg_weight': 0.14010056853294373, 'avg_crds_reliability': 0.4454805254936218, 'avg_crds_semantic_similarity': 0.44304946064949036, 'avg_crds_cf_distance': 0.10539431869983673, 'num_valid_crds_neg': 174.0, 'epoch': 0.38}
{'loss': 0.0238, 'grad_norm': 0.0947265625, 'learning_rate': 0.00010933333333333333, 'loss_simcse': 0.0235595703125, 'loss_crds': 0.025999393314123154, 'loss_total': 0.023819563910365105, 'avg_crds_neg_weight': 0.14079615473747253, 'avg_crds_reliability': 0.4626610279083252, 'avg_crds_semantic_similarity': 0.43271565437316895, 'avg_crds_cf_distance': 0.10511855036020279, 'num_valid_crds_neg': 148.0, 'epoch': 0.39}
{'loss': 0.0235, 'grad_norm': 0.09765625, 'learning_rate': 0.00011000000000000002, 'loss_simcse': 0.0233154296875, 'loss_crds': 0.01898619346320629, 'loss_total': 0.02350529097020626, 'avg_crds_neg_weight': 0.13911661505699158, 'avg_crds_reliability': 0.45045146346092224, 'avg_crds_semantic_similarity': 0.4160808324813843, 'avg_crds_cf_distance': 0.1012197956442833, 'num_valid_crds_neg': 168.0, 'epoch': 0.39}
{'loss': 0.0236, 'grad_norm': 0.09716796875, 'learning_rate': 0.00011066666666666667, 'loss_simcse': 0.0233154296875, 'loss_crds': 0.023518262431025505, 'loss_total': 0.02355061285197735, 'avg_crds_neg_weight': 0.14083756506443024, 'avg_crds_reliability': 0.4361205995082855, 'avg_crds_semantic_similarity': 0.44428667426109314, 'avg_crds_cf_distance': 0.10166922956705093, 'num_valid_crds_neg': 186.0, 'epoch': 0.39}
{'loss': 0.0285, 'grad_norm': 0.1171875, 'learning_rate': 0.00011133333333333333, 'loss_simcse': 0.0281982421875, 'loss_crds': 0.029101742431521416, 'loss_total': 0.028489260002970695, 'avg_crds_neg_weight': 0.13797439634799957, 'avg_crds_reliability': 0.44661521911621094, 'avg_crds_semantic_similarity': 0.45989367365837097, 'avg_crds_cf_distance': 0.09662695974111557, 'num_valid_crds_neg': 170.0, 'epoch': 0.39}
{'loss': 0.0229, 'grad_norm': 0.083984375, 'learning_rate': 0.00011200000000000001, 'loss_simcse': 0.0225830078125, 'loss_crds': 0.027369648218154907, 'loss_total': 0.022856704890727997, 'avg_crds_neg_weight': 0.13689015805721283, 'avg_crds_reliability': 0.4400859773159027, 'avg_crds_semantic_similarity': 0.4653012752532959, 'avg_crds_cf_distance': 0.1033506765961647, 'num_valid_crds_neg': 212.0, 'epoch': 0.4}
{'loss': 0.0242, 'grad_norm': 0.09619140625, 'learning_rate': 0.00011266666666666668, 'loss_simcse': 0.02392578125, 'loss_crds': 0.0237156692892313, 'loss_total': 0.024162938818335533, 'avg_crds_neg_weight': 0.13870805501937866, 'avg_crds_reliability': 0.4213312268257141, 'avg_crds_semantic_similarity': 0.4542335867881775, 'avg_crds_cf_distance': 0.1047949343919754, 'num_valid_crds_neg': 214.0, 'epoch': 0.4}
{'loss': 0.0229, 'grad_norm': 0.09375, 'learning_rate': 0.00011333333333333334, 'loss_simcse': 0.0225830078125, 'loss_crds': 0.027567420154809952, 'loss_total': 0.02285868115723133, 'avg_crds_neg_weight': 0.13901424407958984, 'avg_crds_reliability': 0.4376257658004761, 'avg_crds_semantic_similarity': 0.42731812596321106, 'avg_crds_cf_distance': 0.10708514600992203, 'num_valid_crds_neg': 180.0, 'epoch': 0.4}
{'loss': 0.023, 'grad_norm': 0.08642578125, 'learning_rate': 0.00011399999999999999, 'loss_simcse': 0.0228271484375, 'loss_crds': 0.02190423384308815, 'loss_total': 0.023046189919114113, 'avg_crds_neg_weight': 0.13251100480556488, 'avg_crds_reliability': 0.4258597791194916, 'avg_crds_semantic_similarity': 0.43470320105552673, 'avg_crds_cf_distance': 0.10091247409582138, 'num_valid_crds_neg': 168.0, 'epoch': 0.4}
{'loss': 0.0236, 'grad_norm': 0.09033203125, 'learning_rate': 0.00011466666666666667, 'loss_simcse': 0.0233154296875, 'loss_crds': 0.0238150916993618, 'loss_total': 0.023553580045700073, 'avg_crds_neg_weight': 0.13352368772029877, 'avg_crds_reliability': 0.4253452718257904, 'avg_crds_semantic_similarity': 0.4546878933906555, 'avg_crds_cf_distance': 0.09568647295236588, 'num_valid_crds_neg': 160.0, 'epoch': 0.4}
{'loss': 0.0222, 'grad_norm': 0.08349609375, 'learning_rate': 0.00011533333333333334, 'loss_simcse': 0.02197265625, 'loss_crds': 0.017739618197083473, 'loss_total': 0.022150052711367607, 'avg_crds_neg_weight': 0.13500745594501495, 'avg_crds_reliability': 0.43438783288002014, 'avg_crds_semantic_similarity': 0.42379897832870483, 'avg_crds_cf_distance': 0.1042557805776596, 'num_valid_crds_neg': 194.0, 'epoch': 0.41}
{'loss': 0.0238, 'grad_norm': 0.10205078125, 'learning_rate': 0.000116, 'loss_simcse': 0.0235595703125, 'loss_crds': 0.02509358525276184, 'loss_total': 0.023810505867004395, 'avg_crds_neg_weight': 0.1407998502254486, 'avg_crds_reliability': 0.43566593527793884, 'avg_crds_semantic_similarity': 0.4481775164604187, 'avg_crds_cf_distance': 0.10279875248670578, 'num_valid_crds_neg': 192.0, 'epoch': 0.41}
{'loss': 0.0254, 'grad_norm': 0.10498046875, 'learning_rate': 0.00011666666666666668, 'loss_simcse': 0.025146484375, 'loss_crds': 0.023428170010447502, 'loss_total': 0.02538076601922512, 'avg_crds_neg_weight': 0.13235428929328918, 'avg_crds_reliability': 0.4184895157814026, 'avg_crds_semantic_similarity': 0.4532696306705475, 'avg_crds_cf_distance': 0.09604049474000931, 'num_valid_crds_neg': 180.0, 'epoch': 0.41}
{'loss': 0.0231, 'grad_norm': 0.0888671875, 'learning_rate': 0.00011733333333333334, 'loss_simcse': 0.0228271484375, 'loss_crds': 0.02671685442328453, 'loss_total': 0.023094316944479942, 'avg_crds_neg_weight': 0.1461828649044037, 'avg_crds_reliability': 0.46071380376815796, 'avg_crds_semantic_similarity': 0.45661064982414246, 'avg_crds_cf_distance': 0.10819361358880997, 'num_valid_crds_neg': 188.0, 'epoch': 0.41}
{'loss': 0.0246, 'grad_norm': 0.12158203125, 'learning_rate': 0.000118, 'loss_simcse': 0.0242919921875, 'loss_crds': 0.026903294026851654, 'loss_total': 0.024561025202274323, 'avg_crds_neg_weight': 0.13951753079891205, 'avg_crds_reliability': 0.4219200313091278, 'avg_crds_semantic_similarity': 0.4579935669898987, 'avg_crds_cf_distance': 0.10908804833889008, 'num_valid_crds_neg': 182.0, 'epoch': 0.42}
{'loss': 0.0228, 'grad_norm': 0.0927734375, 'learning_rate': 0.00011866666666666669, 'loss_simcse': 0.0225830078125, 'loss_crds': 0.022869108244776726, 'loss_total': 0.02281169965863228, 'avg_crds_neg_weight': 0.1421227902173996, 'avg_crds_reliability': 0.4483322501182556, 'avg_crds_semantic_similarity': 0.4423350691795349, 'avg_crds_cf_distance': 0.10720546543598175, 'num_valid_crds_neg': 174.0, 'epoch': 0.42}
{'loss': 0.023, 'grad_norm': 0.1103515625, 'learning_rate': 0.00011933333333333334, 'loss_simcse': 0.022705078125, 'loss_crds': 0.028617963194847107, 'loss_total': 0.022991258651018143, 'avg_crds_neg_weight': 0.14118312299251556, 'avg_crds_reliability': 0.4389551281929016, 'avg_crds_semantic_similarity': 0.4576399326324463, 'avg_crds_cf_distance': 0.10159449279308319, 'num_valid_crds_neg': 166.0, 'epoch': 0.42}
{'loss': 0.0251, 'grad_norm': 0.1142578125, 'learning_rate': 0.00012, 'loss_simcse': 0.02490234375, 'loss_crds': 0.022416245192289352, 'loss_total': 0.02512650564312935, 'avg_crds_neg_weight': 0.13719548285007477, 'avg_crds_reliability': 0.439749151468277, 'avg_crds_semantic_similarity': 0.4465954601764679, 'avg_crds_cf_distance': 0.10286911576986313, 'num_valid_crds_neg': 190.0, 'epoch': 0.42}
{'loss': 0.0229, 'grad_norm': 0.10009765625, 'learning_rate': 0.00012066666666666668, 'loss_simcse': 0.022705078125, 'loss_crds': 0.0244807917624712, 'loss_total': 0.022949885576963425, 'avg_crds_neg_weight': 0.14300289750099182, 'avg_crds_reliability': 0.45450401306152344, 'avg_crds_semantic_similarity': 0.4451286196708679, 'avg_crds_cf_distance': 0.10634274035692215, 'num_valid_crds_neg': 182.0, 'epoch': 0.43}
{'loss': 0.0227, 'grad_norm': 0.09423828125, 'learning_rate': 0.00012133333333333335, 'loss_simcse': 0.0224609375, 'loss_crds': 0.022144682705402374, 'loss_total': 0.02268238365650177, 'avg_crds_neg_weight': 0.1324560046195984, 'avg_crds_reliability': 0.44383302330970764, 'avg_crds_semantic_similarity': 0.4418644607067108, 'avg_crds_cf_distance': 0.09551811218261719, 'num_valid_crds_neg': 166.0, 'epoch': 0.43}
{'loss': 0.0241, 'grad_norm': 0.251953125, 'learning_rate': 0.000122, 'loss_simcse': 0.02392578125, 'loss_crds': 0.021500952541828156, 'loss_total': 0.024140790104866028, 'avg_crds_neg_weight': 0.1355663686990738, 'avg_crds_reliability': 0.43214938044548035, 'avg_crds_semantic_similarity': 0.43644464015960693, 'avg_crds_cf_distance': 0.09838475286960602, 'num_valid_crds_neg': 182.0, 'epoch': 0.43}
{'loss': 0.0248, 'grad_norm': 0.2890625, 'learning_rate': 0.00012266666666666668, 'loss_simcse': 0.024658203125, 'loss_crds': 0.016912879422307014, 'loss_total': 0.02482733130455017, 'avg_crds_neg_weight': 0.12740817666053772, 'avg_crds_reliability': 0.40862393379211426, 'avg_crds_semantic_similarity': 0.4338546395301819, 'avg_crds_cf_distance': 0.10354787856340408, 'num_valid_crds_neg': 176.0, 'epoch': 0.43}
{'loss': 0.025, 'grad_norm': 0.12158203125, 'learning_rate': 0.00012333333333333334, 'loss_simcse': 0.0247802734375, 'loss_crds': 0.02479330077767372, 'loss_total': 0.025028206408023834, 'avg_crds_neg_weight': 0.14469894766807556, 'avg_crds_reliability': 0.46361976861953735, 'avg_crds_semantic_similarity': 0.44225889444351196, 'avg_crds_cf_distance': 0.11161960661411285, 'num_valid_crds_neg': 200.0, 'epoch': 0.44}
{'loss': 0.0236, 'grad_norm': 0.1396484375, 'learning_rate': 0.000124, 'loss_simcse': 0.0234375, 'loss_crds': 0.020936081185936928, 'loss_total': 0.02364686131477356, 'avg_crds_neg_weight': 0.14651721715927124, 'avg_crds_reliability': 0.46879106760025024, 'avg_crds_semantic_similarity': 0.45692703127861023, 'avg_crds_cf_distance': 0.11024562269449234, 'num_valid_crds_neg': 188.0, 'epoch': 0.44}
{'loss': 0.0304, 'grad_norm': 0.1083984375, 'learning_rate': 0.00012466666666666667, 'loss_simcse': 0.0301513671875, 'loss_crds': 0.023918991908431053, 'loss_total': 0.030390556901693344, 'avg_crds_neg_weight': 0.13671734929084778, 'avg_crds_reliability': 0.436509907245636, 'avg_crds_semantic_similarity': 0.4424542188644409, 'avg_crds_cf_distance': 0.09844817221164703, 'num_valid_crds_neg': 166.0, 'epoch': 0.44}
{'loss': 0.0327, 'grad_norm': 0.12353515625, 'learning_rate': 0.00012533333333333334, 'loss_simcse': 0.032470703125, 'loss_crds': 0.021367937326431274, 'loss_total': 0.03268438205122948, 'avg_crds_neg_weight': 0.14147885143756866, 'avg_crds_reliability': 0.43147099018096924, 'avg_crds_semantic_similarity': 0.43942663073539734, 'avg_crds_cf_distance': 0.11639149487018585, 'num_valid_crds_neg': 164.0, 'epoch': 0.44}
{'loss': 0.0222, 'grad_norm': 0.08935546875, 'learning_rate': 0.000126, 'loss_simcse': 0.02197265625, 'loss_crds': 0.024117110297083855, 'loss_total': 0.022213827818632126, 'avg_crds_neg_weight': 0.13515400886535645, 'avg_crds_reliability': 0.4368927478790283, 'avg_crds_semantic_similarity': 0.45965948700904846, 'avg_crds_cf_distance': 0.09820923209190369, 'num_valid_crds_neg': 120.0, 'epoch': 0.44}
{'loss': 0.0219, 'grad_norm': 0.08740234375, 'learning_rate': 0.00012666666666666666, 'loss_simcse': 0.021728515625, 'loss_crds': 0.017645128071308136, 'loss_total': 0.021904967725276947, 'avg_crds_neg_weight': 0.14100518822669983, 'avg_crds_reliability': 0.44791632890701294, 'avg_crds_semantic_similarity': 0.42180734872817993, 'avg_crds_cf_distance': 0.10923632979393005, 'num_valid_crds_neg': 182.0, 'epoch': 0.45}
{'loss': 0.0235, 'grad_norm': 0.12158203125, 'learning_rate': 0.00012733333333333336, 'loss_simcse': 0.0233154296875, 'loss_crds': 0.016842231154441833, 'loss_total': 0.023483851924538612, 'avg_crds_neg_weight': 0.1320658028125763, 'avg_crds_reliability': 0.44101741909980774, 'avg_crds_semantic_similarity': 0.4145157039165497, 'avg_crds_cf_distance': 0.10227496176958084, 'num_valid_crds_neg': 170.0, 'epoch': 0.45}
{'loss': 0.0229, 'grad_norm': 0.322265625, 'learning_rate': 0.00012800000000000002, 'loss_simcse': 0.022705078125, 'loss_crds': 0.01839081384241581, 'loss_total': 0.02288898639380932, 'avg_crds_neg_weight': 0.13611751794815063, 'avg_crds_reliability': 0.44555437564849854, 'avg_crds_semantic_similarity': 0.4272715747356415, 'avg_crds_cf_distance': 0.10299500077962875, 'num_valid_crds_neg': 186.0, 'epoch': 0.45}
{'loss': 0.0229, 'grad_norm': 0.1123046875, 'learning_rate': 0.00012866666666666666, 'loss_simcse': 0.022705078125, 'loss_crds': 0.020650768652558327, 'loss_total': 0.022911585867404938, 'avg_crds_neg_weight': 0.14409995079040527, 'avg_crds_reliability': 0.4482230544090271, 'avg_crds_semantic_similarity': 0.4391196370124817, 'avg_crds_cf_distance': 0.10687267780303955, 'num_valid_crds_neg': 174.0, 'epoch': 0.45}
{'loss': 0.0232, 'grad_norm': 0.30078125, 'learning_rate': 0.00012933333333333332, 'loss_simcse': 0.02294921875, 'loss_crds': 0.029886946082115173, 'loss_total': 0.023248087614774704, 'avg_crds_neg_weight': 0.13931308686733246, 'avg_crds_reliability': 0.4297364354133606, 'avg_crds_semantic_similarity': 0.4577063024044037, 'avg_crds_cf_distance': 0.10144031792879105, 'num_valid_crds_neg': 164.0, 'epoch': 0.46}
{'loss': 0.0222, 'grad_norm': 0.10986328125, 'learning_rate': 0.00013000000000000002, 'loss_simcse': 0.02197265625, 'loss_crds': 0.023132238537073135, 'loss_total': 0.022203978151082993, 'avg_crds_neg_weight': 0.14540430903434753, 'avg_crds_reliability': 0.4498575031757355, 'avg_crds_semantic_similarity': 0.4420524835586548, 'avg_crds_cf_distance': 0.10877075791358948, 'num_valid_crds_neg': 172.0, 'epoch': 0.46}
{'loss': 0.023, 'grad_norm': 0.10693359375, 'learning_rate': 0.00013066666666666668, 'loss_simcse': 0.0228271484375, 'loss_crds': 0.020662933588027954, 'loss_total': 0.023033777251839638, 'avg_crds_neg_weight': 0.1377994269132614, 'avg_crds_reliability': 0.4408580958843231, 'avg_crds_semantic_similarity': 0.42472657561302185, 'avg_crds_cf_distance': 0.10501838475465775, 'num_valid_crds_neg': 180.0, 'epoch': 0.46}
{'loss': 0.0233, 'grad_norm': 0.10986328125, 'learning_rate': 0.00013133333333333332, 'loss_simcse': 0.0230712890625, 'loss_crds': 0.023833507671952248, 'loss_total': 0.023309623822569847, 'avg_crds_neg_weight': 0.13217200338840485, 'avg_crds_reliability': 0.4234817922115326, 'avg_crds_semantic_similarity': 0.45729708671569824, 'avg_crds_cf_distance': 0.09653101116418839, 'num_valid_crds_neg': 172.0, 'epoch': 0.46}
{'loss': 0.027, 'grad_norm': 0.0888671875, 'learning_rate': 0.000132, 'loss_simcse': 0.02685546875, 'loss_crds': 0.015347611159086227, 'loss_total': 0.027008945122361183, 'avg_crds_neg_weight': 0.13831233978271484, 'avg_crds_reliability': 0.43464115262031555, 'avg_crds_semantic_similarity': 0.44318079948425293, 'avg_crds_cf_distance': 0.10892057418823242, 'num_valid_crds_neg': 176.0, 'epoch': 0.47}
{'loss': 0.0219, 'grad_norm': 0.119140625, 'learning_rate': 0.00013266666666666667, 'loss_simcse': 0.021728515625, 'loss_crds': 0.020490406081080437, 'loss_total': 0.02193341962993145, 'avg_crds_neg_weight': 0.14092004299163818, 'avg_crds_reliability': 0.4417587220668793, 'avg_crds_semantic_similarity': 0.4475930631160736, 'avg_crds_cf_distance': 0.10237956047058105, 'num_valid_crds_neg': 174.0, 'epoch': 0.47}
{'loss': 0.0225, 'grad_norm': 0.1142578125, 'learning_rate': 0.00013333333333333334, 'loss_simcse': 0.0223388671875, 'loss_crds': 0.020343557000160217, 'loss_total': 0.022542303428053856, 'avg_crds_neg_weight': 0.13500171899795532, 'avg_crds_reliability': 0.4407110810279846, 'avg_crds_semantic_similarity': 0.43075641989707947, 'avg_crds_cf_distance': 0.10114435851573944, 'num_valid_crds_neg': 188.0, 'epoch': 0.47}
{'loss': 0.0233, 'grad_norm': 0.5625, 'learning_rate': 0.000134, 'loss_simcse': 0.0230712890625, 'loss_crds': 0.02278328500688076, 'loss_total': 0.023299122229218483, 'avg_crds_neg_weight': 0.13605749607086182, 'avg_crds_reliability': 0.4400686025619507, 'avg_crds_semantic_similarity': 0.43059009313583374, 'avg_crds_cf_distance': 0.10326443612575531, 'num_valid_crds_neg': 152.0, 'epoch': 0.47}
{'loss': 0.0217, 'grad_norm': 0.087890625, 'learning_rate': 0.00013466666666666667, 'loss_simcse': 0.021484375, 'loss_crds': 0.0231341402977705, 'loss_total': 0.021715715527534485, 'avg_crds_neg_weight': 0.1469142735004425, 'avg_crds_reliability': 0.4550503194332123, 'avg_crds_semantic_similarity': 0.45861703157424927, 'avg_crds_cf_distance': 0.1017795279622078, 'num_valid_crds_neg': 158.0, 'epoch': 0.48}
{'loss': 0.0244, 'grad_norm': 0.1181640625, 'learning_rate': 0.00013533333333333333, 'loss_simcse': 0.024169921875, 'loss_crds': 0.023579297587275505, 'loss_total': 0.024405714124441147, 'avg_crds_neg_weight': 0.1386743187904358, 'avg_crds_reliability': 0.4421977400779724, 'avg_crds_semantic_similarity': 0.4338035583496094, 'avg_crds_cf_distance': 0.10651464015245438, 'num_valid_crds_neg': 178.0, 'epoch': 0.48}
{'loss': 0.0228, 'grad_norm': 0.10986328125, 'learning_rate': 0.00013600000000000003, 'loss_simcse': 0.0225830078125, 'loss_crds': 0.01916036754846573, 'loss_total': 0.02277461066842079, 'avg_crds_neg_weight': 0.1424509733915329, 'avg_crds_reliability': 0.4675893187522888, 'avg_crds_semantic_similarity': 0.4373757839202881, 'avg_crds_cf_distance': 0.11549852788448334, 'num_valid_crds_neg': 174.0, 'epoch': 0.48}
{'loss': 0.0226, 'grad_norm': 0.1005859375, 'learning_rate': 0.00013666666666666666, 'loss_simcse': 0.0223388671875, 'loss_crds': 0.02237483114004135, 'loss_total': 0.02256261557340622, 'avg_crds_neg_weight': 0.13761374354362488, 'avg_crds_reliability': 0.4454110264778137, 'avg_crds_semantic_similarity': 0.4400247037410736, 'avg_crds_cf_distance': 0.11309794336557388, 'num_valid_crds_neg': 170.0, 'epoch': 0.48}
{'loss': 0.023, 'grad_norm': 0.10546875, 'learning_rate': 0.00013733333333333333, 'loss_simcse': 0.0228271484375, 'loss_crds': 0.01932671293616295, 'loss_total': 0.023020416498184204, 'avg_crds_neg_weight': 0.13743075728416443, 'avg_crds_reliability': 0.4410333037376404, 'avg_crds_semantic_similarity': 0.4258672595024109, 'avg_crds_cf_distance': 0.10694870352745056, 'num_valid_crds_neg': 176.0, 'epoch': 0.48}
{'loss': 0.0323, 'grad_norm': 0.10791015625, 'learning_rate': 0.000138, 'loss_simcse': 0.031982421875, 'loss_crds': 0.027861593291163445, 'loss_total': 0.03226103633642197, 'avg_crds_neg_weight': 0.14156758785247803, 'avg_crds_reliability': 0.43016088008880615, 'avg_crds_semantic_similarity': 0.4517369270324707, 'avg_crds_cf_distance': 0.09922411292791367, 'num_valid_crds_neg': 174.0, 'epoch': 0.49}
{'loss': 0.0253, 'grad_norm': 0.12158203125, 'learning_rate': 0.00013866666666666669, 'loss_simcse': 0.025146484375, 'loss_crds': 0.017392775043845177, 'loss_total': 0.02532041259109974, 'avg_crds_neg_weight': 0.13232164084911346, 'avg_crds_reliability': 0.4345901608467102, 'avg_crds_semantic_similarity': 0.4250986874103546, 'avg_crds_cf_distance': 0.0993950217962265, 'num_valid_crds_neg': 182.0, 'epoch': 0.49}
{'loss': 0.0212, 'grad_norm': 0.0830078125, 'learning_rate': 0.00013933333333333335, 'loss_simcse': 0.02099609375, 'loss_crds': 0.02087169513106346, 'loss_total': 0.021204810589551926, 'avg_crds_neg_weight': 0.1346524953842163, 'avg_crds_reliability': 0.43904903531074524, 'avg_crds_semantic_similarity': 0.42908602952957153, 'avg_crds_cf_distance': 0.0994134321808815, 'num_valid_crds_neg': 178.0, 'epoch': 0.49}
{'loss': 0.0232, 'grad_norm': 0.10498046875, 'learning_rate': 0.00014, 'loss_simcse': 0.02294921875, 'loss_crds': 0.027481168508529663, 'loss_total': 0.023224029690027237, 'avg_crds_neg_weight': 0.14675305783748627, 'avg_crds_reliability': 0.45773324370384216, 'avg_crds_semantic_similarity': 0.4627726972103119, 'avg_crds_cf_distance': 0.11153323948383331, 'num_valid_crds_neg': 134.0, 'epoch': 0.49}
{'loss': 0.0224, 'grad_norm': 0.09228515625, 'learning_rate': 0.00014066666666666668, 'loss_simcse': 0.022216796875, 'loss_crds': 0.014664125628769398, 'loss_total': 0.022363437339663506, 'avg_crds_neg_weight': 0.13391923904418945, 'avg_crds_reliability': 0.4335557222366333, 'avg_crds_semantic_similarity': 0.4218188524246216, 'avg_crds_cf_distance': 0.10199994593858719, 'num_valid_crds_neg': 184.0, 'epoch': 0.5}
{'loss': 0.0217, 'grad_norm': 0.09521484375, 'learning_rate': 0.00014133333333333334, 'loss_simcse': 0.021484375, 'loss_crds': 0.023173203691840172, 'loss_total': 0.021716106683015823, 'avg_crds_neg_weight': 0.14417140185832977, 'avg_crds_reliability': 0.447488933801651, 'avg_crds_semantic_similarity': 0.4284597635269165, 'avg_crds_cf_distance': 0.1042141243815422, 'num_valid_crds_neg': 168.0, 'epoch': 0.5}
{'loss': 0.0262, 'grad_norm': 0.09716796875, 'learning_rate': 0.000142, 'loss_simcse': 0.0260009765625, 'loss_crds': 0.022904179990291595, 'loss_total': 0.026230018585920334, 'avg_crds_neg_weight': 0.13892541825771332, 'avg_crds_reliability': 0.45541122555732727, 'avg_crds_semantic_similarity': 0.4518391191959381, 'avg_crds_cf_distance': 0.09876877814531326, 'num_valid_crds_neg': 158.0, 'epoch': 0.5}
{'loss': 0.0221, 'grad_norm': 0.09521484375, 'learning_rate': 0.00014266666666666667, 'loss_simcse': 0.0218505859375, 'loss_crds': 0.022926148027181625, 'loss_total': 0.022079847753047943, 'avg_crds_neg_weight': 0.14318209886550903, 'avg_crds_reliability': 0.44219082593917847, 'avg_crds_semantic_similarity': 0.46267297863960266, 'avg_crds_cf_distance': 0.09934058040380478, 'num_valid_crds_neg': 178.0, 'epoch': 0.5}
{'loss': 0.0284, 'grad_norm': 0.76171875, 'learning_rate': 0.00014333333333333334, 'loss_simcse': 0.028076171875, 'loss_crds': 0.030707495287060738, 'loss_total': 0.028383247554302216, 'avg_crds_neg_weight': 0.14100871980190277, 'avg_crds_reliability': 0.4399080276489258, 'avg_crds_semantic_similarity': 0.4537021219730377, 'avg_crds_cf_distance': 0.10019155591726303, 'num_valid_crds_neg': 164.0, 'epoch': 0.51}
{'loss': 0.0217, 'grad_norm': 0.1796875, 'learning_rate': 0.000144, 'loss_simcse': 0.021484375, 'loss_crds': 0.020751332864165306, 'loss_total': 0.021691888570785522, 'avg_crds_neg_weight': 0.13674932718276978, 'avg_crds_reliability': 0.4279981553554535, 'avg_crds_semantic_similarity': 0.4547252655029297, 'avg_crds_cf_distance': 0.10322857648134232, 'num_valid_crds_neg': 196.0, 'epoch': 0.51}
{'loss': 0.0306, 'grad_norm': 0.11474609375, 'learning_rate': 0.0001446666666666667, 'loss_simcse': 0.0303955078125, 'loss_crds': 0.024711083620786667, 'loss_total': 0.030642619356513023, 'avg_crds_neg_weight': 0.1341346949338913, 'avg_crds_reliability': 0.4230382740497589, 'avg_crds_semantic_similarity': 0.46180638670921326, 'avg_crds_cf_distance': 0.09779147803783417, 'num_valid_crds_neg': 178.0, 'epoch': 0.51}
{'loss': 0.0231, 'grad_norm': 0.12109375, 'learning_rate': 0.00014533333333333333, 'loss_simcse': 0.0228271484375, 'loss_crds': 0.023546406999230385, 'loss_total': 0.023062612861394882, 'avg_crds_neg_weight': 0.13698787987232208, 'avg_crds_reliability': 0.436737596988678, 'avg_crds_semantic_similarity': 0.45114409923553467, 'avg_crds_cf_distance': 0.10441083461046219, 'num_valid_crds_neg': 166.0, 'epoch': 0.51}
{'loss': 0.0213, 'grad_norm': 0.0986328125, 'learning_rate': 0.000146, 'loss_simcse': 0.0211181640625, 'loss_crds': 0.02235003560781479, 'loss_total': 0.021341664716601372, 'avg_crds_neg_weight': 0.1359575241804123, 'avg_crds_reliability': 0.43380317091941833, 'avg_crds_semantic_similarity': 0.43881911039352417, 'avg_crds_cf_distance': 0.11136937886476517, 'num_valid_crds_neg': 178.0, 'epoch': 0.52}
{'loss': 0.025, 'grad_norm': 0.09912109375, 'learning_rate': 0.00014666666666666666, 'loss_simcse': 0.0247802734375, 'loss_crds': 0.02384606935083866, 'loss_total': 0.025018734857439995, 'avg_crds_neg_weight': 0.1437457650899887, 'avg_crds_reliability': 0.4643157422542572, 'avg_crds_semantic_similarity': 0.4379672706127167, 'avg_crds_cf_distance': 0.10714346170425415, 'num_valid_crds_neg': 192.0, 'epoch': 0.52}
{'loss': 0.0217, 'grad_norm': 0.10205078125, 'learning_rate': 0.00014733333333333335, 'loss_simcse': 0.021484375, 'loss_crds': 0.02397993393242359, 'loss_total': 0.021724173799157143, 'avg_crds_neg_weight': 0.14422063529491425, 'avg_crds_reliability': 0.4463598132133484, 'avg_crds_semantic_similarity': 0.4557150602340698, 'avg_crds_cf_distance': 0.10654893517494202, 'num_valid_crds_neg': 192.0, 'epoch': 0.52}
{'loss': 0.0215, 'grad_norm': 0.10595703125, 'learning_rate': 0.000148, 'loss_simcse': 0.021240234375, 'loss_crds': 0.02572012133896351, 'loss_total': 0.021497435867786407, 'avg_crds_neg_weight': 0.13626527786254883, 'avg_crds_reliability': 0.4294412434101105, 'avg_crds_semantic_similarity': 0.47002342343330383, 'avg_crds_cf_distance': 0.09758451581001282, 'num_valid_crds_neg': 204.0, 'epoch': 0.52}
{'loss': 0.0216, 'grad_norm': 0.1064453125, 'learning_rate': 0.00014866666666666666, 'loss_simcse': 0.0213623046875, 'loss_crds': 0.022308679297566414, 'loss_total': 0.021585391834378242, 'avg_crds_neg_weight': 0.13603726029396057, 'avg_crds_reliability': 0.43985381722450256, 'avg_crds_semantic_similarity': 0.4413961172103882, 'avg_crds_cf_distance': 0.10315379500389099, 'num_valid_crds_neg': 182.0, 'epoch': 0.52}
{'loss': 0.0218, 'grad_norm': 0.10107421875, 'learning_rate': 0.00014933333333333335, 'loss_simcse': 0.0216064453125, 'loss_crds': 0.021635930985212326, 'loss_total': 0.02182280458509922, 'avg_crds_neg_weight': 0.1372002214193344, 'avg_crds_reliability': 0.4411352574825287, 'avg_crds_semantic_similarity': 0.437090665102005, 'avg_crds_cf_distance': 0.10459491610527039, 'num_valid_crds_neg': 166.0, 'epoch': 0.53}
{'loss': 0.0236, 'grad_norm': 0.107421875, 'learning_rate': 0.00015000000000000001, 'loss_simcse': 0.0233154296875, 'loss_crds': 0.027607109397649765, 'loss_total': 0.023591501638293266, 'avg_crds_neg_weight': 0.15021462738513947, 'avg_crds_reliability': 0.46254870295524597, 'avg_crds_semantic_similarity': 0.4507490396499634, 'avg_crds_cf_distance': 0.11054576933383942, 'num_valid_crds_neg': 170.0, 'epoch': 0.53}
{'loss': 0.0265, 'grad_norm': 0.1328125, 'learning_rate': 0.00015066666666666668, 'loss_simcse': 0.0262451171875, 'loss_crds': 0.02256643772125244, 'loss_total': 0.026470782235264778, 'avg_crds_neg_weight': 0.13780628144741058, 'avg_crds_reliability': 0.4404948353767395, 'avg_crds_semantic_similarity': 0.4513973295688629, 'avg_crds_cf_distance': 0.10173304378986359, 'num_valid_crds_neg': 196.0, 'epoch': 0.53}
{'loss': 0.0225, 'grad_norm': 0.11083984375, 'learning_rate': 0.00015133333333333334, 'loss_simcse': 0.0223388671875, 'loss_crds': 0.01790122501552105, 'loss_total': 0.02251787856221199, 'avg_crds_neg_weight': 0.13628408312797546, 'avg_crds_reliability': 0.4395662546157837, 'avg_crds_semantic_similarity': 0.43115100264549255, 'avg_crds_cf_distance': 0.10219558328390121, 'num_valid_crds_neg': 198.0, 'epoch': 0.53}
{'loss': 0.0231, 'grad_norm': 0.1044921875, 'learning_rate': 0.000152, 'loss_simcse': 0.02294921875, 'loss_crds': 0.017855379730463028, 'loss_total': 0.02312777191400528, 'avg_crds_neg_weight': 0.13982625305652618, 'avg_crds_reliability': 0.4459777772426605, 'avg_crds_semantic_similarity': 0.4590226709842682, 'avg_crds_cf_distance': 0.0916515663266182, 'num_valid_crds_neg': 162.0, 'epoch': 0.54}
{'loss': 0.022, 'grad_norm': 0.1298828125, 'learning_rate': 0.00015266666666666667, 'loss_simcse': 0.021728515625, 'loss_crds': 0.024359259754419327, 'loss_total': 0.021972108632326126, 'avg_crds_neg_weight': 0.13619178533554077, 'avg_crds_reliability': 0.4288947284221649, 'avg_crds_semantic_similarity': 0.4520825445652008, 'avg_crds_cf_distance': 0.09807908535003662, 'num_valid_crds_neg': 182.0, 'epoch': 0.54}
{'loss': 0.0219, 'grad_norm': 0.11669921875, 'learning_rate': 0.00015333333333333334, 'loss_simcse': 0.021728515625, 'loss_crds': 0.02038816176354885, 'loss_total': 0.021932397037744522, 'avg_crds_neg_weight': 0.1431587189435959, 'avg_crds_reliability': 0.44130387902259827, 'avg_crds_semantic_similarity': 0.45984140038490295, 'avg_crds_cf_distance': 0.11226285994052887, 'num_valid_crds_neg': 172.0, 'epoch': 0.54}
{'loss': 0.0229, 'grad_norm': 0.12255859375, 'learning_rate': 0.000154, 'loss_simcse': 0.022705078125, 'loss_crds': 0.023316118866205215, 'loss_total': 0.022938238456845284, 'avg_crds_neg_weight': 0.13755299150943756, 'avg_crds_reliability': 0.44213876128196716, 'avg_crds_semantic_similarity': 0.4448956847190857, 'avg_crds_cf_distance': 0.10882294178009033, 'num_valid_crds_neg': 178.0, 'epoch': 0.54}
{'loss': 0.0216, 'grad_norm': 0.107421875, 'learning_rate': 0.00015466666666666667, 'loss_simcse': 0.021484375, 'loss_crds': 0.01375154685229063, 'loss_total': 0.021621890366077423, 'avg_crds_neg_weight': 0.13310816884040833, 'avg_crds_reliability': 0.42724788188934326, 'avg_crds_semantic_similarity': 0.41708964109420776, 'avg_crds_cf_distance': 0.10520606487989426, 'num_valid_crds_neg': 180.0, 'epoch': 0.55}
{'loss': 0.0232, 'grad_norm': 0.1259765625, 'learning_rate': 0.00015533333333333333, 'loss_simcse': 0.02294921875, 'loss_crds': 0.02247924730181694, 'loss_total': 0.023174012079834938, 'avg_crds_neg_weight': 0.14134937524795532, 'avg_crds_reliability': 0.43609222769737244, 'avg_crds_semantic_similarity': 0.4672362506389618, 'avg_crds_cf_distance': 0.09907474368810654, 'num_valid_crds_neg': 200.0, 'epoch': 0.55}
{'loss': 0.0216, 'grad_norm': 0.1142578125, 'learning_rate': 0.00015600000000000002, 'loss_simcse': 0.0213623046875, 'loss_crds': 0.021511271595954895, 'loss_total': 0.021577417850494385, 'avg_crds_neg_weight': 0.1360940933227539, 'avg_crds_reliability': 0.42071905732154846, 'avg_crds_semantic_similarity': 0.47134122252464294, 'avg_crds_cf_distance': 0.09798568487167358, 'num_valid_crds_neg': 160.0, 'epoch': 0.55}
{'loss': 0.0213, 'grad_norm': 0.09814453125, 'learning_rate': 0.00015666666666666666, 'loss_simcse': 0.0211181640625, 'loss_crds': 0.019008059054613113, 'loss_total': 0.02130824513733387, 'avg_crds_neg_weight': 0.14290302991867065, 'avg_crds_reliability': 0.4505898654460907, 'avg_crds_semantic_similarity': 0.4469884932041168, 'avg_crds_cf_distance': 0.09244634956121445, 'num_valid_crds_neg': 160.0, 'epoch': 0.55}
{'loss': 0.0209, 'grad_norm': 0.08935546875, 'learning_rate': 0.00015733333333333333, 'loss_simcse': 0.020751953125, 'loss_crds': 0.019012825563549995, 'loss_total': 0.0209420807659626, 'avg_crds_neg_weight': 0.13136859238147736, 'avg_crds_reliability': 0.4229046404361725, 'avg_crds_semantic_similarity': 0.44687315821647644, 'avg_crds_cf_distance': 0.1009310856461525, 'num_valid_crds_neg': 180.0, 'epoch': 0.56}
{'loss': 0.0214, 'grad_norm': 0.10205078125, 'learning_rate': 0.00015800000000000002, 'loss_simcse': 0.021240234375, 'loss_crds': 0.01639012061059475, 'loss_total': 0.02140413597226143, 'avg_crds_neg_weight': 0.13260400295257568, 'avg_crds_reliability': 0.42421436309814453, 'avg_crds_semantic_similarity': 0.4380219578742981, 'avg_crds_cf_distance': 0.10338152199983597, 'num_valid_crds_neg': 180.0, 'epoch': 0.56}
{'loss': 0.0212, 'grad_norm': 0.0830078125, 'learning_rate': 0.00015866666666666668, 'loss_simcse': 0.02099609375, 'loss_crds': 0.016529571264982224, 'loss_total': 0.021161388605833054, 'avg_crds_neg_weight': 0.13593529164791107, 'avg_crds_reliability': 0.4515748918056488, 'avg_crds_semantic_similarity': 0.42487627267837524, 'avg_crds_cf_distance': 0.10452994704246521, 'num_valid_crds_neg': 176.0, 'epoch': 0.56}
{'loss': 0.0239, 'grad_norm': 0.12109375, 'learning_rate': 0.00015933333333333332, 'loss_simcse': 0.023681640625, 'loss_crds': 0.017192482948303223, 'loss_total': 0.023853564634919167, 'avg_crds_neg_weight': 0.13711975514888763, 'avg_crds_reliability': 0.45525115728378296, 'avg_crds_semantic_similarity': 0.43306973576545715, 'avg_crds_cf_distance': 0.1036744937300682, 'num_valid_crds_neg': 184.0, 'epoch': 0.56}
{'loss': 0.0215, 'grad_norm': 0.095703125, 'learning_rate': 0.00016, 'loss_simcse': 0.021240234375, 'loss_crds': 0.02154221199452877, 'loss_total': 0.021455656737089157, 'avg_crds_neg_weight': 0.13496972620487213, 'avg_crds_reliability': 0.4228903353214264, 'avg_crds_semantic_similarity': 0.4303947389125824, 'avg_crds_cf_distance': 0.10537717491388321, 'num_valid_crds_neg': 188.0, 'epoch': 0.56}
{'loss': 0.0246, 'grad_norm': 0.59765625, 'learning_rate': 0.00016066666666666668, 'loss_simcse': 0.0244140625, 'loss_crds': 0.0196214709430933, 'loss_total': 0.024610277265310287, 'avg_crds_neg_weight': 0.13998636603355408, 'avg_crds_reliability': 0.4528760015964508, 'avg_crds_semantic_similarity': 0.4372714161872864, 'avg_crds_cf_distance': 0.10330226272344589, 'num_valid_crds_neg': 146.0, 'epoch': 0.57}
{'loss': 0.0216, 'grad_norm': 0.091796875, 'learning_rate': 0.00016133333333333334, 'loss_simcse': 0.0213623046875, 'loss_crds': 0.022592395544052124, 'loss_total': 0.02158822864294052, 'avg_crds_neg_weight': 0.15001514554023743, 'avg_crds_reliability': 0.4649677574634552, 'avg_crds_semantic_similarity': 0.44347742199897766, 'avg_crds_cf_distance': 0.11017505079507828, 'num_valid_crds_neg': 164.0, 'epoch': 0.57}
{'loss': 0.0222, 'grad_norm': 0.1064453125, 'learning_rate': 0.000162, 'loss_simcse': 0.02197265625, 'loss_crds': 0.025088513270020485, 'loss_total': 0.022223541513085365, 'avg_crds_neg_weight': 0.14099447429180145, 'avg_crds_reliability': 0.4374837875366211, 'avg_crds_semantic_similarity': 0.4705427289009094, 'avg_crds_cf_distance': 0.10115018486976624, 'num_valid_crds_neg': 174.0, 'epoch': 0.57}
{'loss': 0.0221, 'grad_norm': 0.11083984375, 'learning_rate': 0.00016266666666666667, 'loss_simcse': 0.02197265625, 'loss_crds': 0.01757124252617359, 'loss_total': 0.022148368880152702, 'avg_crds_neg_weight': 0.1378922015428543, 'avg_crds_reliability': 0.4487440586090088, 'avg_crds_semantic_similarity': 0.43566223978996277, 'avg_crds_cf_distance': 0.10769622027873993, 'num_valid_crds_neg': 146.0, 'epoch': 0.57}
{'loss': 0.0218, 'grad_norm': 0.2099609375, 'learning_rate': 0.00016333333333333334, 'loss_simcse': 0.0216064453125, 'loss_crds': 0.016041290014982224, 'loss_total': 0.02176685817539692, 'avg_crds_neg_weight': 0.13473358750343323, 'avg_crds_reliability': 0.4330870509147644, 'avg_crds_semantic_similarity': 0.43163174390792847, 'avg_crds_cf_distance': 0.10149320960044861, 'num_valid_crds_neg': 180.0, 'epoch': 0.58}
{'loss': 0.0204, 'grad_norm': 0.08740234375, 'learning_rate': 0.000164, 'loss_simcse': 0.0201416015625, 'loss_crds': 0.021533507853746414, 'loss_total': 0.020356936380267143, 'avg_crds_neg_weight': 0.14141695201396942, 'avg_crds_reliability': 0.44240206480026245, 'avg_crds_semantic_similarity': 0.44760069251060486, 'avg_crds_cf_distance': 0.10137273371219635, 'num_valid_crds_neg': 176.0, 'epoch': 0.58}
{'loss': 0.0211, 'grad_norm': 0.10107421875, 'learning_rate': 0.00016466666666666667, 'loss_simcse': 0.0208740234375, 'loss_crds': 0.02261367067694664, 'loss_total': 0.021100159734487534, 'avg_crds_neg_weight': 0.1393287628889084, 'avg_crds_reliability': 0.43556714057922363, 'avg_crds_semantic_similarity': 0.46065759658813477, 'avg_crds_cf_distance': 0.09746947884559631, 'num_valid_crds_neg': 180.0, 'epoch': 0.58}
{'loss': 0.0216, 'grad_norm': 0.11474609375, 'learning_rate': 0.00016533333333333333, 'loss_simcse': 0.0213623046875, 'loss_crds': 0.01923772133886814, 'loss_total': 0.02155468240380287, 'avg_crds_neg_weight': 0.13742952048778534, 'avg_crds_reliability': 0.44427576661109924, 'avg_crds_semantic_similarity': 0.44788771867752075, 'avg_crds_cf_distance': 0.10315392166376114, 'num_valid_crds_neg': 182.0, 'epoch': 0.58}
{'loss': 0.0206, 'grad_norm': 0.08056640625, 'learning_rate': 0.000166, 'loss_simcse': 0.0203857421875, 'loss_crds': 0.022143816575407982, 'loss_total': 0.020607180893421173, 'avg_crds_neg_weight': 0.139026939868927, 'avg_crds_reliability': 0.4351174831390381, 'avg_crds_semantic_similarity': 0.46101319789886475, 'avg_crds_cf_distance': 0.10356069356203079, 'num_valid_crds_neg': 152.0, 'epoch': 0.59}
{'loss': 0.0227, 'grad_norm': 0.11279296875, 'learning_rate': 0.0001666666666666667, 'loss_simcse': 0.0224609375, 'loss_crds': 0.02028920315206051, 'loss_total': 0.02266382984817028, 'avg_crds_neg_weight': 0.1405453234910965, 'avg_crds_reliability': 0.4279954433441162, 'avg_crds_semantic_similarity': 0.46135228872299194, 'avg_crds_cf_distance': 0.1009129136800766, 'num_valid_crds_neg': 156.0, 'epoch': 0.59}
{'loss': 0.0217, 'grad_norm': 0.119140625, 'learning_rate': 0.00016733333333333335, 'loss_simcse': 0.021484375, 'loss_crds': 0.01939304918050766, 'loss_total': 0.02167830616235733, 'avg_crds_neg_weight': 0.1373627930879593, 'avg_crds_reliability': 0.44539207220077515, 'avg_crds_semantic_similarity': 0.44932571053504944, 'avg_crds_cf_distance': 0.10115218162536621, 'num_valid_crds_neg': 188.0, 'epoch': 0.59}
{'loss': 0.0207, 'grad_norm': 0.10595703125, 'learning_rate': 0.000168, 'loss_simcse': 0.0205078125, 'loss_crds': 0.016630152240395546, 'loss_total': 0.02067411318421364, 'avg_crds_neg_weight': 0.13505421578884125, 'avg_crds_reliability': 0.44097015261650085, 'avg_crds_semantic_similarity': 0.42292600870132446, 'avg_crds_cf_distance': 0.10351689904928207, 'num_valid_crds_neg': 156.0, 'epoch': 0.59}
{'loss': 0.0209, 'grad_norm': 0.10009765625, 'learning_rate': 0.00016866666666666668, 'loss_simcse': 0.020751953125, 'loss_crds': 0.01829070970416069, 'loss_total': 0.02093486115336418, 'avg_crds_neg_weight': 0.13603225350379944, 'avg_crds_reliability': 0.4409377872943878, 'avg_crds_semantic_similarity': 0.4417708218097687, 'avg_crds_cf_distance': 0.10197102278470993, 'num_valid_crds_neg': 180.0, 'epoch': 0.6}
{'loss': 0.0212, 'grad_norm': 0.12255859375, 'learning_rate': 0.00016933333333333335, 'loss_simcse': 0.02099609375, 'loss_crds': 0.020559877157211304, 'loss_total': 0.021201692521572113, 'avg_crds_neg_weight': 0.13484850525856018, 'avg_crds_reliability': 0.44527944922447205, 'avg_crds_semantic_similarity': 0.4421592056751251, 'avg_crds_cf_distance': 0.10446066409349442, 'num_valid_crds_neg': 168.0, 'epoch': 0.6}
{'loss': 0.0204, 'grad_norm': 0.0869140625, 'learning_rate': 0.00017, 'loss_simcse': 0.020263671875, 'loss_crds': 0.01713939756155014, 'loss_total': 0.020435065031051636, 'avg_crds_neg_weight': 0.14880362153053284, 'avg_crds_reliability': 0.4647306799888611, 'avg_crds_semantic_similarity': 0.44208824634552, 'avg_crds_cf_distance': 0.11036279052495956, 'num_valid_crds_neg': 174.0, 'epoch': 0.6}
{'loss': 0.0226, 'grad_norm': 0.23046875, 'learning_rate': 0.00017066666666666668, 'loss_simcse': 0.0224609375, 'loss_crds': 0.017190545797348022, 'loss_total': 0.022632842883467674, 'avg_crds_neg_weight': 0.14403927326202393, 'avg_crds_reliability': 0.4507189095020294, 'avg_crds_semantic_similarity': 0.4512413442134857, 'avg_crds_cf_distance': 0.10644284635782242, 'num_valid_crds_neg': 170.0, 'epoch': 0.6}
{'loss': 0.0282, 'grad_norm': 0.2333984375, 'learning_rate': 0.00017133333333333334, 'loss_simcse': 0.0279541015625, 'loss_crds': 0.020058875903487206, 'loss_total': 0.028154689818620682, 'avg_crds_neg_weight': 0.13907645642757416, 'avg_crds_reliability': 0.4431442320346832, 'avg_crds_semantic_similarity': 0.4394718110561371, 'avg_crds_cf_distance': 0.10519237816333771, 'num_valid_crds_neg': 170.0, 'epoch': 0.6}
{'loss': 0.0212, 'grad_norm': 0.10107421875, 'learning_rate': 0.000172, 'loss_simcse': 0.02099609375, 'loss_crds': 0.018786365166306496, 'loss_total': 0.021183958277106285, 'avg_crds_neg_weight': 0.14221620559692383, 'avg_crds_reliability': 0.4668288230895996, 'avg_crds_semantic_similarity': 0.4542340636253357, 'avg_crds_cf_distance': 0.1006322130560875, 'num_valid_crds_neg': 170.0, 'epoch': 0.61}
{'loss': 0.0215, 'grad_norm': 0.10498046875, 'learning_rate': 0.00017266666666666667, 'loss_simcse': 0.021240234375, 'loss_crds': 0.022586217150092125, 'loss_total': 0.021466096863150597, 'avg_crds_neg_weight': 0.142940953373909, 'avg_crds_reliability': 0.44254329800605774, 'avg_crds_semantic_similarity': 0.45026442408561707, 'avg_crds_cf_distance': 0.09080811589956284, 'num_valid_crds_neg': 170.0, 'epoch': 0.61}
{'loss': 0.0209, 'grad_norm': 0.08984375, 'learning_rate': 0.00017333333333333334, 'loss_simcse': 0.020751953125, 'loss_crds': 0.019064275547862053, 'loss_total': 0.020942596718668938, 'avg_crds_neg_weight': 0.1363205462694168, 'avg_crds_reliability': 0.4443303048610687, 'avg_crds_semantic_similarity': 0.4411745071411133, 'avg_crds_cf_distance': 0.10172552615404129, 'num_valid_crds_neg': 164.0, 'epoch': 0.61}
{'loss': 0.0207, 'grad_norm': 0.0859375, 'learning_rate': 0.000174, 'loss_simcse': 0.0205078125, 'loss_crds': 0.01828582026064396, 'loss_total': 0.020690670236945152, 'avg_crds_neg_weight': 0.14283286035060883, 'avg_crds_reliability': 0.4507434666156769, 'avg_crds_semantic_similarity': 0.4384700357913971, 'avg_crds_cf_distance': 0.101321741938591, 'num_valid_crds_neg': 172.0, 'epoch': 0.61}
{'loss': 0.0208, 'grad_norm': 0.0869140625, 'learning_rate': 0.00017466666666666667, 'loss_simcse': 0.0206298828125, 'loss_crds': 0.017408281564712524, 'loss_total': 0.020803965628147125, 'avg_crds_neg_weight': 0.141365647315979, 'avg_crds_reliability': 0.45399123430252075, 'avg_crds_semantic_similarity': 0.4294707477092743, 'avg_crds_cf_distance': 0.09847395122051239, 'num_valid_crds_neg': 174.0, 'epoch': 0.62}
{'loss': 0.0212, 'grad_norm': 0.0927734375, 'learning_rate': 0.00017533333333333336, 'loss_simcse': 0.02099609375, 'loss_crds': 0.021534690633416176, 'loss_total': 0.02121143974363804, 'avg_crds_neg_weight': 0.14188547432422638, 'avg_crds_reliability': 0.4388221204280853, 'avg_crds_semantic_similarity': 0.45616233348846436, 'avg_crds_cf_distance': 0.10213392227888107, 'num_valid_crds_neg': 168.0, 'epoch': 0.62}
{'loss': 0.0207, 'grad_norm': 0.08447265625, 'learning_rate': 0.00017600000000000002, 'loss_simcse': 0.0205078125, 'loss_crds': 0.02173817902803421, 'loss_total': 0.020725194364786148, 'avg_crds_neg_weight': 0.14501331746578217, 'avg_crds_reliability': 0.44774115085601807, 'avg_crds_semantic_similarity': 0.44503581523895264, 'avg_crds_cf_distance': 0.10988651216030121, 'num_valid_crds_neg': 180.0, 'epoch': 0.62}
{'loss': 0.0206, 'grad_norm': 0.087890625, 'learning_rate': 0.00017666666666666666, 'loss_simcse': 0.0203857421875, 'loss_crds': 0.020424291491508484, 'loss_total': 0.020589984953403473, 'avg_crds_neg_weight': 0.13686414062976837, 'avg_crds_reliability': 0.45536553859710693, 'avg_crds_semantic_similarity': 0.44564270973205566, 'avg_crds_cf_distance': 0.09823868423700333, 'num_valid_crds_neg': 158.0, 'epoch': 0.62}
{'loss': 0.0205, 'grad_norm': 0.08935546875, 'learning_rate': 0.00017733333333333335, 'loss_simcse': 0.020263671875, 'loss_crds': 0.020567618310451508, 'loss_total': 0.02046934887766838, 'avg_crds_neg_weight': 0.14050635695457458, 'avg_crds_reliability': 0.4311162829399109, 'avg_crds_semantic_similarity': 0.44510453939437866, 'avg_crds_cf_distance': 0.09591982513666153, 'num_valid_crds_neg': 170.0, 'epoch': 0.63}
{'loss': 0.0209, 'grad_norm': 0.0849609375, 'learning_rate': 0.00017800000000000002, 'loss_simcse': 0.020751953125, 'loss_crds': 0.016080735251307487, 'loss_total': 0.020912760868668556, 'avg_crds_neg_weight': 0.1448822021484375, 'avg_crds_reliability': 0.45508673787117004, 'avg_crds_semantic_similarity': 0.43875208497047424, 'avg_crds_cf_distance': 0.09957315772771835, 'num_valid_crds_neg': 180.0, 'epoch': 0.63}
{'loss': 0.0202, 'grad_norm': 0.09130859375, 'learning_rate': 0.00017866666666666668, 'loss_simcse': 0.02001953125, 'loss_crds': 0.015960315242409706, 'loss_total': 0.020179133862257004, 'avg_crds_neg_weight': 0.13685810565948486, 'avg_crds_reliability': 0.4355919659137726, 'avg_crds_semantic_similarity': 0.4408257305622101, 'avg_crds_cf_distance': 0.09712772071361542, 'num_valid_crds_neg': 168.0, 'epoch': 0.63}
{'loss': 0.0202, 'grad_norm': 0.0810546875, 'learning_rate': 0.00017933333333333332, 'loss_simcse': 0.02001953125, 'loss_crds': 0.020913131535053253, 'loss_total': 0.020228663459420204, 'avg_crds_neg_weight': 0.13929325342178345, 'avg_crds_reliability': 0.44100117683410645, 'avg_crds_semantic_similarity': 0.4540576934814453, 'avg_crds_cf_distance': 0.0957527607679367, 'num_valid_crds_neg': 172.0, 'epoch': 0.63}
{'loss': 0.0208, 'grad_norm': 0.091796875, 'learning_rate': 0.00018, 'loss_simcse': 0.0206298828125, 'loss_crds': 0.019083296880126, 'loss_total': 0.02082071639597416, 'avg_crds_neg_weight': 0.1374742090702057, 'avg_crds_reliability': 0.45320719480514526, 'avg_crds_semantic_similarity': 0.4344906210899353, 'avg_crds_cf_distance': 0.10591474175453186, 'num_valid_crds_neg': 184.0, 'epoch': 0.64}
{'loss': 0.0207, 'grad_norm': 0.0888671875, 'learning_rate': 0.00018066666666666668, 'loss_simcse': 0.0205078125, 'loss_crds': 0.01922343485057354, 'loss_total': 0.02070004679262638, 'avg_crds_neg_weight': 0.1414739191532135, 'avg_crds_reliability': 0.4466206133365631, 'avg_crds_semantic_similarity': 0.4469747543334961, 'avg_crds_cf_distance': 0.1015218198299408, 'num_valid_crds_neg': 196.0, 'epoch': 0.64}
{'loss': 0.0203, 'grad_norm': 0.08740234375, 'learning_rate': 0.00018133333333333334, 'loss_simcse': 0.0201416015625, 'loss_crds': 0.016698386520147324, 'loss_total': 0.020308585837483406, 'avg_crds_neg_weight': 0.14127984642982483, 'avg_crds_reliability': 0.4450695216655731, 'avg_crds_semantic_similarity': 0.443974107503891, 'avg_crds_cf_distance': 0.10623154044151306, 'num_valid_crds_neg': 196.0, 'epoch': 0.64}
{'loss': 0.0205, 'grad_norm': 0.09716796875, 'learning_rate': 0.000182, 'loss_simcse': 0.0203857421875, 'loss_crds': 0.0161164328455925, 'loss_total': 0.02054690569639206, 'avg_crds_neg_weight': 0.14115315675735474, 'avg_crds_reliability': 0.4471917748451233, 'avg_crds_semantic_similarity': 0.4575974643230438, 'avg_crds_cf_distance': 0.09864530712366104, 'num_valid_crds_neg': 184.0, 'epoch': 0.64}
{'loss': 0.0209, 'grad_norm': 0.09130859375, 'learning_rate': 0.00018266666666666667, 'loss_simcse': 0.020751953125, 'loss_crds': 0.01574113219976425, 'loss_total': 0.020909365266561508, 'avg_crds_neg_weight': 0.1395278126001358, 'avg_crds_reliability': 0.4558652937412262, 'avg_crds_semantic_similarity': 0.42858776450157166, 'avg_crds_cf_distance': 0.10019063949584961, 'num_valid_crds_neg': 154.0, 'epoch': 0.64}
{'loss': 0.0209, 'grad_norm': 0.0908203125, 'learning_rate': 0.00018333333333333334, 'loss_simcse': 0.020751953125, 'loss_crds': 0.015039813704788685, 'loss_total': 0.020902350544929504, 'avg_crds_neg_weight': 0.13344962894916534, 'avg_crds_reliability': 0.4424964487552643, 'avg_crds_semantic_similarity': 0.4357270300388336, 'avg_crds_cf_distance': 0.10115694999694824, 'num_valid_crds_neg': 202.0, 'epoch': 0.65}
{'loss': 0.0243, 'grad_norm': 0.09375, 'learning_rate': 0.00018400000000000003, 'loss_simcse': 0.0240478515625, 'loss_crds': 0.020552637055516243, 'loss_total': 0.024253377690911293, 'avg_crds_neg_weight': 0.13287679851055145, 'avg_crds_reliability': 0.4267618954181671, 'avg_crds_semantic_similarity': 0.45562052726745605, 'avg_crds_cf_distance': 0.10056104511022568, 'num_valid_crds_neg': 188.0, 'epoch': 0.65}
{'loss': 0.0207, 'grad_norm': 0.08642578125, 'learning_rate': 0.00018466666666666666, 'loss_simcse': 0.0205078125, 'loss_crds': 0.023358963429927826, 'loss_total': 0.020741401240229607, 'avg_crds_neg_weight': 0.15080545842647552, 'avg_crds_reliability': 0.47325679659843445, 'avg_crds_semantic_similarity': 0.45276209712028503, 'avg_crds_cf_distance': 0.10649830847978592, 'num_valid_crds_neg': 158.0, 'epoch': 0.65}
{'loss': 0.024, 'grad_norm': 0.0986328125, 'learning_rate': 0.00018533333333333333, 'loss_simcse': 0.0238037109375, 'loss_crds': 0.01750677078962326, 'loss_total': 0.02397877909243107, 'avg_crds_neg_weight': 0.1332721710205078, 'avg_crds_reliability': 0.42954879999160767, 'avg_crds_semantic_similarity': 0.43449223041534424, 'avg_crds_cf_distance': 0.09908219426870346, 'num_valid_crds_neg': 172.0, 'epoch': 0.65}
{'loss': 0.02, 'grad_norm': 0.0732421875, 'learning_rate': 0.00018600000000000002, 'loss_simcse': 0.019775390625, 'loss_crds': 0.018212828785181046, 'loss_total': 0.019957518205046654, 'avg_crds_neg_weight': 0.1420390009880066, 'avg_crds_reliability': 0.4471413195133209, 'avg_crds_semantic_similarity': 0.4419528841972351, 'avg_crds_cf_distance': 0.10691177845001221, 'num_valid_crds_neg': 166.0, 'epoch': 0.66}
{'loss': 0.0227, 'grad_norm': 0.09765625, 'learning_rate': 0.0001866666666666667, 'loss_simcse': 0.0224609375, 'loss_crds': 0.022576091811060905, 'loss_total': 0.02268669754266739, 'avg_crds_neg_weight': 0.14854644238948822, 'avg_crds_reliability': 0.4615575075149536, 'avg_crds_semantic_similarity': 0.4392123520374298, 'avg_crds_cf_distance': 0.10236142575740814, 'num_valid_crds_neg': 172.0, 'epoch': 0.66}
{'loss': 0.0202, 'grad_norm': 0.09033203125, 'learning_rate': 0.00018733333333333335, 'loss_simcse': 0.02001953125, 'loss_crds': 0.01686989888548851, 'loss_total': 0.020188231021165848, 'avg_crds_neg_weight': 0.13691763579845428, 'avg_crds_reliability': 0.43418845534324646, 'avg_crds_semantic_similarity': 0.4505418539047241, 'avg_crds_cf_distance': 0.09707565605640411, 'num_valid_crds_neg': 150.0, 'epoch': 0.66}
{'loss': 0.02, 'grad_norm': 0.08447265625, 'learning_rate': 0.000188, 'loss_simcse': 0.019775390625, 'loss_crds': 0.02010411024093628, 'loss_total': 0.019976431503891945, 'avg_crds_neg_weight': 0.14159108698368073, 'avg_crds_reliability': 0.4405924081802368, 'avg_crds_semantic_similarity': 0.44475996494293213, 'avg_crds_cf_distance': 0.10122503340244293, 'num_valid_crds_neg': 164.0, 'epoch': 0.66}
{'loss': 0.0202, 'grad_norm': 0.07861328125, 'learning_rate': 0.00018866666666666668, 'loss_simcse': 0.02001953125, 'loss_crds': 0.015120350755751133, 'loss_total': 0.02017073519527912, 'avg_crds_neg_weight': 0.1327832192182541, 'avg_crds_reliability': 0.43589335680007935, 'avg_crds_semantic_similarity': 0.4407113492488861, 'avg_crds_cf_distance': 0.0956009179353714, 'num_valid_crds_neg': 190.0, 'epoch': 0.67}
{'loss': 0.0202, 'grad_norm': 0.09033203125, 'learning_rate': 0.00018933333333333335, 'loss_simcse': 0.02001953125, 'loss_crds': 0.01882929354906082, 'loss_total': 0.020207824185490608, 'avg_crds_neg_weight': 0.1385858654975891, 'avg_crds_reliability': 0.44832220673561096, 'avg_crds_semantic_similarity': 0.4533303380012512, 'avg_crds_cf_distance': 0.10331421345472336, 'num_valid_crds_neg': 160.0, 'epoch': 0.67}
{'loss': 0.0202, 'grad_norm': 0.08349609375, 'learning_rate': 0.00019, 'loss_simcse': 0.02001953125, 'loss_crds': 0.01517019048333168, 'loss_total': 0.020171232521533966, 'avg_crds_neg_weight': 0.13292387127876282, 'avg_crds_reliability': 0.4320818781852722, 'avg_crds_semantic_similarity': 0.4194179177284241, 'avg_crds_cf_distance': 0.09516558796167374, 'num_valid_crds_neg': 182.0, 'epoch': 0.67}
{'loss': 0.0206, 'grad_norm': 0.08154296875, 'learning_rate': 0.00019066666666666668, 'loss_simcse': 0.0203857421875, 'loss_crds': 0.01689685322344303, 'loss_total': 0.020554710179567337, 'avg_crds_neg_weight': 0.1356690376996994, 'avg_crds_reliability': 0.4387996792793274, 'avg_crds_semantic_similarity': 0.44413208961486816, 'avg_crds_cf_distance': 0.10653834044933319, 'num_valid_crds_neg': 198.0, 'epoch': 0.67}
{'loss': 0.0199, 'grad_norm': 0.076171875, 'learning_rate': 0.00019133333333333334, 'loss_simcse': 0.0196533203125, 'loss_crds': 0.021412191912531853, 'loss_total': 0.019867442548274994, 'avg_crds_neg_weight': 0.14377503097057343, 'avg_crds_reliability': 0.4588230848312378, 'avg_crds_semantic_similarity': 0.45222097635269165, 'avg_crds_cf_distance': 0.09586691111326218, 'num_valid_crds_neg': 142.0, 'epoch': 0.68}
{'loss': 0.0198, 'grad_norm': 0.0888671875, 'learning_rate': 0.000192, 'loss_simcse': 0.0196533203125, 'loss_crds': 0.017108406871557236, 'loss_total': 0.019824404269456863, 'avg_crds_neg_weight': 0.13667669892311096, 'avg_crds_reliability': 0.44942304491996765, 'avg_crds_semantic_similarity': 0.44385987520217896, 'avg_crds_cf_distance': 0.09506489336490631, 'num_valid_crds_neg': 160.0, 'epoch': 0.68}
{'loss': 0.0191, 'grad_norm': 0.07373046875, 'learning_rate': 0.0001926666666666667, 'loss_simcse': 0.0189208984375, 'loss_crds': 0.019583705812692642, 'loss_total': 0.019116735085844994, 'avg_crds_neg_weight': 0.1355401575565338, 'avg_crds_reliability': 0.4318886995315552, 'avg_crds_semantic_similarity': 0.45628049969673157, 'avg_crds_cf_distance': 0.09594395011663437, 'num_valid_crds_neg': 220.0, 'epoch': 0.68}
{'loss': 0.0203, 'grad_norm': 0.08837890625, 'learning_rate': 0.00019333333333333333, 'loss_simcse': 0.0201416015625, 'loss_crds': 0.015618328005075455, 'loss_total': 0.020297784358263016, 'avg_crds_neg_weight': 0.13802672922611237, 'avg_crds_reliability': 0.44397208094596863, 'avg_crds_semantic_similarity': 0.4223131239414215, 'avg_crds_cf_distance': 0.10051240772008896, 'num_valid_crds_neg': 174.0, 'epoch': 0.68}
{'loss': 0.0206, 'grad_norm': 0.0927734375, 'learning_rate': 0.000194, 'loss_simcse': 0.0203857421875, 'loss_crds': 0.020755935460329056, 'loss_total': 0.020593302324414253, 'avg_crds_neg_weight': 0.1379636824131012, 'avg_crds_reliability': 0.4344969391822815, 'avg_crds_semantic_similarity': 0.45095258951187134, 'avg_crds_cf_distance': 0.0943458080291748, 'num_valid_crds_neg': 154.0, 'epoch': 0.68}
{'loss': 0.0204, 'grad_norm': 0.08984375, 'learning_rate': 0.0001946666666666667, 'loss_simcse': 0.020263671875, 'loss_crds': 0.017551498487591743, 'loss_total': 0.020439187064766884, 'avg_crds_neg_weight': 0.13602451980113983, 'avg_crds_reliability': 0.44006475806236267, 'avg_crds_semantic_similarity': 0.4364722967147827, 'avg_crds_cf_distance': 0.10331494361162186, 'num_valid_crds_neg': 168.0, 'epoch': 0.69}
{'loss': 0.0197, 'grad_norm': 0.083984375, 'learning_rate': 0.00019533333333333336, 'loss_simcse': 0.01953125, 'loss_crds': 0.016989143565297127, 'loss_total': 0.019701141864061356, 'avg_crds_neg_weight': 0.13534432649612427, 'avg_crds_reliability': 0.42601025104522705, 'avg_crds_semantic_similarity': 0.4535195827484131, 'avg_crds_cf_distance': 0.10579442232847214, 'num_valid_crds_neg': 214.0, 'epoch': 0.69}
{'loss': 0.0199, 'grad_norm': 0.0771484375, 'learning_rate': 0.000196, 'loss_simcse': 0.0196533203125, 'loss_crds': 0.023523757234215736, 'loss_total': 0.019888557493686676, 'avg_crds_neg_weight': 0.14486154913902283, 'avg_crds_reliability': 0.45872393250465393, 'avg_crds_semantic_similarity': 0.4539661407470703, 'avg_crds_cf_distance': 0.10509764403104782, 'num_valid_crds_neg': 182.0, 'epoch': 0.69}
{'loss': 0.0198, 'grad_norm': 0.08544921875, 'learning_rate': 0.00019666666666666666, 'loss_simcse': 0.0196533203125, 'loss_crds': 0.017623409628868103, 'loss_total': 0.019829554483294487, 'avg_crds_neg_weight': 0.14074252545833588, 'avg_crds_reliability': 0.44689062237739563, 'avg_crds_semantic_similarity': 0.44798028469085693, 'avg_crds_cf_distance': 0.10639188438653946, 'num_valid_crds_neg': 170.0, 'epoch': 0.69}
{'loss': 0.0202, 'grad_norm': 0.091796875, 'learning_rate': 0.00019733333333333335, 'loss_simcse': 0.0198974609375, 'loss_crds': 0.025765657424926758, 'loss_total': 0.02015511691570282, 'avg_crds_neg_weight': 0.145979106426239, 'avg_crds_reliability': 0.4658317565917969, 'avg_crds_semantic_similarity': 0.4565417468547821, 'avg_crds_cf_distance': 0.10627966374158859, 'num_valid_crds_neg': 186.0, 'epoch': 0.7}
{'loss': 0.0197, 'grad_norm': 0.072265625, 'learning_rate': 0.00019800000000000002, 'loss_simcse': 0.01953125, 'loss_crds': 0.018811574205756187, 'loss_total': 0.01971936598420143, 'avg_crds_neg_weight': 0.1407751590013504, 'avg_crds_reliability': 0.4460107684135437, 'avg_crds_semantic_similarity': 0.4506215751171112, 'avg_crds_cf_distance': 0.09321384876966476, 'num_valid_crds_neg': 184.0, 'epoch': 0.7}
{'loss': 0.0192, 'grad_norm': 0.072265625, 'learning_rate': 0.00019866666666666668, 'loss_simcse': 0.01904296875, 'loss_crds': 0.018544651567935944, 'loss_total': 0.019228415563702583, 'avg_crds_neg_weight': 0.14732122421264648, 'avg_crds_reliability': 0.4534555971622467, 'avg_crds_semantic_similarity': 0.4470938742160797, 'avg_crds_cf_distance': 0.113344706594944, 'num_valid_crds_neg': 200.0, 'epoch': 0.7}
{'loss': 0.0203, 'grad_norm': 0.08740234375, 'learning_rate': 0.00019933333333333334, 'loss_simcse': 0.0201416015625, 'loss_crds': 0.017385058104991913, 'loss_total': 0.02031545154750347, 'avg_crds_neg_weight': 0.13996683061122894, 'avg_crds_reliability': 0.45095884799957275, 'avg_crds_semantic_similarity': 0.4349207282066345, 'avg_crds_cf_distance': 0.1063397228717804, 'num_valid_crds_neg': 218.0, 'epoch': 0.7}
{'loss': 0.0203, 'grad_norm': 0.09130859375, 'learning_rate': 0.0002, 'loss_simcse': 0.0201416015625, 'loss_crds': 0.015614899806678295, 'loss_total': 0.02029775083065033, 'avg_crds_neg_weight': 0.1348312646150589, 'avg_crds_reliability': 0.43922823667526245, 'avg_crds_semantic_similarity': 0.43997669219970703, 'avg_crds_cf_distance': 0.10124506801366806, 'num_valid_crds_neg': 190.0, 'epoch': 0.71}
{'loss': 0.0194, 'grad_norm': 0.076171875, 'learning_rate': 0.00019989041095890413, 'loss_simcse': 0.0191650390625, 'loss_crds': 0.019233232364058495, 'loss_total': 0.01935737207531929, 'avg_crds_neg_weight': 0.13528193533420563, 'avg_crds_reliability': 0.4275035262107849, 'avg_crds_semantic_similarity': 0.44295331835746765, 'avg_crds_cf_distance': 0.10256685316562653, 'num_valid_crds_neg': 192.0, 'epoch': 0.71}
{'loss': 0.0236, 'grad_norm': 3.5625, 'learning_rate': 0.00019978082191780822, 'loss_simcse': 0.0234375, 'loss_crds': 0.014743328094482422, 'loss_total': 0.023584933951497078, 'avg_crds_neg_weight': 0.13382183015346527, 'avg_crds_reliability': 0.4246880114078522, 'avg_crds_semantic_similarity': 0.42572811245918274, 'avg_crds_cf_distance': 0.10816991329193115, 'num_valid_crds_neg': 176.0, 'epoch': 0.71}
{'loss': 0.0265, 'grad_norm': 3.796875, 'learning_rate': 0.00019967123287671233, 'loss_simcse': 0.0263671875, 'loss_crds': 0.016474885866045952, 'loss_total': 0.02653193660080433, 'avg_crds_neg_weight': 0.13609980046749115, 'avg_crds_reliability': 0.43461939692497253, 'avg_crds_semantic_similarity': 0.4497220516204834, 'avg_crds_cf_distance': 0.09712926298379898, 'num_valid_crds_neg': 202.0, 'epoch': 0.71}
{'loss': 0.0205, 'grad_norm': 0.10791015625, 'learning_rate': 0.00019956164383561645, 'loss_simcse': 0.020263671875, 'loss_crds': 0.020600881427526474, 'loss_total': 0.020469680428504944, 'avg_crds_neg_weight': 0.14580290019512177, 'avg_crds_reliability': 0.46368253231048584, 'avg_crds_semantic_similarity': 0.45721426606178284, 'avg_crds_cf_distance': 0.10268722474575043, 'num_valid_crds_neg': 172.0, 'epoch': 0.72}
{'loss': 0.0198, 'grad_norm': 0.08740234375, 'learning_rate': 0.00019945205479452057, 'loss_simcse': 0.0196533203125, 'loss_crds': 0.017056403681635857, 'loss_total': 0.019823884591460228, 'avg_crds_neg_weight': 0.1379789263010025, 'avg_crds_reliability': 0.4447636902332306, 'avg_crds_semantic_similarity': 0.43261533975601196, 'avg_crds_cf_distance': 0.10213492065668106, 'num_valid_crds_neg': 180.0, 'epoch': 0.72}
{'loss': 0.0194, 'grad_norm': 0.07421875, 'learning_rate': 0.00019934246575342465, 'loss_simcse': 0.019287109375, 'loss_crds': 0.013937177136540413, 'loss_total': 0.019426481798291206, 'avg_crds_neg_weight': 0.12873905897140503, 'avg_crds_reliability': 0.4204806089401245, 'avg_crds_semantic_similarity': 0.4436650574207306, 'avg_crds_cf_distance': 0.1010551005601883, 'num_valid_crds_neg': 194.0, 'epoch': 0.72}
{'loss': 0.0194, 'grad_norm': 0.0830078125, 'learning_rate': 0.00019923287671232877, 'loss_simcse': 0.019287109375, 'loss_crds': 0.013789515942335129, 'loss_total': 0.019425004720687866, 'avg_crds_neg_weight': 0.1395723819732666, 'avg_crds_reliability': 0.4591538608074188, 'avg_crds_semantic_similarity': 0.4199369251728058, 'avg_crds_cf_distance': 0.10610636323690414, 'num_valid_crds_neg': 168.0, 'epoch': 0.72}
{'loss': 0.0244, 'grad_norm': 0.109375, 'learning_rate': 0.0001991232876712329, 'loss_simcse': 0.024169921875, 'loss_crds': 0.020015791058540344, 'loss_total': 0.02437007986009121, 'avg_crds_neg_weight': 0.13697294890880585, 'avg_crds_reliability': 0.4371882677078247, 'avg_crds_semantic_similarity': 0.4559480845928192, 'avg_crds_cf_distance': 0.09808133542537689, 'num_valid_crds_neg': 190.0, 'epoch': 0.72}
{'loss': 0.0215, 'grad_norm': 0.09521484375, 'learning_rate': 0.00019901369863013698, 'loss_simcse': 0.021240234375, 'loss_crds': 0.023994363844394684, 'loss_total': 0.021480178460478783, 'avg_crds_neg_weight': 0.14001263678073883, 'avg_crds_reliability': 0.4406335949897766, 'avg_crds_semantic_similarity': 0.4596855640411377, 'avg_crds_cf_distance': 0.10427772998809814, 'num_valid_crds_neg': 150.0, 'epoch': 0.73}
{'loss': 0.0199, 'grad_norm': 0.0849609375, 'learning_rate': 0.00019890410958904112, 'loss_simcse': 0.019775390625, 'loss_crds': 0.0170370414853096, 'loss_total': 0.019945761188864708, 'avg_crds_neg_weight': 0.13224250078201294, 'avg_crds_reliability': 0.43151938915252686, 'avg_crds_semantic_similarity': 0.43547847867012024, 'avg_crds_cf_distance': 0.10193828493356705, 'num_valid_crds_neg': 182.0, 'epoch': 0.73}
{'loss': 0.0196, 'grad_norm': 0.08642578125, 'learning_rate': 0.0001987945205479452, 'loss_simcse': 0.0194091796875, 'loss_crds': 0.017819253727793694, 'loss_total': 0.01958737149834633, 'avg_crds_neg_weight': 0.13872724771499634, 'avg_crds_reliability': 0.4274008572101593, 'avg_crds_semantic_similarity': 0.453195184469223, 'avg_crds_cf_distance': 0.10165826976299286, 'num_valid_crds_neg': 170.0, 'epoch': 0.73}
{'loss': 0.0197, 'grad_norm': 0.076171875, 'learning_rate': 0.00019868493150684933, 'loss_simcse': 0.01953125, 'loss_crds': 0.01609865017235279, 'loss_total': 0.019692236557602882, 'avg_crds_neg_weight': 0.140053391456604, 'avg_crds_reliability': 0.4463849365711212, 'avg_crds_semantic_similarity': 0.4335792362689972, 'avg_crds_cf_distance': 0.10725069046020508, 'num_valid_crds_neg': 184.0, 'epoch': 0.73}
{'loss': 0.0197, 'grad_norm': 0.07861328125, 'learning_rate': 0.00019857534246575344, 'loss_simcse': 0.01953125, 'loss_crds': 0.016210617497563362, 'loss_total': 0.01969335600733757, 'avg_crds_neg_weight': 0.13935363292694092, 'avg_crds_reliability': 0.4476560354232788, 'avg_crds_semantic_similarity': 0.4467519521713257, 'avg_crds_cf_distance': 0.10741538554430008, 'num_valid_crds_neg': 196.0, 'epoch': 0.74}
{'loss': 0.0252, 'grad_norm': 0.08935546875, 'learning_rate': 0.00019846575342465753, 'loss_simcse': 0.0250244140625, 'loss_crds': 0.01676446571946144, 'loss_total': 0.025192059576511383, 'avg_crds_neg_weight': 0.13779543340206146, 'avg_crds_reliability': 0.43949660658836365, 'avg_crds_semantic_similarity': 0.4490169882774353, 'avg_crds_cf_distance': 0.09558617323637009, 'num_valid_crds_neg': 162.0, 'epoch': 0.74}
{'loss': 0.0196, 'grad_norm': 0.076171875, 'learning_rate': 0.00019835616438356165, 'loss_simcse': 0.0194091796875, 'loss_crds': 0.01448680181056261, 'loss_total': 0.019554046913981438, 'avg_crds_neg_weight': 0.13102814555168152, 'avg_crds_reliability': 0.42731747031211853, 'avg_crds_semantic_similarity': 0.41950058937072754, 'avg_crds_cf_distance': 0.10018014907836914, 'num_valid_crds_neg': 192.0, 'epoch': 0.74}
{'loss': 0.0197, 'grad_norm': 0.078125, 'learning_rate': 0.00019824657534246577, 'loss_simcse': 0.0194091796875, 'loss_crds': 0.02457095868885517, 'loss_total': 0.019654888659715652, 'avg_crds_neg_weight': 0.1432846635580063, 'avg_crds_reliability': 0.44450822472572327, 'avg_crds_semantic_similarity': 0.45644599199295044, 'avg_crds_cf_distance': 0.1065434142947197, 'num_valid_crds_neg': 162.0, 'epoch': 0.74}
{'loss': 0.0202, 'grad_norm': 0.07666015625, 'learning_rate': 0.00019813698630136988, 'loss_simcse': 0.02001953125, 'loss_crds': 0.016662979498505592, 'loss_total': 0.020186161622405052, 'avg_crds_neg_weight': 0.13449084758758545, 'avg_crds_reliability': 0.44735825061798096, 'avg_crds_semantic_similarity': 0.4361984431743622, 'avg_crds_cf_distance': 0.11736920475959778, 'num_valid_crds_neg': 144.0, 'epoch': 0.75}
{'loss': 0.0198, 'grad_norm': 0.07470703125, 'learning_rate': 0.00019802739726027397, 'loss_simcse': 0.0196533203125, 'loss_crds': 0.014998595230281353, 'loss_total': 0.019803306087851524, 'avg_crds_neg_weight': 0.14059436321258545, 'avg_crds_reliability': 0.46514785289764404, 'avg_crds_semantic_similarity': 0.42483747005462646, 'avg_crds_cf_distance': 0.10680897533893585, 'num_valid_crds_neg': 190.0, 'epoch': 0.75}
{'loss': 0.0206, 'grad_norm': 0.08740234375, 'learning_rate': 0.0001979178082191781, 'loss_simcse': 0.0203857421875, 'loss_crds': 0.017605628818273544, 'loss_total': 0.02056179940700531, 'avg_crds_neg_weight': 0.13678880035877228, 'avg_crds_reliability': 0.43557867407798767, 'avg_crds_semantic_similarity': 0.4366965591907501, 'avg_crds_cf_distance': 0.10376457870006561, 'num_valid_crds_neg': 138.0, 'epoch': 0.75}
{'loss': 0.0194, 'grad_norm': 0.07275390625, 'learning_rate': 0.0001978082191780822, 'loss_simcse': 0.019287109375, 'loss_crds': 0.012348798103630543, 'loss_total': 0.019410597160458565, 'avg_crds_neg_weight': 0.1433780938386917, 'avg_crds_reliability': 0.4535353481769562, 'avg_crds_semantic_similarity': 0.42686399817466736, 'avg_crds_cf_distance': 0.10473988205194473, 'num_valid_crds_neg': 168.0, 'epoch': 0.75}
{'loss': 0.0244, 'grad_norm': 0.07373046875, 'learning_rate': 0.0001976986301369863, 'loss_simcse': 0.024169921875, 'loss_crds': 0.023174896836280823, 'loss_total': 0.024401670321822166, 'avg_crds_neg_weight': 0.1399339735507965, 'avg_crds_reliability': 0.44878509640693665, 'avg_crds_semantic_similarity': 0.45550620555877686, 'avg_crds_cf_distance': 0.09689317643642426, 'num_valid_crds_neg': 174.0, 'epoch': 0.76}
{'loss': 0.0193, 'grad_norm': 0.07373046875, 'learning_rate': 0.00019758904109589044, 'loss_simcse': 0.0191650390625, 'loss_crds': 0.016679534688591957, 'loss_total': 0.019331835210323334, 'avg_crds_neg_weight': 0.13460533320903778, 'avg_crds_reliability': 0.4191824793815613, 'avg_crds_semantic_similarity': 0.4453285038471222, 'avg_crds_cf_distance': 0.09992771595716476, 'num_valid_crds_neg': 162.0, 'epoch': 0.76}
{'loss': 0.0208, 'grad_norm': 0.0908203125, 'learning_rate': 0.00019747945205479453, 'loss_simcse': 0.0206298828125, 'loss_crds': 0.016929278150200844, 'loss_total': 0.020799174904823303, 'avg_crds_neg_weight': 0.1412404179573059, 'avg_crds_reliability': 0.45540452003479004, 'avg_crds_semantic_similarity': 0.4449235200881958, 'avg_crds_cf_distance': 0.10241436958312988, 'num_valid_crds_neg': 174.0, 'epoch': 0.76}
{'loss': 0.0206, 'grad_norm': 0.083984375, 'learning_rate': 0.00019736986301369864, 'loss_simcse': 0.0203857421875, 'loss_crds': 0.017997965216636658, 'loss_total': 0.02056572213768959, 'avg_crds_neg_weight': 0.15095528960227966, 'avg_crds_reliability': 0.4584556818008423, 'avg_crds_semantic_similarity': 0.45013174414634705, 'avg_crds_cf_distance': 0.11170948296785355, 'num_valid_crds_neg': 168.0, 'epoch': 0.76}
{'loss': 0.0198, 'grad_norm': 0.08447265625, 'learning_rate': 0.00019726027397260273, 'loss_simcse': 0.0196533203125, 'loss_crds': 0.015417766757309437, 'loss_total': 0.019807498902082443, 'avg_crds_neg_weight': 0.138168066740036, 'avg_crds_reliability': 0.4307856857776642, 'avg_crds_semantic_similarity': 0.4262484908103943, 'avg_crds_cf_distance': 0.10100740939378738, 'num_valid_crds_neg': 182.0, 'epoch': 0.76}
{'loss': 0.0194, 'grad_norm': 0.07275390625, 'learning_rate': 0.00019715068493150685, 'loss_simcse': 0.019287109375, 'loss_crds': 0.0157605092972517, 'loss_total': 0.019444715231657028, 'avg_crds_neg_weight': 0.13369080424308777, 'avg_crds_reliability': 0.4342612028121948, 'avg_crds_semantic_similarity': 0.43317127227783203, 'avg_crds_cf_distance': 0.10090906918048859, 'num_valid_crds_neg': 174.0, 'epoch': 0.77}
{'loss': 0.0194, 'grad_norm': 0.07470703125, 'learning_rate': 0.00019704109589041097, 'loss_simcse': 0.019287109375, 'loss_crds': 0.013918611221015453, 'loss_total': 0.019426295533776283, 'avg_crds_neg_weight': 0.13630113005638123, 'avg_crds_reliability': 0.44036543369293213, 'avg_crds_semantic_similarity': 0.4464900493621826, 'avg_crds_cf_distance': 0.10222606360912323, 'num_valid_crds_neg': 178.0, 'epoch': 0.77}
{'loss': 0.0189, 'grad_norm': 0.06494140625, 'learning_rate': 0.00019693150684931508, 'loss_simcse': 0.018798828125, 'loss_crds': 0.01441744901239872, 'loss_total': 0.018943002447485924, 'avg_crds_neg_weight': 0.12743991613388062, 'avg_crds_reliability': 0.43155211210250854, 'avg_crds_semantic_similarity': 0.4203338325023651, 'avg_crds_cf_distance': 0.09506832808256149, 'num_valid_crds_neg': 182.0, 'epoch': 0.77}
{'loss': 0.019, 'grad_norm': 0.07177734375, 'learning_rate': 0.0001968219178082192, 'loss_simcse': 0.018798828125, 'loss_crds': 0.016029993072152138, 'loss_total': 0.018959127366542816, 'avg_crds_neg_weight': 0.13536210358142853, 'avg_crds_reliability': 0.44065794348716736, 'avg_crds_semantic_similarity': 0.4336315095424652, 'avg_crds_cf_distance': 0.10040775686502457, 'num_valid_crds_neg': 176.0, 'epoch': 0.77}
{'loss': 0.0198, 'grad_norm': 0.08154296875, 'learning_rate': 0.0001967123287671233, 'loss_simcse': 0.0196533203125, 'loss_crds': 0.01646464318037033, 'loss_total': 0.01981796696782112, 'avg_crds_neg_weight': 0.14460872113704681, 'avg_crds_reliability': 0.44486644864082336, 'avg_crds_semantic_similarity': 0.4415242373943329, 'avg_crds_cf_distance': 0.10184796899557114, 'num_valid_crds_neg': 188.0, 'epoch': 0.78}
{'loss': 0.0225, 'grad_norm': 0.119140625, 'learning_rate': 0.0001966027397260274, 'loss_simcse': 0.022216796875, 'loss_crds': 0.02665485255420208, 'loss_total': 0.02248334512114525, 'avg_crds_neg_weight': 0.14328309893608093, 'avg_crds_reliability': 0.42482471466064453, 'avg_crds_semantic_similarity': 0.46803104877471924, 'avg_crds_cf_distance': 0.10031711310148239, 'num_valid_crds_neg': 170.0, 'epoch': 0.78}
{'loss': 0.0205, 'grad_norm': 0.08984375, 'learning_rate': 0.00019649315068493152, 'loss_simcse': 0.0203857421875, 'loss_crds': 0.013322887010872364, 'loss_total': 0.020518971607089043, 'avg_crds_neg_weight': 0.13014371693134308, 'avg_crds_reliability': 0.4409734606742859, 'avg_crds_semantic_similarity': 0.4098849892616272, 'avg_crds_cf_distance': 0.10865219682455063, 'num_valid_crds_neg': 184.0, 'epoch': 0.78}
{'loss': 0.0194, 'grad_norm': 0.08154296875, 'learning_rate': 0.0001963835616438356, 'loss_simcse': 0.0191650390625, 'loss_crds': 0.021637385711073875, 'loss_total': 0.019381413236260414, 'avg_crds_neg_weight': 0.13903090357780457, 'avg_crds_reliability': 0.4419155716896057, 'avg_crds_semantic_similarity': 0.45080313086509705, 'avg_crds_cf_distance': 0.106633260846138, 'num_valid_crds_neg': 166.0, 'epoch': 0.78}
{'loss': 0.0193, 'grad_norm': 0.07958984375, 'learning_rate': 0.00019627397260273973, 'loss_simcse': 0.0191650390625, 'loss_crds': 0.016562439501285553, 'loss_total': 0.019330663606524467, 'avg_crds_neg_weight': 0.13573898375034332, 'avg_crds_reliability': 0.4421119689941406, 'avg_crds_semantic_similarity': 0.4225485920906067, 'avg_crds_cf_distance': 0.10781299322843552, 'num_valid_crds_neg': 186.0, 'epoch': 0.79}
{'loss': 0.0191, 'grad_norm': 0.068359375, 'learning_rate': 0.00019616438356164385, 'loss_simcse': 0.0189208984375, 'loss_crds': 0.018265042454004288, 'loss_total': 0.019103549420833588, 'avg_crds_neg_weight': 0.13429920375347137, 'avg_crds_reliability': 0.4340955913066864, 'avg_crds_semantic_similarity': 0.4528960883617401, 'avg_crds_cf_distance': 0.09671042114496231, 'num_valid_crds_neg': 164.0, 'epoch': 0.79}
{'loss': 0.019, 'grad_norm': 0.07080078125, 'learning_rate': 0.00019605479452054796, 'loss_simcse': 0.018798828125, 'loss_crds': 0.019575705751776695, 'loss_total': 0.018994584679603577, 'avg_crds_neg_weight': 0.1479002684354782, 'avg_crds_reliability': 0.4530911147594452, 'avg_crds_semantic_similarity': 0.4392366409301758, 'avg_crds_cf_distance': 0.09821780771017075, 'num_valid_crds_neg': 186.0, 'epoch': 0.79}
{'loss': 0.0199, 'grad_norm': 0.0810546875, 'learning_rate': 0.00019594520547945205, 'loss_simcse': 0.0196533203125, 'loss_crds': 0.020048443228006363, 'loss_total': 0.019853804260492325, 'avg_crds_neg_weight': 0.1355803906917572, 'avg_crds_reliability': 0.4334711730480194, 'avg_crds_semantic_similarity': 0.4559861123561859, 'avg_crds_cf_distance': 0.09570275992155075, 'num_valid_crds_neg': 182.0, 'epoch': 0.79}
{'loss': 0.019, 'grad_norm': 0.0712890625, 'learning_rate': 0.00019583561643835617, 'loss_simcse': 0.018798828125, 'loss_crds': 0.018198445439338684, 'loss_total': 0.018980812281370163, 'avg_crds_neg_weight': 0.1408304125070572, 'avg_crds_reliability': 0.45425257086753845, 'avg_crds_semantic_similarity': 0.44401171803474426, 'avg_crds_cf_distance': 0.10057328641414642, 'num_valid_crds_neg': 196.0, 'epoch': 0.8}
{'loss': 0.0207, 'grad_norm': 0.08984375, 'learning_rate': 0.00019572602739726029, 'loss_simcse': 0.0205078125, 'loss_crds': 0.015747468918561935, 'loss_total': 0.020665287971496582, 'avg_crds_neg_weight': 0.1450648158788681, 'avg_crds_reliability': 0.4692486524581909, 'avg_crds_semantic_similarity': 0.44213607907295227, 'avg_crds_cf_distance': 0.10921374708414078, 'num_valid_crds_neg': 176.0, 'epoch': 0.8}
{'loss': 0.0197, 'grad_norm': 0.0712890625, 'learning_rate': 0.0001956164383561644, 'loss_simcse': 0.01953125, 'loss_crds': 0.014810032211244106, 'loss_total': 0.019679350778460503, 'avg_crds_neg_weight': 0.13764089345932007, 'avg_crds_reliability': 0.4463917016983032, 'avg_crds_semantic_similarity': 0.4304429292678833, 'avg_crds_cf_distance': 0.10151959210634232, 'num_valid_crds_neg': 172.0, 'epoch': 0.8}
{'loss': 0.0213, 'grad_norm': 0.10009765625, 'learning_rate': 0.00019550684931506852, 'loss_simcse': 0.02099609375, 'loss_crds': 0.026118317618966103, 'loss_total': 0.021257277578115463, 'avg_crds_neg_weight': 0.1372794359922409, 'avg_crds_reliability': 0.4393141567707062, 'avg_crds_semantic_similarity': 0.4459834694862366, 'avg_crds_cf_distance': 0.09505991637706757, 'num_valid_crds_neg': 162.0, 'epoch': 0.8}
{'loss': 0.0193, 'grad_norm': 0.07421875, 'learning_rate': 0.0001953972602739726, 'loss_simcse': 0.0191650390625, 'loss_crds': 0.01597512885928154, 'loss_total': 0.019324790686368942, 'avg_crds_neg_weight': 0.1435212343931198, 'avg_crds_reliability': 0.4425339698791504, 'avg_crds_semantic_similarity': 0.4497400224208832, 'avg_crds_cf_distance': 0.1039963886141777, 'num_valid_crds_neg': 148.0, 'epoch': 0.8}
{'loss': 0.0207, 'grad_norm': 0.087890625, 'learning_rate': 0.00019528767123287672, 'loss_simcse': 0.0205078125, 'loss_crds': 0.019151831045746803, 'loss_total': 0.020699331536889076, 'avg_crds_neg_weight': 0.1417359560728073, 'avg_crds_reliability': 0.45669281482696533, 'avg_crds_semantic_similarity': 0.4456382989883423, 'avg_crds_cf_distance': 0.09790172427892685, 'num_valid_crds_neg': 182.0, 'epoch': 0.81}
{'loss': 0.019, 'grad_norm': 0.0712890625, 'learning_rate': 0.00019517808219178084, 'loss_simcse': 0.018798828125, 'loss_crds': 0.02004827745258808, 'loss_total': 0.018999310210347176, 'avg_crds_neg_weight': 0.14147530496120453, 'avg_crds_reliability': 0.44665583968162537, 'avg_crds_semantic_similarity': 0.43010538816452026, 'avg_crds_cf_distance': 0.10741737484931946, 'num_valid_crds_neg': 172.0, 'epoch': 0.81}
{'loss': 0.0259, 'grad_norm': 0.09716796875, 'learning_rate': 0.00019506849315068493, 'loss_simcse': 0.0257568359375, 'loss_crds': 0.011820295825600624, 'loss_total': 0.025875039398670197, 'avg_crds_neg_weight': 0.1273515671491623, 'avg_crds_reliability': 0.4314628839492798, 'avg_crds_semantic_similarity': 0.4296785295009613, 'avg_crds_cf_distance': 0.09559876471757889, 'num_valid_crds_neg': 158.0, 'epoch': 0.81}
{'loss': 0.0195, 'grad_norm': 0.078125, 'learning_rate': 0.00019495890410958905, 'loss_simcse': 0.019287109375, 'loss_crds': 0.023601103574037552, 'loss_total': 0.019523119553923607, 'avg_crds_neg_weight': 0.14589865505695343, 'avg_crds_reliability': 0.45702722668647766, 'avg_crds_semantic_similarity': 0.4730420410633087, 'avg_crds_cf_distance': 0.10218056291341782, 'num_valid_crds_neg': 186.0, 'epoch': 0.81}
{'loss': 0.019, 'grad_norm': 0.0703125, 'learning_rate': 0.00019484931506849316, 'loss_simcse': 0.0189208984375, 'loss_crds': 0.012866373173892498, 'loss_total': 0.019049562513828278, 'avg_crds_neg_weight': 0.1277736872434616, 'avg_crds_reliability': 0.4197079837322235, 'avg_crds_semantic_similarity': 0.4192962348461151, 'avg_crds_cf_distance': 0.09993794560432434, 'num_valid_crds_neg': 162.0, 'epoch': 0.82}
{'loss': 0.0199, 'grad_norm': 0.07177734375, 'learning_rate': 0.00019473972602739728, 'loss_simcse': 0.019775390625, 'loss_crds': 0.014823856763541698, 'loss_total': 0.019923629239201546, 'avg_crds_neg_weight': 0.13524937629699707, 'avg_crds_reliability': 0.4383447766304016, 'avg_crds_semantic_similarity': 0.44447991251945496, 'avg_crds_cf_distance': 0.10526516288518906, 'num_valid_crds_neg': 202.0, 'epoch': 0.82}
{'loss': 0.0191, 'grad_norm': 0.0673828125, 'learning_rate': 0.00019463013698630137, 'loss_simcse': 0.0189208984375, 'loss_crds': 0.01707887463271618, 'loss_total': 0.019091688096523285, 'avg_crds_neg_weight': 0.13709791004657745, 'avg_crds_reliability': 0.43062999844551086, 'avg_crds_semantic_similarity': 0.4378131926059723, 'avg_crds_cf_distance': 0.10486320406198502, 'num_valid_crds_neg': 206.0, 'epoch': 0.82}
{'loss': 0.0188, 'grad_norm': 0.07373046875, 'learning_rate': 0.00019452054794520549, 'loss_simcse': 0.0186767578125, 'loss_crds': 0.011814248748123646, 'loss_total': 0.018794899806380272, 'avg_crds_neg_weight': 0.13385802507400513, 'avg_crds_reliability': 0.43603405356407166, 'avg_crds_semantic_similarity': 0.41934433579444885, 'avg_crds_cf_distance': 0.1091107726097107, 'num_valid_crds_neg': 184.0, 'epoch': 0.82}
{'loss': 0.0187, 'grad_norm': 0.080078125, 'learning_rate': 0.0001944109589041096, 'loss_simcse': 0.0185546875, 'loss_crds': 0.017496058717370033, 'loss_total': 0.018729647621512413, 'avg_crds_neg_weight': 0.13599912822246552, 'avg_crds_reliability': 0.42765775322914124, 'avg_crds_semantic_similarity': 0.4461402893066406, 'avg_crds_cf_distance': 0.10274127125740051, 'num_valid_crds_neg': 188.0, 'epoch': 0.83}
{'loss': 0.019, 'grad_norm': 0.06787109375, 'learning_rate': 0.0001943013698630137, 'loss_simcse': 0.018798828125, 'loss_crds': 0.01804164983332157, 'loss_total': 0.01897924393415451, 'avg_crds_neg_weight': 0.14153920114040375, 'avg_crds_reliability': 0.4341576397418976, 'avg_crds_semantic_similarity': 0.4505046606063843, 'avg_crds_cf_distance': 0.10470361262559891, 'num_valid_crds_neg': 168.0, 'epoch': 0.83}
{'loss': 0.0193, 'grad_norm': 0.078125, 'learning_rate': 0.00019419178082191784, 'loss_simcse': 0.0191650390625, 'loss_crds': 0.01345926895737648, 'loss_total': 0.01929963193833828, 'avg_crds_neg_weight': 0.1377241313457489, 'avg_crds_reliability': 0.4397289454936981, 'avg_crds_semantic_similarity': 0.4389590322971344, 'avg_crds_cf_distance': 0.10506096482276917, 'num_valid_crds_neg': 178.0, 'epoch': 0.83}
{'loss': 0.0192, 'grad_norm': 0.0771484375, 'learning_rate': 0.00019408219178082193, 'loss_simcse': 0.01904296875, 'loss_crds': 0.014328256249427795, 'loss_total': 0.019186250865459442, 'avg_crds_neg_weight': 0.1341475248336792, 'avg_crds_reliability': 0.4386547803878784, 'avg_crds_semantic_similarity': 0.4383608102798462, 'avg_crds_cf_distance': 0.09962708503007889, 'num_valid_crds_neg': 190.0, 'epoch': 0.83}
{'loss': 0.0188, 'grad_norm': 0.0712890625, 'learning_rate': 0.00019397260273972604, 'loss_simcse': 0.0186767578125, 'loss_crds': 0.013017173856496811, 'loss_total': 0.018806928768754005, 'avg_crds_neg_weight': 0.1363842934370041, 'avg_crds_reliability': 0.42635858058929443, 'avg_crds_semantic_similarity': 0.45328488945961, 'avg_crds_cf_distance': 0.09484495967626572, 'num_valid_crds_neg': 182.0, 'epoch': 0.84}
{'loss': 0.0188, 'grad_norm': 0.07470703125, 'learning_rate': 0.00019386301369863013, 'loss_simcse': 0.0186767578125, 'loss_crds': 0.015985732898116112, 'loss_total': 0.01883661560714245, 'avg_crds_neg_weight': 0.1359039843082428, 'avg_crds_reliability': 0.4202263653278351, 'avg_crds_semantic_similarity': 0.4601987898349762, 'avg_crds_cf_distance': 0.08804187178611755, 'num_valid_crds_neg': 148.0, 'epoch': 0.84}
{'loss': 0.0191, 'grad_norm': 0.07763671875, 'learning_rate': 0.00019375342465753425, 'loss_simcse': 0.0189208984375, 'loss_crds': 0.017838632687926292, 'loss_total': 0.01909928396344185, 'avg_crds_neg_weight': 0.14344872534275055, 'avg_crds_reliability': 0.4459950923919678, 'avg_crds_semantic_similarity': 0.4516766667366028, 'avg_crds_cf_distance': 0.1037728488445282, 'num_valid_crds_neg': 184.0, 'epoch': 0.84}
{'loss': 0.0192, 'grad_norm': 0.076171875, 'learning_rate': 0.00019364383561643836, 'loss_simcse': 0.01904296875, 'loss_crds': 0.015416591428220272, 'loss_total': 0.0191971343010664, 'avg_crds_neg_weight': 0.13622334599494934, 'avg_crds_reliability': 0.4328598380088806, 'avg_crds_semantic_similarity': 0.43822944164276123, 'avg_crds_cf_distance': 0.10307979583740234, 'num_valid_crds_neg': 200.0, 'epoch': 0.84}
{'loss': 0.0187, 'grad_norm': 0.0703125, 'learning_rate': 0.00019353424657534248, 'loss_simcse': 0.0185546875, 'loss_crds': 0.012344339862465858, 'loss_total': 0.018678130581974983, 'avg_crds_neg_weight': 0.1374596506357193, 'avg_crds_reliability': 0.43061399459838867, 'avg_crds_semantic_similarity': 0.4195183217525482, 'avg_crds_cf_distance': 0.10383488982915878, 'num_valid_crds_neg': 196.0, 'epoch': 0.84}
{'loss': 0.0188, 'grad_norm': 0.083984375, 'learning_rate': 0.0001934246575342466, 'loss_simcse': 0.0186767578125, 'loss_crds': 0.015467386692762375, 'loss_total': 0.01883143186569214, 'avg_crds_neg_weight': 0.1358710378408432, 'avg_crds_reliability': 0.4421224594116211, 'avg_crds_semantic_similarity': 0.4515226185321808, 'avg_crds_cf_distance': 0.09841278195381165, 'num_valid_crds_neg': 154.0, 'epoch': 0.85}
{'loss': 0.0185, 'grad_norm': 0.0654296875, 'learning_rate': 0.0001933150684931507, 'loss_simcse': 0.018310546875, 'loss_crds': 0.014752773568034172, 'loss_total': 0.01845807395875454, 'avg_crds_neg_weight': 0.13711071014404297, 'avg_crds_reliability': 0.43927431106567383, 'avg_crds_semantic_similarity': 0.43644940853118896, 'avg_crds_cf_distance': 0.10276255011558533, 'num_valid_crds_neg': 188.0, 'epoch': 0.85}
{'loss': 0.0193, 'grad_norm': 0.0732421875, 'learning_rate': 0.0001932054794520548, 'loss_simcse': 0.0191650390625, 'loss_crds': 0.012891225516796112, 'loss_total': 0.019293950870633125, 'avg_crds_neg_weight': 0.12819038331508636, 'avg_crds_reliability': 0.41504010558128357, 'avg_crds_semantic_similarity': 0.4345022141933441, 'avg_crds_cf_distance': 0.09496401995420456, 'num_valid_crds_neg': 168.0, 'epoch': 0.85}
{'loss': 0.0186, 'grad_norm': 0.07373046875, 'learning_rate': 0.00019309589041095892, 'loss_simcse': 0.0184326171875, 'loss_crds': 0.014518102630972862, 'loss_total': 0.01857779733836651, 'avg_crds_neg_weight': 0.1376924365758896, 'avg_crds_reliability': 0.4182436168193817, 'avg_crds_semantic_similarity': 0.4576990008354187, 'avg_crds_cf_distance': 0.09599354863166809, 'num_valid_crds_neg': 166.0, 'epoch': 0.85}
{'loss': 0.0186, 'grad_norm': 0.064453125, 'learning_rate': 0.000192986301369863, 'loss_simcse': 0.0184326171875, 'loss_crds': 0.019783638417720795, 'loss_total': 0.018630454316735268, 'avg_crds_neg_weight': 0.14451991021633148, 'avg_crds_reliability': 0.4599051773548126, 'avg_crds_semantic_similarity': 0.43490442633628845, 'avg_crds_cf_distance': 0.1013440489768982, 'num_valid_crds_neg': 196.0, 'epoch': 0.86}
{'loss': 0.0181, 'grad_norm': 0.062255859375, 'learning_rate': 0.00019287671232876713, 'loss_simcse': 0.0179443359375, 'loss_crds': 0.0171924140304327, 'loss_total': 0.018116259947419167, 'avg_crds_neg_weight': 0.13353747129440308, 'avg_crds_reliability': 0.42602676153182983, 'avg_crds_semantic_similarity': 0.44688117504119873, 'avg_crds_cf_distance': 0.09464036673307419, 'num_valid_crds_neg': 168.0, 'epoch': 0.86}
{'loss': 0.0191, 'grad_norm': 0.0693359375, 'learning_rate': 0.00019276712328767124, 'loss_simcse': 0.0189208984375, 'loss_crds': 0.01914956606924534, 'loss_total': 0.019112393260002136, 'avg_crds_neg_weight': 0.151988685131073, 'avg_crds_reliability': 0.4749886095523834, 'avg_crds_semantic_similarity': 0.449160635471344, 'avg_crds_cf_distance': 0.11017197370529175, 'num_valid_crds_neg': 184.0, 'epoch': 0.86}
{'loss': 0.019, 'grad_norm': 0.07568359375, 'learning_rate': 0.00019265753424657536, 'loss_simcse': 0.0189208984375, 'loss_crds': 0.011852235533297062, 'loss_total': 0.019039420410990715, 'avg_crds_neg_weight': 0.13318760693073273, 'avg_crds_reliability': 0.4404735565185547, 'avg_crds_semantic_similarity': 0.421303927898407, 'avg_crds_cf_distance': 0.10990589112043381, 'num_valid_crds_neg': 168.0, 'epoch': 0.86}
{'loss': 0.0204, 'grad_norm': 0.08203125, 'learning_rate': 0.00019254794520547945, 'loss_simcse': 0.0201416015625, 'loss_crds': 0.021086523309350014, 'loss_total': 0.02035246603190899, 'avg_crds_neg_weight': 0.1492316722869873, 'avg_crds_reliability': 0.45767825841903687, 'avg_crds_semantic_similarity': 0.4674506187438965, 'avg_crds_cf_distance': 0.10712739080190659, 'num_valid_crds_neg': 192.0, 'epoch': 0.87}
{'loss': 0.0226, 'grad_norm': 0.11376953125, 'learning_rate': 0.00019243835616438357, 'loss_simcse': 0.0224609375, 'loss_crds': 0.01544042956084013, 'loss_total': 0.0226153414696455, 'avg_crds_neg_weight': 0.13304930925369263, 'avg_crds_reliability': 0.428890198469162, 'avg_crds_semantic_similarity': 0.45064014196395874, 'avg_crds_cf_distance': 0.09222100675106049, 'num_valid_crds_neg': 158.0, 'epoch': 0.87}
{'loss': 0.0194, 'grad_norm': 0.0888671875, 'learning_rate': 0.00019232876712328768, 'loss_simcse': 0.019287109375, 'loss_crds': 0.013269009068608284, 'loss_total': 0.019419798627495766, 'avg_crds_neg_weight': 0.13275296986103058, 'avg_crds_reliability': 0.41570141911506653, 'avg_crds_semantic_similarity': 0.4442760944366455, 'avg_crds_cf_distance': 0.09966756403446198, 'num_valid_crds_neg': 154.0, 'epoch': 0.87}
{'loss': 0.0184, 'grad_norm': 0.06640625, 'learning_rate': 0.0001922191780821918, 'loss_simcse': 0.0181884765625, 'loss_crds': 0.016831615939736366, 'loss_total': 0.018356792628765106, 'avg_crds_neg_weight': 0.1348005086183548, 'avg_crds_reliability': 0.4323519468307495, 'avg_crds_semantic_similarity': 0.4400066137313843, 'avg_crds_cf_distance': 0.1003018170595169, 'num_valid_crds_neg': 210.0, 'epoch': 0.87}
{'loss': 0.0189, 'grad_norm': 0.07861328125, 'learning_rate': 0.00019210958904109592, 'loss_simcse': 0.018798828125, 'loss_crds': 0.014553788118064404, 'loss_total': 0.01894436590373516, 'avg_crds_neg_weight': 0.13357149064540863, 'avg_crds_reliability': 0.433025062084198, 'avg_crds_semantic_similarity': 0.4388894736766815, 'avg_crds_cf_distance': 0.10788897424936295, 'num_valid_crds_neg': 174.0, 'epoch': 0.88}
{'loss': 0.0186, 'grad_norm': 0.06689453125, 'learning_rate': 0.000192, 'loss_simcse': 0.0184326171875, 'loss_crds': 0.01648728922009468, 'loss_total': 0.018597489222884178, 'avg_crds_neg_weight': 0.14585058391094208, 'avg_crds_reliability': 0.4478955566883087, 'avg_crds_semantic_similarity': 0.449445515871048, 'avg_crds_cf_distance': 0.10892553627490997, 'num_valid_crds_neg': 180.0, 'epoch': 0.88}
{'loss': 0.0192, 'grad_norm': 0.07421875, 'learning_rate': 0.00019189041095890412, 'loss_simcse': 0.01904296875, 'loss_crds': 0.01753288507461548, 'loss_total': 0.01921829767525196, 'avg_crds_neg_weight': 0.14359158277511597, 'avg_crds_reliability': 0.43779852986335754, 'avg_crds_semantic_similarity': 0.4376749098300934, 'avg_crds_cf_distance': 0.10280104726552963, 'num_valid_crds_neg': 186.0, 'epoch': 0.88}
{'loss': 0.0227, 'grad_norm': 0.08837890625, 'learning_rate': 0.0001917808219178082, 'loss_simcse': 0.0225830078125, 'loss_crds': 0.015772268176078796, 'loss_total': 0.02274073101580143, 'avg_crds_neg_weight': 0.13529838621616364, 'avg_crds_reliability': 0.42698612809181213, 'avg_crds_semantic_similarity': 0.4359632432460785, 'avg_crds_cf_distance': 0.1070236787199974, 'num_valid_crds_neg': 178.0, 'epoch': 0.88}
{'loss': 0.021, 'grad_norm': 0.1005859375, 'learning_rate': 0.00019167123287671233, 'loss_simcse': 0.0208740234375, 'loss_crds': 0.015721797943115234, 'loss_total': 0.021031241863965988, 'avg_crds_neg_weight': 0.1352756768465042, 'avg_crds_reliability': 0.42140093445777893, 'avg_crds_semantic_similarity': 0.4516024887561798, 'avg_crds_cf_distance': 0.10671558231115341, 'num_valid_crds_neg': 174.0, 'epoch': 0.88}
{'loss': 0.0184, 'grad_norm': 0.0732421875, 'learning_rate': 0.00019156164383561644, 'loss_simcse': 0.0181884765625, 'loss_crds': 0.01705591380596161, 'loss_total': 0.01835903525352478, 'avg_crds_neg_weight': 0.13973024487495422, 'avg_crds_reliability': 0.4304330050945282, 'avg_crds_semantic_similarity': 0.4446702003479004, 'avg_crds_cf_distance': 0.10755319148302078, 'num_valid_crds_neg': 168.0, 'epoch': 0.89}
{'loss': 0.0196, 'grad_norm': 0.08447265625, 'learning_rate': 0.00019145205479452056, 'loss_simcse': 0.0194091796875, 'loss_crds': 0.02111748978495598, 'loss_total': 0.01962035521864891, 'avg_crds_neg_weight': 0.14088056981563568, 'avg_crds_reliability': 0.4423663914203644, 'avg_crds_semantic_similarity': 0.4501429796218872, 'avg_crds_cf_distance': 0.0974990651011467, 'num_valid_crds_neg': 184.0, 'epoch': 0.89}
{'loss': 0.0192, 'grad_norm': 0.07177734375, 'learning_rate': 0.00019134246575342468, 'loss_simcse': 0.01904296875, 'loss_crds': 0.01323120016604662, 'loss_total': 0.019175279885530472, 'avg_crds_neg_weight': 0.14300888776779175, 'avg_crds_reliability': 0.4596277177333832, 'avg_crds_semantic_similarity': 0.4306965470314026, 'avg_crds_cf_distance': 0.1034381315112114, 'num_valid_crds_neg': 166.0, 'epoch': 0.89}
{'loss': 0.0197, 'grad_norm': 0.07958984375, 'learning_rate': 0.00019123287671232877, 'loss_simcse': 0.01953125, 'loss_crds': 0.014679967425763607, 'loss_total': 0.01967804878950119, 'avg_crds_neg_weight': 0.13302358984947205, 'avg_crds_reliability': 0.4223974347114563, 'avg_crds_semantic_similarity': 0.4265829920768738, 'avg_crds_cf_distance': 0.110469289124012, 'num_valid_crds_neg': 172.0, 'epoch': 0.89}
{'loss': 0.0189, 'grad_norm': 0.07470703125, 'learning_rate': 0.00019112328767123288, 'loss_simcse': 0.0186767578125, 'loss_crds': 0.020045172423124313, 'loss_total': 0.018877210095524788, 'avg_crds_neg_weight': 0.13670256733894348, 'avg_crds_reliability': 0.4488206207752228, 'avg_crds_semantic_similarity': 0.4445509612560272, 'avg_crds_cf_distance': 0.10076465457677841, 'num_valid_crds_neg': 182.0, 'epoch': 0.9}
{'loss': 0.0186, 'grad_norm': 0.06689453125, 'learning_rate': 0.000191013698630137, 'loss_simcse': 0.0184326171875, 'loss_crds': 0.014849808998405933, 'loss_total': 0.01858111470937729, 'avg_crds_neg_weight': 0.13548879325389862, 'avg_crds_reliability': 0.4284859895706177, 'avg_crds_semantic_similarity': 0.4439879059791565, 'avg_crds_cf_distance': 0.10089787095785141, 'num_valid_crds_neg': 186.0, 'epoch': 0.9}
{'loss': 0.0197, 'grad_norm': 0.0810546875, 'learning_rate': 0.0001909041095890411, 'loss_simcse': 0.01953125, 'loss_crds': 0.013591697439551353, 'loss_total': 0.019667167216539383, 'avg_crds_neg_weight': 0.1398717612028122, 'avg_crds_reliability': 0.44559377431869507, 'avg_crds_semantic_similarity': 0.4356510639190674, 'avg_crds_cf_distance': 0.10464045405387878, 'num_valid_crds_neg': 190.0, 'epoch': 0.9}
{'loss': 0.0187, 'grad_norm': 0.064453125, 'learning_rate': 0.00019079452054794523, 'loss_simcse': 0.0185546875, 'loss_crds': 0.016873760148882866, 'loss_total': 0.018723424524068832, 'avg_crds_neg_weight': 0.13856373727321625, 'avg_crds_reliability': 0.43260425329208374, 'avg_crds_semantic_similarity': 0.4406941831111908, 'avg_crds_cf_distance': 0.10843057930469513, 'num_valid_crds_neg': 164.0, 'epoch': 0.9}
{'loss': 0.0191, 'grad_norm': 0.07275390625, 'learning_rate': 0.00019068493150684932, 'loss_simcse': 0.0189208984375, 'loss_crds': 0.01667635142803192, 'loss_total': 0.019087661057710648, 'avg_crds_neg_weight': 0.14205683767795563, 'avg_crds_reliability': 0.4388091266155243, 'avg_crds_semantic_similarity': 0.44409462809562683, 'avg_crds_cf_distance': 0.10278952121734619, 'num_valid_crds_neg': 166.0, 'epoch': 0.91}
{'loss': 0.0186, 'grad_norm': 0.06591796875, 'learning_rate': 0.00019057534246575344, 'loss_simcse': 0.0184326171875, 'loss_crds': 0.015056496486067772, 'loss_total': 0.018583182245492935, 'avg_crds_neg_weight': 0.13741208612918854, 'avg_crds_reliability': 0.4405975341796875, 'avg_crds_semantic_similarity': 0.44757071137428284, 'avg_crds_cf_distance': 0.10751181840896606, 'num_valid_crds_neg': 178.0, 'epoch': 0.91}
{'loss': 0.0188, 'grad_norm': 0.06396484375, 'learning_rate': 0.00019046575342465753, 'loss_simcse': 0.0186767578125, 'loss_crds': 0.015757067129015923, 'loss_total': 0.018834328278899193, 'avg_crds_neg_weight': 0.14136095345020294, 'avg_crds_reliability': 0.45705899596214294, 'avg_crds_semantic_similarity': 0.43717291951179504, 'avg_crds_cf_distance': 0.1063067615032196, 'num_valid_crds_neg': 166.0, 'epoch': 0.91}
{'loss': 0.0186, 'grad_norm': 0.05859375, 'learning_rate': 0.00019035616438356165, 'loss_simcse': 0.0184326171875, 'loss_crds': 0.02110559120774269, 'loss_total': 0.01864367350935936, 'avg_crds_neg_weight': 0.14678339660167694, 'avg_crds_reliability': 0.47763583064079285, 'avg_crds_semantic_similarity': 0.4581258296966553, 'avg_crds_cf_distance': 0.10131094604730606, 'num_valid_crds_neg': 176.0, 'epoch': 0.91}
{'loss': 0.0193, 'grad_norm': 0.0703125, 'learning_rate': 0.00019024657534246576, 'loss_simcse': 0.0191650390625, 'loss_crds': 0.0165120717138052, 'loss_total': 0.019330160692334175, 'avg_crds_neg_weight': 0.13539138436317444, 'avg_crds_reliability': 0.42339029908180237, 'avg_crds_semantic_similarity': 0.44157475233078003, 'avg_crds_cf_distance': 0.10213322937488556, 'num_valid_crds_neg': 186.0, 'epoch': 0.92}
{'loss': 0.0184, 'grad_norm': 0.0634765625, 'learning_rate': 0.00019013698630136988, 'loss_simcse': 0.018310546875, 'loss_crds': 0.013112581335008144, 'loss_total': 0.01844167336821556, 'avg_crds_neg_weight': 0.1382734477519989, 'avg_crds_reliability': 0.4473415017127991, 'avg_crds_semantic_similarity': 0.4344603717327118, 'avg_crds_cf_distance': 0.10084982216358185, 'num_valid_crds_neg': 182.0, 'epoch': 0.92}
{'loss': 0.0226, 'grad_norm': 0.078125, 'learning_rate': 0.000190027397260274, 'loss_simcse': 0.0224609375, 'loss_crds': 0.015721065923571587, 'loss_total': 0.02261814847588539, 'avg_crds_neg_weight': 0.14112980663776398, 'avg_crds_reliability': 0.44281643629074097, 'avg_crds_semantic_similarity': 0.43855971097946167, 'avg_crds_cf_distance': 0.10695575177669525, 'num_valid_crds_neg': 178.0, 'epoch': 0.92}
{'loss': 0.0209, 'grad_norm': 0.08447265625, 'learning_rate': 0.00018991780821917808, 'loss_simcse': 0.020751953125, 'loss_crds': 0.014694252982735634, 'loss_total': 0.02089889533817768, 'avg_crds_neg_weight': 0.13875602185726166, 'avg_crds_reliability': 0.4284428358078003, 'avg_crds_semantic_similarity': 0.45759037137031555, 'avg_crds_cf_distance': 0.09749026596546173, 'num_valid_crds_neg': 190.0, 'epoch': 0.92}
{'loss': 0.0242, 'grad_norm': 0.064453125, 'learning_rate': 0.0001898082191780822, 'loss_simcse': 0.0240478515625, 'loss_crds': 0.01719631627202034, 'loss_total': 0.0242198146879673, 'avg_crds_neg_weight': 0.13775120675563812, 'avg_crds_reliability': 0.4476470351219177, 'avg_crds_semantic_similarity': 0.4496155381202698, 'avg_crds_cf_distance': 0.10386613756418228, 'num_valid_crds_neg': 182.0, 'epoch': 0.92}
{'loss': 0.0182, 'grad_norm': 0.0654296875, 'learning_rate': 0.0001896986301369863, 'loss_simcse': 0.01806640625, 'loss_crds': 0.013387179002165794, 'loss_total': 0.018200278282165527, 'avg_crds_neg_weight': 0.13690529763698578, 'avg_crds_reliability': 0.4428219199180603, 'avg_crds_semantic_similarity': 0.4266872704029083, 'avg_crds_cf_distance': 0.09939738363027573, 'num_valid_crds_neg': 186.0, 'epoch': 0.93}
{'loss': 0.0182, 'grad_norm': 0.057861328125, 'learning_rate': 0.0001895890410958904, 'loss_simcse': 0.01806640625, 'loss_crds': 0.012158285826444626, 'loss_total': 0.0181879885494709, 'avg_crds_neg_weight': 0.13108353316783905, 'avg_crds_reliability': 0.4267982244491577, 'avg_crds_semantic_similarity': 0.4286777377128601, 'avg_crds_cf_distance': 0.1010957732796669, 'num_valid_crds_neg': 170.0, 'epoch': 0.93}
{'loss': 0.0181, 'grad_norm': 0.0576171875, 'learning_rate': 0.00018947945205479455, 'loss_simcse': 0.0179443359375, 'loss_crds': 0.014516356401145458, 'loss_total': 0.018089499324560165, 'avg_crds_neg_weight': 0.13860754668712616, 'avg_crds_reliability': 0.4404769241809845, 'avg_crds_semantic_similarity': 0.43841496109962463, 'avg_crds_cf_distance': 0.10252442955970764, 'num_valid_crds_neg': 178.0, 'epoch': 0.93}
{'loss': 0.0189, 'grad_norm': 0.064453125, 'learning_rate': 0.00018936986301369864, 'loss_simcse': 0.0186767578125, 'loss_crds': 0.02199084684252739, 'loss_total': 0.018896665424108505, 'avg_crds_neg_weight': 0.13560384511947632, 'avg_crds_reliability': 0.43934157490730286, 'avg_crds_semantic_similarity': 0.4603481888771057, 'avg_crds_cf_distance': 0.10049819201231003, 'num_valid_crds_neg': 162.0, 'epoch': 0.93}
{'loss': 0.0183, 'grad_norm': 0.057861328125, 'learning_rate': 0.00018926027397260276, 'loss_simcse': 0.0181884765625, 'loss_crds': 0.01517657469958067, 'loss_total': 0.01834024302661419, 'avg_crds_neg_weight': 0.13933809101581573, 'avg_crds_reliability': 0.44764286279678345, 'avg_crds_semantic_similarity': 0.43802735209465027, 'avg_crds_cf_distance': 0.10084642469882965, 'num_valid_crds_neg': 192.0, 'epoch': 0.94}
{'loss': 0.0183, 'grad_norm': 0.06201171875, 'learning_rate': 0.00018915068493150685, 'loss_simcse': 0.0181884765625, 'loss_crds': 0.01370480377227068, 'loss_total': 0.018325524404644966, 'avg_crds_neg_weight': 0.13356827199459076, 'avg_crds_reliability': 0.4291131794452667, 'avg_crds_semantic_similarity': 0.448091983795166, 'avg_crds_cf_distance': 0.10787463933229446, 'num_valid_crds_neg': 166.0, 'epoch': 0.94}
{'loss': 0.0219, 'grad_norm': 0.09130859375, 'learning_rate': 0.00018904109589041096, 'loss_simcse': 0.021728515625, 'loss_crds': 0.015243767760694027, 'loss_total': 0.021880952641367912, 'avg_crds_neg_weight': 0.13385403156280518, 'avg_crds_reliability': 0.4317066967487335, 'avg_crds_semantic_similarity': 0.43131762742996216, 'avg_crds_cf_distance': 0.10884851962327957, 'num_valid_crds_neg': 190.0, 'epoch': 0.94}
{'loss': 0.0189, 'grad_norm': 0.0634765625, 'learning_rate': 0.00018893150684931508, 'loss_simcse': 0.0186767578125, 'loss_crds': 0.018747080117464066, 'loss_total': 0.018864229321479797, 'avg_crds_neg_weight': 0.13462604582309723, 'avg_crds_reliability': 0.4207330644130707, 'avg_crds_semantic_similarity': 0.4691978693008423, 'avg_crds_cf_distance': 0.10276481509208679, 'num_valid_crds_neg': 200.0, 'epoch': 0.94}
{'loss': 0.018, 'grad_norm': 0.0625, 'learning_rate': 0.0001888219178082192, 'loss_simcse': 0.017822265625, 'loss_crds': 0.015519138425588608, 'loss_total': 0.017977457493543625, 'avg_crds_neg_weight': 0.13018108904361725, 'avg_crds_reliability': 0.42707738280296326, 'avg_crds_semantic_similarity': 0.45144638419151306, 'avg_crds_cf_distance': 0.09574741125106812, 'num_valid_crds_neg': 176.0, 'epoch': 0.95}
{'loss': 0.0189, 'grad_norm': 0.06396484375, 'learning_rate': 0.0001887123287671233, 'loss_simcse': 0.018798828125, 'loss_crds': 0.010965858586132526, 'loss_total': 0.018908487632870674, 'avg_crds_neg_weight': 0.13134999573230743, 'avg_crds_reliability': 0.42900678515434265, 'avg_crds_semantic_similarity': 0.4268926680088043, 'avg_crds_cf_distance': 0.09710638225078583, 'num_valid_crds_neg': 164.0, 'epoch': 0.95}
{'loss': 0.019, 'grad_norm': 0.072265625, 'learning_rate': 0.0001886027397260274, 'loss_simcse': 0.018798828125, 'loss_crds': 0.01664848066866398, 'loss_total': 0.018965313211083412, 'avg_crds_neg_weight': 0.13899657130241394, 'avg_crds_reliability': 0.4549582600593567, 'avg_crds_semantic_similarity': 0.4474939703941345, 'avg_crds_cf_distance': 0.10549182444810867, 'num_valid_crds_neg': 172.0, 'epoch': 0.95}
{'loss': 0.0186, 'grad_norm': 0.0654296875, 'learning_rate': 0.00018849315068493152, 'loss_simcse': 0.0184326171875, 'loss_crds': 0.013008366338908672, 'loss_total': 0.01856270059943199, 'avg_crds_neg_weight': 0.12677821516990662, 'avg_crds_reliability': 0.41710376739501953, 'avg_crds_semantic_similarity': 0.42585089802742004, 'avg_crds_cf_distance': 0.09824544191360474, 'num_valid_crds_neg': 180.0, 'epoch': 0.95}
{'loss': 0.018, 'grad_norm': 0.062255859375, 'learning_rate': 0.0001883835616438356, 'loss_simcse': 0.017822265625, 'loss_crds': 0.02207186259329319, 'loss_total': 0.01804298348724842, 'avg_crds_neg_weight': 0.14331401884555817, 'avg_crds_reliability': 0.4400773346424103, 'avg_crds_semantic_similarity': 0.4720557928085327, 'avg_crds_cf_distance': 0.09930609911680222, 'num_valid_crds_neg': 182.0, 'epoch': 0.96}
{'loss': 0.0181, 'grad_norm': 0.06103515625, 'learning_rate': 0.00018827397260273972, 'loss_simcse': 0.0179443359375, 'loss_crds': 0.014552703127264977, 'loss_total': 0.018089862540364265, 'avg_crds_neg_weight': 0.13609834015369415, 'avg_crds_reliability': 0.44059446454048157, 'avg_crds_semantic_similarity': 0.43916693329811096, 'avg_crds_cf_distance': 0.10066869854927063, 'num_valid_crds_neg': 174.0, 'epoch': 0.96}
{'loss': 0.0185, 'grad_norm': 0.0654296875, 'learning_rate': 0.00018816438356164384, 'loss_simcse': 0.018310546875, 'loss_crds': 0.01622677594423294, 'loss_total': 0.018472814932465553, 'avg_crds_neg_weight': 0.14310869574546814, 'avg_crds_reliability': 0.4425613284111023, 'avg_crds_semantic_similarity': 0.4425731301307678, 'avg_crds_cf_distance': 0.10150433331727982, 'num_valid_crds_neg': 210.0, 'epoch': 0.96}
{'loss': 0.0183, 'grad_norm': 0.06396484375, 'learning_rate': 0.00018805479452054796, 'loss_simcse': 0.01806640625, 'loss_crds': 0.01842321641743183, 'loss_total': 0.018250638619065285, 'avg_crds_neg_weight': 0.13851623237133026, 'avg_crds_reliability': 0.4456091523170471, 'avg_crds_semantic_similarity': 0.45980069041252136, 'avg_crds_cf_distance': 0.10033966600894928, 'num_valid_crds_neg': 170.0, 'epoch': 0.96}
{'loss': 0.0195, 'grad_norm': 0.08203125, 'learning_rate': 0.00018794520547945207, 'loss_simcse': 0.0194091796875, 'loss_crds': 0.013637172058224678, 'loss_total': 0.019545551389455795, 'avg_crds_neg_weight': 0.137644425034523, 'avg_crds_reliability': 0.43483981490135193, 'avg_crds_semantic_similarity': 0.4528716206550598, 'avg_crds_cf_distance': 0.10415373742580414, 'num_valid_crds_neg': 170.0, 'epoch': 0.96}
{'loss': 0.0203, 'grad_norm': 0.1015625, 'learning_rate': 0.00018783561643835616, 'loss_simcse': 0.0201416015625, 'loss_crds': 0.019161416217684746, 'loss_total': 0.020333215594291687, 'avg_crds_neg_weight': 0.14970093965530396, 'avg_crds_reliability': 0.45596739649772644, 'avg_crds_semantic_similarity': 0.46396759152412415, 'avg_crds_cf_distance': 0.1021321639418602, 'num_valid_crds_neg': 186.0, 'epoch': 0.97}
{'loss': 0.0186, 'grad_norm': 0.06494140625, 'learning_rate': 0.00018772602739726028, 'loss_simcse': 0.0184326171875, 'loss_crds': 0.016416039317846298, 'loss_total': 0.018596777692437172, 'avg_crds_neg_weight': 0.1364346146583557, 'avg_crds_reliability': 0.444009006023407, 'avg_crds_semantic_similarity': 0.45005008578300476, 'avg_crds_cf_distance': 0.10568749159574509, 'num_valid_crds_neg': 170.0, 'epoch': 0.97}
{'loss': 0.0182, 'grad_norm': 0.061767578125, 'learning_rate': 0.0001876164383561644, 'loss_simcse': 0.01806640625, 'loss_crds': 0.015500078909099102, 'loss_total': 0.018221406266093254, 'avg_crds_neg_weight': 0.13620078563690186, 'avg_crds_reliability': 0.44157445430755615, 'avg_crds_semantic_similarity': 0.4332115650177002, 'avg_crds_cf_distance': 0.10346700251102448, 'num_valid_crds_neg': 192.0, 'epoch': 0.97}
{'loss': 0.0197, 'grad_norm': 0.08447265625, 'learning_rate': 0.00018750684931506851, 'loss_simcse': 0.01953125, 'loss_crds': 0.014187297783792019, 'loss_total': 0.019673122093081474, 'avg_crds_neg_weight': 0.14287737011909485, 'avg_crds_reliability': 0.47119542956352234, 'avg_crds_semantic_similarity': 0.43902039527893066, 'avg_crds_cf_distance': 0.1071418821811676, 'num_valid_crds_neg': 186.0, 'epoch': 0.97}
{'loss': 0.0181, 'grad_norm': 0.06396484375, 'learning_rate': 0.00018739726027397263, 'loss_simcse': 0.0179443359375, 'loss_crds': 0.015529311262071133, 'loss_total': 0.018099628388881683, 'avg_crds_neg_weight': 0.13808660209178925, 'avg_crds_reliability': 0.4279842972755432, 'avg_crds_semantic_similarity': 0.4444165527820587, 'avg_crds_cf_distance': 0.10594870895147324, 'num_valid_crds_neg': 178.0, 'epoch': 0.98}
{'loss': 0.0187, 'grad_norm': 0.07275390625, 'learning_rate': 0.00018728767123287672, 'loss_simcse': 0.0185546875, 'loss_crds': 0.012894237414002419, 'loss_total': 0.018683629110455513, 'avg_crds_neg_weight': 0.138543039560318, 'avg_crds_reliability': 0.45164158940315247, 'avg_crds_semantic_similarity': 0.4335339069366455, 'avg_crds_cf_distance': 0.10820908844470978, 'num_valid_crds_neg': 156.0, 'epoch': 0.98}
{'loss': 0.0185, 'grad_norm': 0.068359375, 'learning_rate': 0.00018717808219178084, 'loss_simcse': 0.018310546875, 'loss_crds': 0.016938960179686546, 'loss_total': 0.018479935824871063, 'avg_crds_neg_weight': 0.139851376414299, 'avg_crds_reliability': 0.43822044134140015, 'avg_crds_semantic_similarity': 0.4542462229728699, 'avg_crds_cf_distance': 0.09573201835155487, 'num_valid_crds_neg': 166.0, 'epoch': 0.98}
{'loss': 0.0186, 'grad_norm': 0.0634765625, 'learning_rate': 0.00018706849315068493, 'loss_simcse': 0.0184326171875, 'loss_crds': 0.013469460420310497, 'loss_total': 0.018567312508821487, 'avg_crds_neg_weight': 0.1380421370267868, 'avg_crds_reliability': 0.4378558397293091, 'avg_crds_semantic_similarity': 0.4288869798183441, 'avg_crds_cf_distance': 0.11325319856405258, 'num_valid_crds_neg': 198.0, 'epoch': 0.98}
{'loss': 0.0185, 'grad_norm': 0.0693359375, 'learning_rate': 0.00018695890410958904, 'loss_simcse': 0.018310546875, 'loss_crds': 0.015222618356347084, 'loss_total': 0.01846277341246605, 'avg_crds_neg_weight': 0.14484313130378723, 'avg_crds_reliability': 0.4358193874359131, 'avg_crds_semantic_similarity': 0.45767563581466675, 'avg_crds_cf_distance': 0.10200542211532593, 'num_valid_crds_neg': 148.0, 'epoch': 0.99}
{'loss': 0.0207, 'grad_norm': 0.10009765625, 'learning_rate': 0.00018684931506849316, 'loss_simcse': 0.0205078125, 'loss_crds': 0.022552626207470894, 'loss_total': 0.020733337849378586, 'avg_crds_neg_weight': 0.13779601454734802, 'avg_crds_reliability': 0.4364519417285919, 'avg_crds_semantic_similarity': 0.4460342228412628, 'avg_crds_cf_distance': 0.10012873262166977, 'num_valid_crds_neg': 178.0, 'epoch': 0.99}
{'loss': 0.0179, 'grad_norm': 0.0634765625, 'learning_rate': 0.00018673972602739728, 'loss_simcse': 0.0177001953125, 'loss_crds': 0.016726244240999222, 'loss_total': 0.01786745712161064, 'avg_crds_neg_weight': 0.13956670463085175, 'avg_crds_reliability': 0.45706555247306824, 'avg_crds_semantic_similarity': 0.42339399456977844, 'avg_crds_cf_distance': 0.10359460860490799, 'num_valid_crds_neg': 178.0, 'epoch': 0.99}
{'loss': 0.0185, 'grad_norm': 0.06982421875, 'learning_rate': 0.0001866301369863014, 'loss_simcse': 0.018310546875, 'loss_crds': 0.016154715791344643, 'loss_total': 0.0184720940887928, 'avg_crds_neg_weight': 0.1397596150636673, 'avg_crds_reliability': 0.4470258951187134, 'avg_crds_semantic_similarity': 0.4317794740200043, 'avg_crds_cf_distance': 0.10228133201599121, 'num_valid_crds_neg': 206.0, 'epoch': 0.99}
{'loss': 0.018, 'grad_norm': 0.06884765625, 'learning_rate': 0.00018652054794520548, 'loss_simcse': 0.017822265625, 'loss_crds': 0.014625552110373974, 'loss_total': 0.017968520522117615, 'avg_crds_neg_weight': 0.14209987223148346, 'avg_crds_reliability': 0.4502521753311157, 'avg_crds_semantic_similarity': 0.4507974684238434, 'avg_crds_cf_distance': 0.10674983263015747, 'num_valid_crds_neg': 182.0, 'epoch': 1.0}
{'loss': 0.0192, 'grad_norm': 0.07958984375, 'learning_rate': 0.0001864109589041096, 'loss_simcse': 0.01904296875, 'loss_crds': 0.01516865286976099, 'loss_total': 0.019194655120372772, 'avg_crds_neg_weight': 0.13680733740329742, 'avg_crds_reliability': 0.43658509850502014, 'avg_crds_semantic_similarity': 0.438503623008728, 'avg_crds_cf_distance': 0.0991273820400238, 'num_valid_crds_neg': 176.0, 'epoch': 1.0}
{'loss': 0.0139, 'grad_norm': 0.059814453125, 'learning_rate': 0.0001863013698630137, 'loss_simcse': 0.01373291015625, 'loss_crds': 0.017955314368009567, 'loss_total': 0.013912463560700417, 'avg_crds_neg_weight': 0.13492876291275024, 'avg_crds_reliability': 0.43165695667266846, 'avg_crds_semantic_similarity': 0.43418362736701965, 'avg_crds_cf_distance': 0.0960334837436676, 'num_valid_crds_neg': 142.0, 'epoch': 1.0}
{'loss': 0.018, 'grad_norm': 0.0634765625, 'learning_rate': 0.0001861917808219178, 'loss_simcse': 0.017822265625, 'loss_crds': 0.016068845987319946, 'loss_total': 0.017982954159379005, 'avg_crds_neg_weight': 0.1313989907503128, 'avg_crds_reliability': 0.43202435970306396, 'avg_crds_semantic_similarity': 0.45008063316345215, 'avg_crds_cf_distance': 0.100012868642807, 'num_valid_crds_neg': 186.0, 'epoch': 1.0}
{'loss': 0.0174, 'grad_norm': 0.0537109375, 'learning_rate': 0.00018608219178082195, 'loss_simcse': 0.0172119140625, 'loss_crds': 0.015203278511762619, 'loss_total': 0.01736394688487053, 'avg_crds_neg_weight': 0.13988733291625977, 'avg_crds_reliability': 0.44806453585624695, 'avg_crds_semantic_similarity': 0.43579602241516113, 'avg_crds_cf_distance': 0.09881973266601562, 'num_valid_crds_neg': 188.0, 'epoch': 1.0}
{'loss': 0.0181, 'grad_norm': 0.060546875, 'learning_rate': 0.00018597260273972604, 'loss_simcse': 0.0179443359375, 'loss_crds': 0.015367330051958561, 'loss_total': 0.018098009750247, 'avg_crds_neg_weight': 0.14278791844844818, 'avg_crds_reliability': 0.4612937569618225, 'avg_crds_semantic_similarity': 0.4397048056125641, 'avg_crds_cf_distance': 0.1026957780122757, 'num_valid_crds_neg': 194.0, 'epoch': 1.01}
{'loss': 0.0182, 'grad_norm': 0.058349609375, 'learning_rate': 0.00018586301369863015, 'loss_simcse': 0.0179443359375, 'loss_crds': 0.021789614111185074, 'loss_total': 0.018162231892347336, 'avg_crds_neg_weight': 0.14672592282295227, 'avg_crds_reliability': 0.4588339030742645, 'avg_crds_semantic_similarity': 0.4514985978603363, 'avg_crds_cf_distance': 0.09873964637517929, 'num_valid_crds_neg': 170.0, 'epoch': 1.01}
{'loss': 0.0192, 'grad_norm': 0.072265625, 'learning_rate': 0.00018575342465753424, 'loss_simcse': 0.01904296875, 'loss_crds': 0.014153853990137577, 'loss_total': 0.019184507429599762, 'avg_crds_neg_weight': 0.13602431118488312, 'avg_crds_reliability': 0.44726699590682983, 'avg_crds_semantic_similarity': 0.4338339567184448, 'avg_crds_cf_distance': 0.11288077384233475, 'num_valid_crds_neg': 178.0, 'epoch': 1.01}
{'loss': 0.0208, 'grad_norm': 0.08642578125, 'learning_rate': 0.00018564383561643836, 'loss_simcse': 0.0206298828125, 'loss_crds': 0.01831047795712948, 'loss_total': 0.02081298828125, 'avg_crds_neg_weight': 0.12960126996040344, 'avg_crds_reliability': 0.4340510070323944, 'avg_crds_semantic_similarity': 0.44830629229545593, 'avg_crds_cf_distance': 0.09415283799171448, 'num_valid_crds_neg': 182.0, 'epoch': 1.01}
{'loss': 0.0191, 'grad_norm': 0.07666015625, 'learning_rate': 0.00018553424657534248, 'loss_simcse': 0.0189208984375, 'loss_crds': 0.015292206779122353, 'loss_total': 0.019073819741606712, 'avg_crds_neg_weight': 0.13467532396316528, 'avg_crds_reliability': 0.43446192145347595, 'avg_crds_semantic_similarity': 0.4381159842014313, 'avg_crds_cf_distance': 0.09345629066228867, 'num_valid_crds_neg': 166.0, 'epoch': 1.02}
{'loss': 0.0176, 'grad_norm': 0.058837890625, 'learning_rate': 0.0001854246575342466, 'loss_simcse': 0.0174560546875, 'loss_crds': 0.014742234721779823, 'loss_total': 0.017603477463126183, 'avg_crds_neg_weight': 0.13695642352104187, 'avg_crds_reliability': 0.4396425783634186, 'avg_crds_semantic_similarity': 0.4415856599807739, 'avg_crds_cf_distance': 0.10468199849128723, 'num_valid_crds_neg': 194.0, 'epoch': 1.02}
{'loss': 0.0191, 'grad_norm': 0.06689453125, 'learning_rate': 0.0001853150684931507, 'loss_simcse': 0.0189208984375, 'loss_crds': 0.0156198525801301, 'loss_total': 0.01907709613442421, 'avg_crds_neg_weight': 0.13269585371017456, 'avg_crds_reliability': 0.432086706161499, 'avg_crds_semantic_similarity': 0.42877092957496643, 'avg_crds_cf_distance': 0.10403861105442047, 'num_valid_crds_neg': 180.0, 'epoch': 1.02}
{'loss': 0.0181, 'grad_norm': 0.05615234375, 'learning_rate': 0.0001852054794520548, 'loss_simcse': 0.0179443359375, 'loss_crds': 0.014502868056297302, 'loss_total': 0.01808936521410942, 'avg_crds_neg_weight': 0.1358998715877533, 'avg_crds_reliability': 0.44088220596313477, 'avg_crds_semantic_similarity': 0.4459879994392395, 'avg_crds_cf_distance': 0.10367050021886826, 'num_valid_crds_neg': 192.0, 'epoch': 1.02}
{'loss': 0.0181, 'grad_norm': 0.06494140625, 'learning_rate': 0.00018509589041095892, 'loss_simcse': 0.0179443359375, 'loss_crds': 0.014379424974322319, 'loss_total': 0.01808813028037548, 'avg_crds_neg_weight': 0.14116975665092468, 'avg_crds_reliability': 0.44978007674217224, 'avg_crds_semantic_similarity': 0.4284404516220093, 'avg_crds_cf_distance': 0.1007278561592102, 'num_valid_crds_neg': 166.0, 'epoch': 1.03}
{'loss': 0.0176, 'grad_norm': 0.05712890625, 'learning_rate': 0.000184986301369863, 'loss_simcse': 0.0174560546875, 'loss_crds': 0.015195336192846298, 'loss_total': 0.017608007416129112, 'avg_crds_neg_weight': 0.14267808198928833, 'avg_crds_reliability': 0.4609355628490448, 'avg_crds_semantic_similarity': 0.4470120370388031, 'avg_crds_cf_distance': 0.10037421435117722, 'num_valid_crds_neg': 180.0, 'epoch': 1.03}
{'loss': 0.018, 'grad_norm': 0.058837890625, 'learning_rate': 0.00018487671232876712, 'loss_simcse': 0.017822265625, 'loss_crds': 0.01779431290924549, 'loss_total': 0.018000207841396332, 'avg_crds_neg_weight': 0.13477171957492828, 'avg_crds_reliability': 0.4254538118839264, 'avg_crds_semantic_similarity': 0.44066664576530457, 'avg_crds_cf_distance': 0.10105855762958527, 'num_valid_crds_neg': 172.0, 'epoch': 1.03}
{'loss': 0.0187, 'grad_norm': 0.064453125, 'learning_rate': 0.00018476712328767124, 'loss_simcse': 0.0185546875, 'loss_crds': 0.017366791144013405, 'loss_total': 0.018728354945778847, 'avg_crds_neg_weight': 0.13921397924423218, 'avg_crds_reliability': 0.447282612323761, 'avg_crds_semantic_similarity': 0.4573706090450287, 'avg_crds_cf_distance': 0.10454954206943512, 'num_valid_crds_neg': 172.0, 'epoch': 1.03}
{'loss': 0.0182, 'grad_norm': 0.059326171875, 'learning_rate': 0.00018465753424657535, 'loss_simcse': 0.01806640625, 'loss_crds': 0.014192030765116215, 'loss_total': 0.018208326771855354, 'avg_crds_neg_weight': 0.13820861279964447, 'avg_crds_reliability': 0.4501916766166687, 'avg_crds_semantic_similarity': 0.4467763900756836, 'avg_crds_cf_distance': 0.10606663674116135, 'num_valid_crds_neg': 168.0, 'epoch': 1.04}
{'loss': 0.0181, 'grad_norm': 0.059814453125, 'learning_rate': 0.00018454794520547947, 'loss_simcse': 0.0179443359375, 'loss_crds': 0.015010186471045017, 'loss_total': 0.018094437196850777, 'avg_crds_neg_weight': 0.140243798494339, 'avg_crds_reliability': 0.44078534841537476, 'avg_crds_semantic_similarity': 0.43427130579948425, 'avg_crds_cf_distance': 0.10961522161960602, 'num_valid_crds_neg': 178.0, 'epoch': 1.04}
{'loss': 0.0184, 'grad_norm': 0.12060546875, 'learning_rate': 0.00018443835616438356, 'loss_simcse': 0.0181884765625, 'loss_crds': 0.01840008981525898, 'loss_total': 0.01837247796356678, 'avg_crds_neg_weight': 0.13376924395561218, 'avg_crds_reliability': 0.4374772906303406, 'avg_crds_semantic_similarity': 0.43027931451797485, 'avg_crds_cf_distance': 0.09246017038822174, 'num_valid_crds_neg': 184.0, 'epoch': 1.04}
{'loss': 0.018, 'grad_norm': 0.056884765625, 'learning_rate': 0.00018432876712328768, 'loss_simcse': 0.017822265625, 'loss_crds': 0.01682409644126892, 'loss_total': 0.017990507185459137, 'avg_crds_neg_weight': 0.14195431768894196, 'avg_crds_reliability': 0.4527757167816162, 'avg_crds_semantic_similarity': 0.4495548605918884, 'avg_crds_cf_distance': 0.09770122915506363, 'num_valid_crds_neg': 170.0, 'epoch': 1.04}
{'loss': 0.0191, 'grad_norm': 0.09716796875, 'learning_rate': 0.00018421917808219177, 'loss_simcse': 0.0189208984375, 'loss_crds': 0.013449540361762047, 'loss_total': 0.01905539445579052, 'avg_crds_neg_weight': 0.13474713265895844, 'avg_crds_reliability': 0.42061612010002136, 'avg_crds_semantic_similarity': 0.43812674283981323, 'avg_crds_cf_distance': 0.09287649393081665, 'num_valid_crds_neg': 158.0, 'epoch': 1.04}
{'loss': 0.018, 'grad_norm': 0.053955078125, 'learning_rate': 0.0001841095890410959, 'loss_simcse': 0.017822265625, 'loss_crds': 0.021153133362531662, 'loss_total': 0.018033796921372414, 'avg_crds_neg_weight': 0.14206935465335846, 'avg_crds_reliability': 0.43975067138671875, 'avg_crds_semantic_similarity': 0.4569240212440491, 'avg_crds_cf_distance': 0.10786448419094086, 'num_valid_crds_neg': 186.0, 'epoch': 1.05}
{'loss': 0.0193, 'grad_norm': 0.0791015625, 'learning_rate': 0.00018400000000000003, 'loss_simcse': 0.0191650390625, 'loss_crds': 0.01710820570588112, 'loss_total': 0.019336121156811714, 'avg_crds_neg_weight': 0.13962282240390778, 'avg_crds_reliability': 0.4539142847061157, 'avg_crds_semantic_similarity': 0.4469621777534485, 'avg_crds_cf_distance': 0.09654057770967484, 'num_valid_crds_neg': 154.0, 'epoch': 1.05}
{'loss': 0.0189, 'grad_norm': 0.064453125, 'learning_rate': 0.00018389041095890412, 'loss_simcse': 0.018798828125, 'loss_crds': 0.010362234897911549, 'loss_total': 0.018902450799942017, 'avg_crds_neg_weight': 0.12867605686187744, 'avg_crds_reliability': 0.43096989393234253, 'avg_crds_semantic_similarity': 0.4205245077610016, 'avg_crds_cf_distance': 0.10463547706604004, 'num_valid_crds_neg': 154.0, 'epoch': 1.05}
{'loss': 0.0181, 'grad_norm': 0.06591796875, 'learning_rate': 0.00018378082191780823, 'loss_simcse': 0.0179443359375, 'loss_crds': 0.01689940132200718, 'loss_total': 0.018113330006599426, 'avg_crds_neg_weight': 0.14313073456287384, 'avg_crds_reliability': 0.4618034064769745, 'avg_crds_semantic_similarity': 0.44043126702308655, 'avg_crds_cf_distance': 0.10586070269346237, 'num_valid_crds_neg': 164.0, 'epoch': 1.05}
{'loss': 0.0192, 'grad_norm': 0.07861328125, 'learning_rate': 0.00018367123287671232, 'loss_simcse': 0.01904296875, 'loss_crds': 0.0151491304859519, 'loss_total': 0.019194459542632103, 'avg_crds_neg_weight': 0.13785333931446075, 'avg_crds_reliability': 0.4358811676502228, 'avg_crds_semantic_similarity': 0.43353497982025146, 'avg_crds_cf_distance': 0.10789192467927933, 'num_valid_crds_neg': 182.0, 'epoch': 1.06}
{'loss': 0.0179, 'grad_norm': 0.059814453125, 'learning_rate': 0.00018356164383561644, 'loss_simcse': 0.0177001953125, 'loss_crds': 0.015886759385466576, 'loss_total': 0.017859062179923058, 'avg_crds_neg_weight': 0.14238137006759644, 'avg_crds_reliability': 0.429381400346756, 'avg_crds_semantic_similarity': 0.44032037258148193, 'avg_crds_cf_distance': 0.10662443935871124, 'num_valid_crds_neg': 166.0, 'epoch': 1.06}
{'loss': 0.0176, 'grad_norm': 0.056884765625, 'learning_rate': 0.00018345205479452056, 'loss_simcse': 0.0174560546875, 'loss_crds': 0.014710374176502228, 'loss_total': 0.017603158950805664, 'avg_crds_neg_weight': 0.13064733147621155, 'avg_crds_reliability': 0.42911750078201294, 'avg_crds_semantic_similarity': 0.4152921736240387, 'avg_crds_cf_distance': 0.10165157169103622, 'num_valid_crds_neg': 160.0, 'epoch': 1.06}
{'loss': 0.0189, 'grad_norm': 0.0673828125, 'learning_rate': 0.00018334246575342467, 'loss_simcse': 0.0186767578125, 'loss_crds': 0.01757465861737728, 'loss_total': 0.01885250397026539, 'avg_crds_neg_weight': 0.1378338485956192, 'avg_crds_reliability': 0.4443330466747284, 'avg_crds_semantic_similarity': 0.45584598183631897, 'avg_crds_cf_distance': 0.10617668181657791, 'num_valid_crds_neg': 220.0, 'epoch': 1.06}
{'loss': 0.0191, 'grad_norm': 0.0712890625, 'learning_rate': 0.0001832328767123288, 'loss_simcse': 0.0189208984375, 'loss_crds': 0.01584249548614025, 'loss_total': 0.01907932385802269, 'avg_crds_neg_weight': 0.13790562748908997, 'avg_crds_reliability': 0.4481225907802582, 'avg_crds_semantic_similarity': 0.4230395555496216, 'avg_crds_cf_distance': 0.10526369512081146, 'num_valid_crds_neg': 172.0, 'epoch': 1.07}
{'loss': 0.018, 'grad_norm': 0.0654296875, 'learning_rate': 0.00018312328767123288, 'loss_simcse': 0.0179443359375, 'loss_crds': 0.009463174268603325, 'loss_total': 0.01803896762430668, 'avg_crds_neg_weight': 0.12801167368888855, 'avg_crds_reliability': 0.4234912693500519, 'avg_crds_semantic_similarity': 0.4144044816493988, 'avg_crds_cf_distance': 0.10496418923139572, 'num_valid_crds_neg': 188.0, 'epoch': 1.07}
{'loss': 0.0189, 'grad_norm': 0.06640625, 'learning_rate': 0.000183013698630137, 'loss_simcse': 0.0186767578125, 'loss_crds': 0.018004203215241432, 'loss_total': 0.018856799229979515, 'avg_crds_neg_weight': 0.14194746315479279, 'avg_crds_reliability': 0.44226083159446716, 'avg_crds_semantic_similarity': 0.45837485790252686, 'avg_crds_cf_distance': 0.09790853410959244, 'num_valid_crds_neg': 212.0, 'epoch': 1.07}
{'loss': 0.0181, 'grad_norm': 0.0615234375, 'learning_rate': 0.00018290410958904108, 'loss_simcse': 0.0179443359375, 'loss_crds': 0.016954295337200165, 'loss_total': 0.01811387948691845, 'avg_crds_neg_weight': 0.14414721727371216, 'avg_crds_reliability': 0.4483243525028229, 'avg_crds_semantic_similarity': 0.4457298815250397, 'avg_crds_cf_distance': 0.10405959188938141, 'num_valid_crds_neg': 174.0, 'epoch': 1.07}
{'loss': 0.0196, 'grad_norm': 0.07958984375, 'learning_rate': 0.0001827945205479452, 'loss_simcse': 0.0194091796875, 'loss_crds': 0.02058734931051731, 'loss_total': 0.01961505226790905, 'avg_crds_neg_weight': 0.14035676419734955, 'avg_crds_reliability': 0.4266376793384552, 'avg_crds_semantic_similarity': 0.4524308443069458, 'avg_crds_cf_distance': 0.10710906982421875, 'num_valid_crds_neg': 158.0, 'epoch': 1.08}
{'loss': 0.0181, 'grad_norm': 0.0673828125, 'learning_rate': 0.00018268493150684934, 'loss_simcse': 0.0179443359375, 'loss_crds': 0.01696300506591797, 'loss_total': 0.018113965168595314, 'avg_crds_neg_weight': 0.1404162496328354, 'avg_crds_reliability': 0.4288010895252228, 'avg_crds_semantic_similarity': 0.44203612208366394, 'avg_crds_cf_distance': 0.10363899171352386, 'num_valid_crds_neg': 174.0, 'epoch': 1.08}
{'loss': 0.018, 'grad_norm': 0.05908203125, 'learning_rate': 0.00018257534246575343, 'loss_simcse': 0.017822265625, 'loss_crds': 0.013906149193644524, 'loss_total': 0.017961326986551285, 'avg_crds_neg_weight': 0.13398022949695587, 'avg_crds_reliability': 0.4235048294067383, 'avg_crds_semantic_similarity': 0.4503788650035858, 'avg_crds_cf_distance': 0.09626181423664093, 'num_valid_crds_neg': 180.0, 'epoch': 1.08}
{'loss': 0.0209, 'grad_norm': 0.09619140625, 'learning_rate': 0.00018246575342465755, 'loss_simcse': 0.020751953125, 'loss_crds': 0.018147004768252373, 'loss_total': 0.020933423191308975, 'avg_crds_neg_weight': 0.13961303234100342, 'avg_crds_reliability': 0.439348042011261, 'avg_crds_semantic_similarity': 0.447858065366745, 'avg_crds_cf_distance': 0.09993702173233032, 'num_valid_crds_neg': 144.0, 'epoch': 1.08}
{'loss': 0.018, 'grad_norm': 0.06298828125, 'learning_rate': 0.00018235616438356164, 'loss_simcse': 0.017822265625, 'loss_crds': 0.01804199256002903, 'loss_total': 0.01800268515944481, 'avg_crds_neg_weight': 0.14725026488304138, 'avg_crds_reliability': 0.45678508281707764, 'avg_crds_semantic_similarity': 0.45131945610046387, 'avg_crds_cf_distance': 0.10110373049974442, 'num_valid_crds_neg': 176.0, 'epoch': 1.08}
{'loss': 0.0191, 'grad_norm': 0.0751953125, 'learning_rate': 0.00018224657534246576, 'loss_simcse': 0.0189208984375, 'loss_crds': 0.015028166584670544, 'loss_total': 0.019071180373430252, 'avg_crds_neg_weight': 0.1388460099697113, 'avg_crds_reliability': 0.43702414631843567, 'avg_crds_semantic_similarity': 0.44332364201545715, 'avg_crds_cf_distance': 0.10744200646877289, 'num_valid_crds_neg': 162.0, 'epoch': 1.09}
{'loss': 0.0193, 'grad_norm': 0.07861328125, 'learning_rate': 0.00018213698630136987, 'loss_simcse': 0.0191650390625, 'loss_crds': 0.015455510467290878, 'loss_total': 0.019319593906402588, 'avg_crds_neg_weight': 0.14960525929927826, 'avg_crds_reliability': 0.45040440559387207, 'avg_crds_semantic_similarity': 0.4665769934654236, 'avg_crds_cf_distance': 0.10623686015605927, 'num_valid_crds_neg': 156.0, 'epoch': 1.09}
{'loss': 0.0176, 'grad_norm': 0.05859375, 'learning_rate': 0.000182027397260274, 'loss_simcse': 0.0174560546875, 'loss_crds': 0.015821604058146477, 'loss_total': 0.017614271491765976, 'avg_crds_neg_weight': 0.1404702365398407, 'avg_crds_reliability': 0.44516393542289734, 'avg_crds_semantic_similarity': 0.44967031478881836, 'avg_crds_cf_distance': 0.10366341471672058, 'num_valid_crds_neg': 174.0, 'epoch': 1.09}
{'loss': 0.0188, 'grad_norm': 0.07666015625, 'learning_rate': 0.0001819178082191781, 'loss_simcse': 0.0186767578125, 'loss_crds': 0.017192933708429337, 'loss_total': 0.018848687410354614, 'avg_crds_neg_weight': 0.13444651663303375, 'avg_crds_reliability': 0.4347061514854431, 'avg_crds_semantic_similarity': 0.4365985095500946, 'avg_crds_cf_distance': 0.09879195690155029, 'num_valid_crds_neg': 174.0, 'epoch': 1.09}
{'loss': 0.0186, 'grad_norm': 0.06494140625, 'learning_rate': 0.0001818082191780822, 'loss_simcse': 0.0184326171875, 'loss_crds': 0.01413796003907919, 'loss_total': 0.018573997542262077, 'avg_crds_neg_weight': 0.13775044679641724, 'avg_crds_reliability': 0.4385360777378082, 'avg_crds_semantic_similarity': 0.4428999423980713, 'avg_crds_cf_distance': 0.09913430362939835, 'num_valid_crds_neg': 196.0, 'epoch': 1.1}
{'loss': 0.0185, 'grad_norm': 0.06689453125, 'learning_rate': 0.0001816986301369863, 'loss_simcse': 0.018310546875, 'loss_crds': 0.016221944242715836, 'loss_total': 0.018472766503691673, 'avg_crds_neg_weight': 0.13768790662288666, 'avg_crds_reliability': 0.42898276448249817, 'avg_crds_semantic_similarity': 0.463530033826828, 'avg_crds_cf_distance': 0.10034050792455673, 'num_valid_crds_neg': 156.0, 'epoch': 1.1}
{'loss': 0.0237, 'grad_norm': 0.08154296875, 'learning_rate': 0.0001815890410958904, 'loss_simcse': 0.0235595703125, 'loss_crds': 0.01065151672810316, 'loss_total': 0.023666085675358772, 'avg_crds_neg_weight': 0.1345500946044922, 'avg_crds_reliability': 0.4431733787059784, 'avg_crds_semantic_similarity': 0.4083327651023865, 'avg_crds_cf_distance': 0.10090579837560654, 'num_valid_crds_neg': 146.0, 'epoch': 1.1}
{'loss': 0.0185, 'grad_norm': 0.0703125, 'learning_rate': 0.00018147945205479452, 'loss_simcse': 0.018310546875, 'loss_crds': 0.014620407484471798, 'loss_total': 0.018456751480698586, 'avg_crds_neg_weight': 0.145453080534935, 'avg_crds_reliability': 0.4431495666503906, 'avg_crds_semantic_similarity': 0.44926294684410095, 'avg_crds_cf_distance': 0.10206731408834457, 'num_valid_crds_neg': 192.0, 'epoch': 1.1}
{'loss': 0.0179, 'grad_norm': 0.0634765625, 'learning_rate': 0.00018136986301369864, 'loss_simcse': 0.017822265625, 'loss_crds': 0.011381014250218868, 'loss_total': 0.01793607510626316, 'avg_crds_neg_weight': 0.1382843255996704, 'avg_crds_reliability': 0.43714678287506104, 'avg_crds_semantic_similarity': 0.428951621055603, 'avg_crds_cf_distance': 0.10329623520374298, 'num_valid_crds_neg': 178.0, 'epoch': 1.11}
{'loss': 0.0185, 'grad_norm': 0.06494140625, 'learning_rate': 0.00018126027397260275, 'loss_simcse': 0.018310546875, 'loss_crds': 0.022491615265607834, 'loss_total': 0.018535463139414787, 'avg_crds_neg_weight': 0.14040781557559967, 'avg_crds_reliability': 0.42880210280418396, 'avg_crds_semantic_similarity': 0.4638463258743286, 'avg_crds_cf_distance': 0.09917202591896057, 'num_valid_crds_neg': 162.0, 'epoch': 1.11}
{'loss': 0.0177, 'grad_norm': 0.059326171875, 'learning_rate': 0.00018115068493150687, 'loss_simcse': 0.017578125, 'loss_crds': 0.014403446577489376, 'loss_total': 0.01772215962409973, 'avg_crds_neg_weight': 0.13593395054340363, 'avg_crds_reliability': 0.42616021633148193, 'avg_crds_semantic_similarity': 0.444123238325119, 'avg_crds_cf_distance': 0.10502100735902786, 'num_valid_crds_neg': 182.0, 'epoch': 1.11}
{'loss': 0.018, 'grad_norm': 0.06591796875, 'learning_rate': 0.00018104109589041096, 'loss_simcse': 0.017822265625, 'loss_crds': 0.01924249716103077, 'loss_total': 0.018014689907431602, 'avg_crds_neg_weight': 0.13794098794460297, 'avg_crds_reliability': 0.45045438408851624, 'avg_crds_semantic_similarity': 0.4738200902938843, 'avg_crds_cf_distance': 0.10308417677879333, 'num_valid_crds_neg': 186.0, 'epoch': 1.11}
{'loss': 0.0197, 'grad_norm': 0.09375, 'learning_rate': 0.00018093150684931507, 'loss_simcse': 0.01953125, 'loss_crds': 0.01977120153605938, 'loss_total': 0.01972896233201027, 'avg_crds_neg_weight': 0.13953441381454468, 'avg_crds_reliability': 0.44712668657302856, 'avg_crds_semantic_similarity': 0.45003262162208557, 'avg_crds_cf_distance': 0.10282895714044571, 'num_valid_crds_neg': 178.0, 'epoch': 1.12}
{'loss': 0.0176, 'grad_norm': 0.0576171875, 'learning_rate': 0.00018082191780821916, 'loss_simcse': 0.0174560546875, 'loss_crds': 0.016557272523641586, 'loss_total': 0.01762162707746029, 'avg_crds_neg_weight': 0.1425587683916092, 'avg_crds_reliability': 0.4451831579208374, 'avg_crds_semantic_similarity': 0.47206345200538635, 'avg_crds_cf_distance': 0.0974816381931305, 'num_valid_crds_neg': 172.0, 'epoch': 1.12}
{'loss': 0.0179, 'grad_norm': 0.0634765625, 'learning_rate': 0.0001807123287671233, 'loss_simcse': 0.0177001953125, 'loss_crds': 0.01513984240591526, 'loss_total': 0.01785159297287464, 'avg_crds_neg_weight': 0.13997754454612732, 'avg_crds_reliability': 0.44574564695358276, 'avg_crds_semantic_similarity': 0.4431985914707184, 'avg_crds_cf_distance': 0.10085728019475937, 'num_valid_crds_neg': 184.0, 'epoch': 1.12}
{'loss': 0.0176, 'grad_norm': 0.056396484375, 'learning_rate': 0.00018060273972602742, 'loss_simcse': 0.0174560546875, 'loss_crds': 0.01510644517838955, 'loss_total': 0.01760711893439293, 'avg_crds_neg_weight': 0.13421493768692017, 'avg_crds_reliability': 0.43113330006599426, 'avg_crds_semantic_similarity': 0.44020089507102966, 'avg_crds_cf_distance': 0.09933646023273468, 'num_valid_crds_neg': 174.0, 'epoch': 1.12}
{'loss': 0.0237, 'grad_norm': 0.064453125, 'learning_rate': 0.00018049315068493151, 'loss_simcse': 0.0235595703125, 'loss_crds': 0.016559209674596786, 'loss_total': 0.02372516319155693, 'avg_crds_neg_weight': 0.1431705206632614, 'avg_crds_reliability': 0.45107322931289673, 'avg_crds_semantic_similarity': 0.4510084092617035, 'avg_crds_cf_distance': 0.1081266701221466, 'num_valid_crds_neg': 194.0, 'epoch': 1.12}
{'loss': 0.0174, 'grad_norm': 0.059326171875, 'learning_rate': 0.00018038356164383563, 'loss_simcse': 0.0172119140625, 'loss_crds': 0.019836341962218285, 'loss_total': 0.0174102783203125, 'avg_crds_neg_weight': 0.13887086510658264, 'avg_crds_reliability': 0.44509631395339966, 'avg_crds_semantic_similarity': 0.44464418292045593, 'avg_crds_cf_distance': 0.10495730489492416, 'num_valid_crds_neg': 160.0, 'epoch': 1.13}
{'loss': 0.0211, 'grad_norm': 0.08642578125, 'learning_rate': 0.00018027397260273972, 'loss_simcse': 0.02099609375, 'loss_crds': 0.01519783679395914, 'loss_total': 0.0211480725556612, 'avg_crds_neg_weight': 0.1321297138929367, 'avg_crds_reliability': 0.43671515583992004, 'avg_crds_semantic_similarity': 0.44595929980278015, 'avg_crds_cf_distance': 0.10637428611516953, 'num_valid_crds_neg': 172.0, 'epoch': 1.13}
{'loss': 0.0177, 'grad_norm': 0.055419921875, 'learning_rate': 0.00018016438356164384, 'loss_simcse': 0.017578125, 'loss_crds': 0.016661550849676132, 'loss_total': 0.01774474047124386, 'avg_crds_neg_weight': 0.14557215571403503, 'avg_crds_reliability': 0.459017813205719, 'avg_crds_semantic_similarity': 0.4407873749732971, 'avg_crds_cf_distance': 0.10493236035108566, 'num_valid_crds_neg': 152.0, 'epoch': 1.13}
{'loss': 0.0175, 'grad_norm': 0.058837890625, 'learning_rate': 0.00018005479452054795, 'loss_simcse': 0.017333984375, 'loss_crds': 0.015004563145339489, 'loss_total': 0.0174840297549963, 'avg_crds_neg_weight': 0.13645689189434052, 'avg_crds_reliability': 0.4277920722961426, 'avg_crds_semantic_similarity': 0.44282329082489014, 'avg_crds_cf_distance': 0.09533505141735077, 'num_valid_crds_neg': 166.0, 'epoch': 1.13}
{'loss': 0.0198, 'grad_norm': 0.07470703125, 'learning_rate': 0.00017994520547945207, 'loss_simcse': 0.0196533203125, 'loss_crds': 0.013465257361531258, 'loss_total': 0.019787972792983055, 'avg_crds_neg_weight': 0.14108435809612274, 'avg_crds_reliability': 0.4562016427516937, 'avg_crds_semantic_similarity': 0.4343291223049164, 'avg_crds_cf_distance': 0.10486163198947906, 'num_valid_crds_neg': 194.0, 'epoch': 1.14}
{'loss': 0.0175, 'grad_norm': 0.057373046875, 'learning_rate': 0.00017983561643835619, 'loss_simcse': 0.017333984375, 'loss_crds': 0.015506082214415073, 'loss_total': 0.01748904585838318, 'avg_crds_neg_weight': 0.13854902982711792, 'avg_crds_reliability': 0.4423283040523529, 'avg_crds_semantic_similarity': 0.4517118036746979, 'avg_crds_cf_distance': 0.10096172243356705, 'num_valid_crds_neg': 180.0, 'epoch': 1.14}
{'loss': 0.0179, 'grad_norm': 0.06494140625, 'learning_rate': 0.00017972602739726028, 'loss_simcse': 0.0177001953125, 'loss_crds': 0.01650204136967659, 'loss_total': 0.017865216359496117, 'avg_crds_neg_weight': 0.14193332195281982, 'avg_crds_reliability': 0.450991690158844, 'avg_crds_semantic_similarity': 0.4395202696323395, 'avg_crds_cf_distance': 0.10201632231473923, 'num_valid_crds_neg': 166.0, 'epoch': 1.14}
{'loss': 0.0189, 'grad_norm': 0.07373046875, 'learning_rate': 0.0001796164383561644, 'loss_simcse': 0.018798828125, 'loss_crds': 0.011775176972150803, 'loss_total': 0.018916580826044083, 'avg_crds_neg_weight': 0.14045262336730957, 'avg_crds_reliability': 0.4555000364780426, 'avg_crds_semantic_similarity': 0.420754998922348, 'avg_crds_cf_distance': 0.11072508990764618, 'num_valid_crds_neg': 170.0, 'epoch': 1.14}
{'loss': 0.0175, 'grad_norm': 0.0556640625, 'learning_rate': 0.00017950684931506848, 'loss_simcse': 0.017333984375, 'loss_crds': 0.013619347475469112, 'loss_total': 0.01747017726302147, 'avg_crds_neg_weight': 0.147098109126091, 'avg_crds_reliability': 0.47536781430244446, 'avg_crds_semantic_similarity': 0.44456037878990173, 'avg_crds_cf_distance': 0.10537692904472351, 'num_valid_crds_neg': 168.0, 'epoch': 1.15}
{'loss': 0.0185, 'grad_norm': 0.06396484375, 'learning_rate': 0.0001793972602739726, 'loss_simcse': 0.018310546875, 'loss_crds': 0.014932727441191673, 'loss_total': 0.018459873273968697, 'avg_crds_neg_weight': 0.136308953166008, 'avg_crds_reliability': 0.4417344927787781, 'avg_crds_semantic_similarity': 0.44218599796295166, 'avg_crds_cf_distance': 0.10615938156843185, 'num_valid_crds_neg': 148.0, 'epoch': 1.15}
{'loss': 0.0179, 'grad_norm': 0.061279296875, 'learning_rate': 0.00017928767123287674, 'loss_simcse': 0.017822265625, 'loss_crds': 0.012010699138045311, 'loss_total': 0.01794237270951271, 'avg_crds_neg_weight': 0.1258082389831543, 'avg_crds_reliability': 0.41060870885849, 'avg_crds_semantic_similarity': 0.4335140883922577, 'avg_crds_cf_distance': 0.10056885331869125, 'num_valid_crds_neg': 176.0, 'epoch': 1.15}
{'loss': 0.0191, 'grad_norm': 0.07177734375, 'learning_rate': 0.00017917808219178083, 'loss_simcse': 0.0189208984375, 'loss_crds': 0.013471539132297039, 'loss_total': 0.01905561424791813, 'avg_crds_neg_weight': 0.13735198974609375, 'avg_crds_reliability': 0.4344291388988495, 'avg_crds_semantic_similarity': 0.4273971915245056, 'avg_crds_cf_distance': 0.10323616862297058, 'num_valid_crds_neg': 186.0, 'epoch': 1.15}
{'loss': 0.0178, 'grad_norm': 0.05712890625, 'learning_rate': 0.00017906849315068495, 'loss_simcse': 0.0177001953125, 'loss_crds': 0.01269560120999813, 'loss_total': 0.017827151343226433, 'avg_crds_neg_weight': 0.1312929093837738, 'avg_crds_reliability': 0.4353998005390167, 'avg_crds_semantic_similarity': 0.4385157525539398, 'avg_crds_cf_distance': 0.09758310765028, 'num_valid_crds_neg': 196.0, 'epoch': 1.16}
{'loss': 0.0176, 'grad_norm': 0.060791015625, 'learning_rate': 0.00017895890410958904, 'loss_simcse': 0.0174560546875, 'loss_crds': 0.015203054063022137, 'loss_total': 0.01760808564722538, 'avg_crds_neg_weight': 0.1372467279434204, 'avg_crds_reliability': 0.44547298550605774, 'avg_crds_semantic_similarity': 0.4371934235095978, 'avg_crds_cf_distance': 0.1089494377374649, 'num_valid_crds_neg': 178.0, 'epoch': 1.16}
{'loss': 0.028, 'grad_norm': 0.06396484375, 'learning_rate': 0.00017884931506849315, 'loss_simcse': 0.02783203125, 'loss_crds': 0.014884676784276962, 'loss_total': 0.027980878949165344, 'avg_crds_neg_weight': 0.13870380818843842, 'avg_crds_reliability': 0.45173516869544983, 'avg_crds_semantic_similarity': 0.4512423276901245, 'avg_crds_cf_distance': 0.1046040952205658, 'num_valid_crds_neg': 176.0, 'epoch': 1.16}
{'loss': 0.0175, 'grad_norm': 0.059326171875, 'learning_rate': 0.00017873972602739727, 'loss_simcse': 0.017333984375, 'loss_crds': 0.01785167306661606, 'loss_total': 0.017512500286102295, 'avg_crds_neg_weight': 0.13999655842781067, 'avg_crds_reliability': 0.4520989954471588, 'avg_crds_semantic_similarity': 0.4503428041934967, 'avg_crds_cf_distance': 0.10379941016435623, 'num_valid_crds_neg': 162.0, 'epoch': 1.16}
{'loss': 0.0186, 'grad_norm': 0.06982421875, 'learning_rate': 0.0001786301369863014, 'loss_simcse': 0.0184326171875, 'loss_crds': 0.01784365437924862, 'loss_total': 0.018611053004860878, 'avg_crds_neg_weight': 0.14051669836044312, 'avg_crds_reliability': 0.436859130859375, 'avg_crds_semantic_similarity': 0.446481853723526, 'avg_crds_cf_distance': 0.10095351189374924, 'num_valid_crds_neg': 186.0, 'epoch': 1.16}
{'loss': 0.0178, 'grad_norm': 0.058837890625, 'learning_rate': 0.0001785205479452055, 'loss_simcse': 0.017578125, 'loss_crds': 0.01738911122083664, 'loss_total': 0.017752015963196754, 'avg_crds_neg_weight': 0.1474177986383438, 'avg_crds_reliability': 0.45340073108673096, 'avg_crds_semantic_similarity': 0.440979927778244, 'avg_crds_cf_distance': 0.09861006587743759, 'num_valid_crds_neg': 172.0, 'epoch': 1.17}
{'loss': 0.0185, 'grad_norm': 0.06494140625, 'learning_rate': 0.0001784109589041096, 'loss_simcse': 0.018310546875, 'loss_crds': 0.016217565163969994, 'loss_total': 0.018472721800208092, 'avg_crds_neg_weight': 0.13849245011806488, 'avg_crds_reliability': 0.4325159192085266, 'avg_crds_semantic_similarity': 0.45076093077659607, 'avg_crds_cf_distance': 0.1007751002907753, 'num_valid_crds_neg': 160.0, 'epoch': 1.17}
{'loss': 0.0216, 'grad_norm': 0.10009765625, 'learning_rate': 0.0001783013698630137, 'loss_simcse': 0.021484375, 'loss_crds': 0.016202673316001892, 'loss_total': 0.021646400913596153, 'avg_crds_neg_weight': 0.1398487687110901, 'avg_crds_reliability': 0.439520925283432, 'avg_crds_semantic_similarity': 0.4385448098182678, 'avg_crds_cf_distance': 0.102177694439888, 'num_valid_crds_neg': 160.0, 'epoch': 1.17}
{'loss': 0.0173, 'grad_norm': 0.060546875, 'learning_rate': 0.0001781917808219178, 'loss_simcse': 0.0172119140625, 'loss_crds': 0.012249535880982876, 'loss_total': 0.017334409058094025, 'avg_crds_neg_weight': 0.1389985829591751, 'avg_crds_reliability': 0.4393153786659241, 'avg_crds_semantic_similarity': 0.4109179675579071, 'avg_crds_cf_distance': 0.1050344929099083, 'num_valid_crds_neg': 198.0, 'epoch': 1.17}
{'loss': 0.0186, 'grad_norm': 0.06982421875, 'learning_rate': 0.00017808219178082192, 'loss_simcse': 0.0184326171875, 'loss_crds': 0.016022920608520508, 'loss_total': 0.018592845648527145, 'avg_crds_neg_weight': 0.14742301404476166, 'avg_crds_reliability': 0.46214619278907776, 'avg_crds_semantic_similarity': 0.44260647892951965, 'avg_crds_cf_distance': 0.10685697942972183, 'num_valid_crds_neg': 196.0, 'epoch': 1.18}
{'train_runtime': 962.958, 'train_samples_per_second': 564.594, 'train_steps_per_second': 2.207, 'train_loss': 0.017301914744079112, 'epoch': 1.18}
